{"efVersion":"0.11.6","efModuleName":["Data","Functor","Contravariant"],"efExports":[{"TypeClassRef":[{"start":[1,1],"name":"C:\\Users\\I344006\\purescript\\juspay_rotatecube\\bower_components\\purescript-contravariant\\src\\Data\\Functor\\Contravariant.purs","end":[26,36]},"Contravariant"]},{"ValueRef":[{"start":[1,1],"name":"C:\\Users\\I344006\\purescript\\juspay_rotatecube\\bower_components\\purescript-contravariant\\src\\Data\\Functor\\Contravariant.purs","end":[26,36]},{"Ident":"cmap"}]},{"ValueRef":[{"start":[1,1],"name":"C:\\Users\\I344006\\purescript\\juspay_rotatecube\\bower_components\\purescript-contravariant\\src\\Data\\Functor\\Contravariant.purs","end":[26,36]},{"Ident":"cmapFlipped"}]},{"ValueRef":[{"start":[1,1],"name":"C:\\Users\\I344006\\purescript\\juspay_rotatecube\\bower_components\\purescript-contravariant\\src\\Data\\Functor\\Contravariant.purs","end":[26,36]},{"Ident":"coerce"}]},{"ValueOpRef":[{"start":[1,1],"name":"C:\\Users\\I344006\\purescript\\juspay_rotatecube\\bower_components\\purescript-contravariant\\src\\Data\\Functor\\Contravariant.purs","end":[26,36]},">#<"]},{"ValueOpRef":[{"start":[1,1],"name":"C:\\Users\\I344006\\purescript\\juspay_rotatecube\\bower_components\\purescript-contravariant\\src\\Data\\Functor\\Contravariant.purs","end":[26,36]},">$<"]}],"efImports":[{"eiModule":["Prim"],"eiImportType":{"Implicit":[]},"eiImportedAs":null},{"eiModule":["Prim"],"eiImportType":{"Implicit":[]},"eiImportedAs":["Prim"]},{"eiModule":["Prelude"],"eiImportType":{"Implicit":[]},"eiImportedAs":null}],"efFixities":[{"efAssociativity":"infixl","efPrecedence":4,"efOperator":">$<","efAlias":[["Data","Functor","Contravariant"],{"Left":{"Ident":"cmap"}}]},{"efAssociativity":"infixl","efPrecedence":4,"efOperator":">#<","efAlias":[["Data","Functor","Contravariant"],{"Left":{"Ident":"cmapFlipped"}}]}],"efTypeFixities":[],"efDeclarations":[{"EDType":{"edTypeName":"Contravariant","edTypeKind":{"tag":"FunKind","contents":[{"tag":"FunKind","contents":[{"tag":"NamedKind","contents":[["Prim"],"Type"]},{"tag":"NamedKind","contents":[["Prim"],"Type"]}]},{"tag":"NamedKind","contents":[["Prim"],"Type"]}]},"edTypeDeclarationKind":"TypeSynonym"}},{"EDTypeSynonym":{"edTypeSynonymName":"Contravariant","edTypeSynonymArguments":[["f",null]],"edTypeSynonymType":{"tag":"TypeApp","contents":[{"tag":"TypeConstructor","contents":[["Prim"],"Record"]},{"tag":"RCons","contents":["cmap",{"tag":"ForAll","contents":["b",{"tag":"ForAll","contents":["a",{"tag":"TypeApp","contents":[{"tag":"TypeApp","contents":[{"tag":"TypeConstructor","contents":[["Prim"],"Function"]},{"tag":"TypeApp","contents":[{"tag":"TypeApp","contents":[{"tag":"TypeConstructor","contents":[["Prim"],"Function"]},{"tag":"TypeVar","contents":"b"}]},{"tag":"TypeVar","contents":"a"}]}]},{"tag":"TypeApp","contents":[{"tag":"TypeApp","contents":[{"tag":"TypeConstructor","contents":[["Prim"],"Function"]},{"tag":"TypeApp","contents":[{"tag":"TypeVar","contents":"f"},{"tag":"TypeVar","contents":"a"}]}]},{"tag":"TypeApp","contents":[{"tag":"TypeVar","contents":"f"},{"tag":"TypeVar","contents":"b"}]}]}]},null]},null]},{"tag":"REmpty"}]}]}}},{"EDClass":{"edClassName":"Contravariant","edClassTypeArguments":[["f",null]],"edClassMembers":[[{"Ident":"cmap"},{"tag":"ForAll","contents":["b",{"tag":"ForAll","contents":["a",{"tag":"TypeApp","contents":[{"tag":"TypeApp","contents":[{"tag":"TypeConstructor","contents":[["Prim"],"Function"]},{"tag":"TypeApp","contents":[{"tag":"TypeApp","contents":[{"tag":"TypeConstructor","contents":[["Prim"],"Function"]},{"tag":"TypeVar","contents":"b"}]},{"tag":"TypeVar","contents":"a"}]}]},{"tag":"TypeApp","contents":[{"tag":"TypeApp","contents":[{"tag":"TypeConstructor","contents":[["Prim"],"Function"]},{"tag":"TypeApp","contents":[{"tag":"TypeVar","contents":"f"},{"tag":"TypeVar","contents":"a"}]}]},{"tag":"TypeApp","contents":[{"tag":"TypeVar","contents":"f"},{"tag":"TypeVar","contents":"b"}]}]}]},null]},null]}]],"edClassConstraints":[],"edFunctionalDependencies":[]}},{"EDValue":{"edValueName":{"Ident":"cmap"},"edValueType":{"tag":"ForAll","contents":["f",{"tag":"ForAll","contents":["b",{"tag":"ForAll","contents":["a",{"tag":"ConstrainedType","contents":[{"constraintClass":[["Data","Functor","Contravariant"],"Contravariant"],"constraintArgs":[{"tag":"TypeVar","contents":"f"}],"constraintData":null},{"tag":"TypeApp","contents":[{"tag":"TypeApp","contents":[{"tag":"TypeConstructor","contents":[["Prim"],"Function"]},{"tag":"TypeApp","contents":[{"tag":"TypeApp","contents":[{"tag":"TypeConstructor","contents":[["Prim"],"Function"]},{"tag":"TypeVar","contents":"b"}]},{"tag":"TypeVar","contents":"a"}]}]},{"tag":"TypeApp","contents":[{"tag":"TypeApp","contents":[{"tag":"TypeConstructor","contents":[["Prim"],"Function"]},{"tag":"TypeApp","contents":[{"tag":"TypeVar","contents":"f"},{"tag":"TypeVar","contents":"a"}]}]},{"tag":"TypeApp","contents":[{"tag":"TypeVar","contents":"f"},{"tag":"TypeVar","contents":"b"}]}]}]}]},0]},1]},2]}}},{"EDValue":{"edValueName":{"Ident":"cmapFlipped"},"edValueType":{"tag":"ForAll","contents":["f",{"tag":"ForAll","contents":["b",{"tag":"ForAll","contents":["a",{"tag":"ConstrainedType","contents":[{"constraintClass":[["Data","Functor","Contravariant"],"Contravariant"],"constraintArgs":[{"tag":"TypeVar","contents":"f"}],"constraintData":null},{"tag":"TypeApp","contents":[{"tag":"TypeApp","contents":[{"tag":"TypeConstructor","contents":[["Prim"],"Function"]},{"tag":"TypeApp","contents":[{"tag":"TypeVar","contents":"f"},{"tag":"TypeVar","contents":"a"}]}]},{"tag":"TypeApp","contents":[{"tag":"TypeApp","contents":[{"tag":"TypeConstructor","contents":[["Prim"],"Function"]},{"tag":"TypeApp","contents":[{"tag":"TypeApp","contents":[{"tag":"TypeConstructor","contents":[["Prim"],"Function"]},{"tag":"TypeVar","contents":"b"}]},{"tag":"TypeVar","contents":"a"}]}]},{"tag":"TypeApp","contents":[{"tag":"TypeVar","contents":"f"},{"tag":"TypeVar","contents":"b"}]}]}]}]},3]},4]},5]}}},{"EDValue":{"edValueName":{"Ident":"coerce"},"edValueType":{"tag":"ForAll","contents":["b",{"tag":"ForAll","contents":["a",{"tag":"ForAll","contents":["f",{"tag":"ConstrainedType","contents":[{"constraintClass":[["Data","Functor","Contravariant"],"Contravariant"],"constraintArgs":[{"tag":"TypeVar","contents":"f"}],"constraintData":null},{"tag":"ConstrainedType","contents":[{"constraintClass":[["Data","Functor"],"Functor"],"constraintArgs":[{"tag":"TypeVar","contents":"f"}],"constraintData":null},{"tag":"TypeApp","contents":[{"tag":"TypeApp","contents":[{"tag":"TypeConstructor","contents":[["Prim"],"Function"]},{"tag":"TypeApp","contents":[{"tag":"TypeVar","contents":"f"},{"tag":"TypeVar","contents":"a"}]}]},{"tag":"TypeApp","contents":[{"tag":"TypeVar","contents":"f"},{"tag":"TypeVar","contents":"b"}]}]}]}]},9]},10]},11]}}}],"efSourceSpan":{"start":[1,1],"name":"C:\\Users\\I344006\\purescript\\juspay_rotatecube\\bower_components\\purescript-contravariant\\src\\Data\\Functor\\Contravariant.purs","end":[26,36]}}