{"efVersion":"0.11.6","efModuleName":["Data","Argonaut","Core"],"efExports":[{"TypeRef":[{"start":[1,1],"name":"C:\\Users\\I344006\\purescript\\juspay_rotatecube\\bower_components\\purescript-argonaut-core\\src\\Data\\Argonaut\\Core.purs","end":[263,69]},"JArray",[]]},{"TypeRef":[{"start":[1,1],"name":"C:\\Users\\I344006\\purescript\\juspay_rotatecube\\bower_components\\purescript-argonaut-core\\src\\Data\\Argonaut\\Core.purs","end":[263,69]},"JAssoc",[]]},{"TypeRef":[{"start":[1,1],"name":"C:\\Users\\I344006\\purescript\\juspay_rotatecube\\bower_components\\purescript-argonaut-core\\src\\Data\\Argonaut\\Core.purs","end":[263,69]},"JBoolean",[]]},{"TypeRef":[{"start":[1,1],"name":"C:\\Users\\I344006\\purescript\\juspay_rotatecube\\bower_components\\purescript-argonaut-core\\src\\Data\\Argonaut\\Core.purs","end":[263,69]},"JNull",[]]},{"TypeRef":[{"start":[1,1],"name":"C:\\Users\\I344006\\purescript\\juspay_rotatecube\\bower_components\\purescript-argonaut-core\\src\\Data\\Argonaut\\Core.purs","end":[263,69]},"JNumber",[]]},{"TypeRef":[{"start":[1,1],"name":"C:\\Users\\I344006\\purescript\\juspay_rotatecube\\bower_components\\purescript-argonaut-core\\src\\Data\\Argonaut\\Core.purs","end":[263,69]},"JObject",[]]},{"TypeRef":[{"start":[1,1],"name":"C:\\Users\\I344006\\purescript\\juspay_rotatecube\\bower_components\\purescript-argonaut-core\\src\\Data\\Argonaut\\Core.purs","end":[263,69]},"JString",[]]},{"TypeRef":[{"start":[1,1],"name":"C:\\Users\\I344006\\purescript\\juspay_rotatecube\\bower_components\\purescript-argonaut-core\\src\\Data\\Argonaut\\Core.purs","end":[263,69]},"Json",[]]},{"ValueRef":[{"start":[1,1],"name":"C:\\Users\\I344006\\purescript\\juspay_rotatecube\\bower_components\\purescript-argonaut-core\\src\\Data\\Argonaut\\Core.purs","end":[263,69]},{"Ident":"foldJson"}]},{"ValueRef":[{"start":[1,1],"name":"C:\\Users\\I344006\\purescript\\juspay_rotatecube\\bower_components\\purescript-argonaut-core\\src\\Data\\Argonaut\\Core.purs","end":[263,69]},{"Ident":"foldJsonArray"}]},{"ValueRef":[{"start":[1,1],"name":"C:\\Users\\I344006\\purescript\\juspay_rotatecube\\bower_components\\purescript-argonaut-core\\src\\Data\\Argonaut\\Core.purs","end":[263,69]},{"Ident":"foldJsonBoolean"}]},{"ValueRef":[{"start":[1,1],"name":"C:\\Users\\I344006\\purescript\\juspay_rotatecube\\bower_components\\purescript-argonaut-core\\src\\Data\\Argonaut\\Core.purs","end":[263,69]},{"Ident":"foldJsonNull"}]},{"ValueRef":[{"start":[1,1],"name":"C:\\Users\\I344006\\purescript\\juspay_rotatecube\\bower_components\\purescript-argonaut-core\\src\\Data\\Argonaut\\Core.purs","end":[263,69]},{"Ident":"foldJsonNumber"}]},{"ValueRef":[{"start":[1,1],"name":"C:\\Users\\I344006\\purescript\\juspay_rotatecube\\bower_components\\purescript-argonaut-core\\src\\Data\\Argonaut\\Core.purs","end":[263,69]},{"Ident":"foldJsonObject"}]},{"ValueRef":[{"start":[1,1],"name":"C:\\Users\\I344006\\purescript\\juspay_rotatecube\\bower_components\\purescript-argonaut-core\\src\\Data\\Argonaut\\Core.purs","end":[263,69]},{"Ident":"foldJsonString"}]},{"ValueRef":[{"start":[1,1],"name":"C:\\Users\\I344006\\purescript\\juspay_rotatecube\\bower_components\\purescript-argonaut-core\\src\\Data\\Argonaut\\Core.purs","end":[263,69]},{"Ident":"fromArray"}]},{"ValueRef":[{"start":[1,1],"name":"C:\\Users\\I344006\\purescript\\juspay_rotatecube\\bower_components\\purescript-argonaut-core\\src\\Data\\Argonaut\\Core.purs","end":[263,69]},{"Ident":"fromBoolean"}]},{"ValueRef":[{"start":[1,1],"name":"C:\\Users\\I344006\\purescript\\juspay_rotatecube\\bower_components\\purescript-argonaut-core\\src\\Data\\Argonaut\\Core.purs","end":[263,69]},{"Ident":"fromNull"}]},{"ValueRef":[{"start":[1,1],"name":"C:\\Users\\I344006\\purescript\\juspay_rotatecube\\bower_components\\purescript-argonaut-core\\src\\Data\\Argonaut\\Core.purs","end":[263,69]},{"Ident":"fromNumber"}]},{"ValueRef":[{"start":[1,1],"name":"C:\\Users\\I344006\\purescript\\juspay_rotatecube\\bower_components\\purescript-argonaut-core\\src\\Data\\Argonaut\\Core.purs","end":[263,69]},{"Ident":"fromObject"}]},{"ValueRef":[{"start":[1,1],"name":"C:\\Users\\I344006\\purescript\\juspay_rotatecube\\bower_components\\purescript-argonaut-core\\src\\Data\\Argonaut\\Core.purs","end":[263,69]},{"Ident":"fromString"}]},{"ValueRef":[{"start":[1,1],"name":"C:\\Users\\I344006\\purescript\\juspay_rotatecube\\bower_components\\purescript-argonaut-core\\src\\Data\\Argonaut\\Core.purs","end":[263,69]},{"Ident":"isArray"}]},{"ValueRef":[{"start":[1,1],"name":"C:\\Users\\I344006\\purescript\\juspay_rotatecube\\bower_components\\purescript-argonaut-core\\src\\Data\\Argonaut\\Core.purs","end":[263,69]},{"Ident":"isBoolean"}]},{"ValueRef":[{"start":[1,1],"name":"C:\\Users\\I344006\\purescript\\juspay_rotatecube\\bower_components\\purescript-argonaut-core\\src\\Data\\Argonaut\\Core.purs","end":[263,69]},{"Ident":"isNull"}]},{"ValueRef":[{"start":[1,1],"name":"C:\\Users\\I344006\\purescript\\juspay_rotatecube\\bower_components\\purescript-argonaut-core\\src\\Data\\Argonaut\\Core.purs","end":[263,69]},{"Ident":"isNumber"}]},{"ValueRef":[{"start":[1,1],"name":"C:\\Users\\I344006\\purescript\\juspay_rotatecube\\bower_components\\purescript-argonaut-core\\src\\Data\\Argonaut\\Core.purs","end":[263,69]},{"Ident":"isObject"}]},{"ValueRef":[{"start":[1,1],"name":"C:\\Users\\I344006\\purescript\\juspay_rotatecube\\bower_components\\purescript-argonaut-core\\src\\Data\\Argonaut\\Core.purs","end":[263,69]},{"Ident":"isString"}]},{"ValueRef":[{"start":[1,1],"name":"C:\\Users\\I344006\\purescript\\juspay_rotatecube\\bower_components\\purescript-argonaut-core\\src\\Data\\Argonaut\\Core.purs","end":[263,69]},{"Ident":"jNull"}]},{"ValueRef":[{"start":[1,1],"name":"C:\\Users\\I344006\\purescript\\juspay_rotatecube\\bower_components\\purescript-argonaut-core\\src\\Data\\Argonaut\\Core.purs","end":[263,69]},{"Ident":"jsonEmptyArray"}]},{"ValueRef":[{"start":[1,1],"name":"C:\\Users\\I344006\\purescript\\juspay_rotatecube\\bower_components\\purescript-argonaut-core\\src\\Data\\Argonaut\\Core.purs","end":[263,69]},{"Ident":"jsonEmptyObject"}]},{"ValueRef":[{"start":[1,1],"name":"C:\\Users\\I344006\\purescript\\juspay_rotatecube\\bower_components\\purescript-argonaut-core\\src\\Data\\Argonaut\\Core.purs","end":[263,69]},{"Ident":"jsonEmptyString"}]},{"ValueRef":[{"start":[1,1],"name":"C:\\Users\\I344006\\purescript\\juspay_rotatecube\\bower_components\\purescript-argonaut-core\\src\\Data\\Argonaut\\Core.purs","end":[263,69]},{"Ident":"jsonFalse"}]},{"ValueRef":[{"start":[1,1],"name":"C:\\Users\\I344006\\purescript\\juspay_rotatecube\\bower_components\\purescript-argonaut-core\\src\\Data\\Argonaut\\Core.purs","end":[263,69]},{"Ident":"jsonNull"}]},{"ValueRef":[{"start":[1,1],"name":"C:\\Users\\I344006\\purescript\\juspay_rotatecube\\bower_components\\purescript-argonaut-core\\src\\Data\\Argonaut\\Core.purs","end":[263,69]},{"Ident":"jsonSingletonArray"}]},{"ValueRef":[{"start":[1,1],"name":"C:\\Users\\I344006\\purescript\\juspay_rotatecube\\bower_components\\purescript-argonaut-core\\src\\Data\\Argonaut\\Core.purs","end":[263,69]},{"Ident":"jsonSingletonObject"}]},{"ValueRef":[{"start":[1,1],"name":"C:\\Users\\I344006\\purescript\\juspay_rotatecube\\bower_components\\purescript-argonaut-core\\src\\Data\\Argonaut\\Core.purs","end":[263,69]},{"Ident":"jsonTrue"}]},{"ValueRef":[{"start":[1,1],"name":"C:\\Users\\I344006\\purescript\\juspay_rotatecube\\bower_components\\purescript-argonaut-core\\src\\Data\\Argonaut\\Core.purs","end":[263,69]},{"Ident":"jsonZero"}]},{"ValueRef":[{"start":[1,1],"name":"C:\\Users\\I344006\\purescript\\juspay_rotatecube\\bower_components\\purescript-argonaut-core\\src\\Data\\Argonaut\\Core.purs","end":[263,69]},{"Ident":"stringify"}]},{"ValueRef":[{"start":[1,1],"name":"C:\\Users\\I344006\\purescript\\juspay_rotatecube\\bower_components\\purescript-argonaut-core\\src\\Data\\Argonaut\\Core.purs","end":[263,69]},{"Ident":"toArray"}]},{"ValueRef":[{"start":[1,1],"name":"C:\\Users\\I344006\\purescript\\juspay_rotatecube\\bower_components\\purescript-argonaut-core\\src\\Data\\Argonaut\\Core.purs","end":[263,69]},{"Ident":"toBoolean"}]},{"ValueRef":[{"start":[1,1],"name":"C:\\Users\\I344006\\purescript\\juspay_rotatecube\\bower_components\\purescript-argonaut-core\\src\\Data\\Argonaut\\Core.purs","end":[263,69]},{"Ident":"toNull"}]},{"ValueRef":[{"start":[1,1],"name":"C:\\Users\\I344006\\purescript\\juspay_rotatecube\\bower_components\\purescript-argonaut-core\\src\\Data\\Argonaut\\Core.purs","end":[263,69]},{"Ident":"toNumber"}]},{"ValueRef":[{"start":[1,1],"name":"C:\\Users\\I344006\\purescript\\juspay_rotatecube\\bower_components\\purescript-argonaut-core\\src\\Data\\Argonaut\\Core.purs","end":[263,69]},{"Ident":"toObject"}]},{"ValueRef":[{"start":[1,1],"name":"C:\\Users\\I344006\\purescript\\juspay_rotatecube\\bower_components\\purescript-argonaut-core\\src\\Data\\Argonaut\\Core.purs","end":[263,69]},{"Ident":"toString"}]},{"TypeInstanceRef":[{"start":[0,0],"name":"<generated>","end":[0,0]},{"Ident":"eqJNull"}]},{"TypeInstanceRef":[{"start":[0,0],"name":"<generated>","end":[0,0]},{"Ident":"ordJNull"}]},{"TypeInstanceRef":[{"start":[0,0],"name":"<generated>","end":[0,0]},{"Ident":"showJNull"}]},{"TypeInstanceRef":[{"start":[0,0],"name":"<generated>","end":[0,0]},{"Ident":"eqJson"}]},{"TypeInstanceRef":[{"start":[0,0],"name":"<generated>","end":[0,0]},{"Ident":"ordJson"}]},{"TypeInstanceRef":[{"start":[0,0],"name":"<generated>","end":[0,0]},{"Ident":"showJson"}]}],"efImports":[{"eiModule":["Prim"],"eiImportType":{"Implicit":[]},"eiImportedAs":null},{"eiModule":["Prim"],"eiImportType":{"Implicit":[]},"eiImportedAs":["Prim"]},{"eiModule":["Prelude"],"eiImportType":{"Implicit":[]},"eiImportedAs":null},{"eiModule":["Data","Function","Uncurried"],"eiImportType":{"Explicit":[{"TypeRef":[{"start":[53,33],"name":"C:\\Users\\I344006\\purescript\\juspay_rotatecube\\bower_components\\purescript-argonaut-core\\src\\Data\\Argonaut\\Core.purs","end":[53,36]},"Fn5",[]]},{"ValueRef":[{"start":[53,38],"name":"C:\\Users\\I344006\\purescript\\juspay_rotatecube\\bower_components\\purescript-argonaut-core\\src\\Data\\Argonaut\\Core.purs","end":[53,44]},{"Ident":"runFn5"}]},{"TypeRef":[{"start":[53,46],"name":"C:\\Users\\I344006\\purescript\\juspay_rotatecube\\bower_components\\purescript-argonaut-core\\src\\Data\\Argonaut\\Core.purs","end":[53,49]},"Fn7",[]]},{"ValueRef":[{"start":[53,51],"name":"C:\\Users\\I344006\\purescript\\juspay_rotatecube\\bower_components\\purescript-argonaut-core\\src\\Data\\Argonaut\\Core.purs","end":[53,57]},{"Ident":"runFn7"}]}]},"eiImportedAs":null},{"eiModule":["Data","Maybe"],"eiImportType":{"Explicit":[{"TypeRef":[{"start":[54,20],"name":"C:\\Users\\I344006\\purescript\\juspay_rotatecube\\bower_components\\purescript-argonaut-core\\src\\Data\\Argonaut\\Core.purs","end":[54,29]},"Maybe",null]}]},"eiImportedAs":null},{"eiModule":["Data","StrMap"],"eiImportType":{"Implicit":[]},"eiImportedAs":["M"]},{"eiModule":["Data","Tuple"],"eiImportType":{"Explicit":[{"TypeRef":[{"start":[56,20],"name":"C:\\Users\\I344006\\purescript\\juspay_rotatecube\\bower_components\\purescript-argonaut-core\\src\\Data\\Argonaut\\Core.purs","end":[56,25]},"Tuple",[]]}]},"eiImportedAs":null},{"eiModule":["Unsafe","Coerce"],"eiImportType":{"Explicit":[{"ValueRef":[{"start":[58,23],"name":"C:\\Users\\I344006\\purescript\\juspay_rotatecube\\bower_components\\purescript-argonaut-core\\src\\Data\\Argonaut\\Core.purs","end":[58,35]},{"Ident":"unsafeCoerce"}]}]},"eiImportedAs":null}],"efFixities":[],"efTypeFixities":[],"efDeclarations":[{"EDType":{"edTypeName":"JArray","edTypeKind":{"tag":"NamedKind","contents":[["Prim"],"Type"]},"edTypeDeclarationKind":"TypeSynonym"}},{"EDTypeSynonym":{"edTypeSynonymName":"JArray","edTypeSynonymArguments":[],"edTypeSynonymType":{"tag":"TypeApp","contents":[{"tag":"TypeConstructor","contents":[["Prim"],"Array"]},{"tag":"TypeConstructor","contents":[["Data","Argonaut","Core"],"Json"]}]}}},{"EDType":{"edTypeName":"JAssoc","edTypeKind":{"tag":"NamedKind","contents":[["Prim"],"Type"]},"edTypeDeclarationKind":"TypeSynonym"}},{"EDTypeSynonym":{"edTypeSynonymName":"JAssoc","edTypeSynonymArguments":[],"edTypeSynonymType":{"tag":"TypeApp","contents":[{"tag":"TypeApp","contents":[{"tag":"TypeConstructor","contents":[["Data","Tuple"],"Tuple"]},{"tag":"TypeConstructor","contents":[["Prim"],"String"]}]},{"tag":"TypeConstructor","contents":[["Data","Argonaut","Core"],"Json"]}]}}},{"EDType":{"edTypeName":"JBoolean","edTypeKind":{"tag":"NamedKind","contents":[["Prim"],"Type"]},"edTypeDeclarationKind":"TypeSynonym"}},{"EDTypeSynonym":{"edTypeSynonymName":"JBoolean","edTypeSynonymArguments":[],"edTypeSynonymType":{"tag":"TypeConstructor","contents":[["Prim"],"Boolean"]}}},{"EDType":{"edTypeName":"JNull","edTypeKind":{"tag":"NamedKind","contents":[["Prim"],"Type"]},"edTypeDeclarationKind":"ExternData"}},{"EDType":{"edTypeName":"JNumber","edTypeKind":{"tag":"NamedKind","contents":[["Prim"],"Type"]},"edTypeDeclarationKind":"TypeSynonym"}},{"EDTypeSynonym":{"edTypeSynonymName":"JNumber","edTypeSynonymArguments":[],"edTypeSynonymType":{"tag":"TypeConstructor","contents":[["Prim"],"Number"]}}},{"EDType":{"edTypeName":"JObject","edTypeKind":{"tag":"NamedKind","contents":[["Prim"],"Type"]},"edTypeDeclarationKind":"TypeSynonym"}},{"EDTypeSynonym":{"edTypeSynonymName":"JObject","edTypeSynonymArguments":[],"edTypeSynonymType":{"tag":"TypeApp","contents":[{"tag":"TypeConstructor","contents":[["Data","StrMap"],"StrMap"]},{"tag":"TypeConstructor","contents":[["Data","Argonaut","Core"],"Json"]}]}}},{"EDType":{"edTypeName":"JString","edTypeKind":{"tag":"NamedKind","contents":[["Prim"],"Type"]},"edTypeDeclarationKind":"TypeSynonym"}},{"EDTypeSynonym":{"edTypeSynonymName":"JString","edTypeSynonymArguments":[],"edTypeSynonymType":{"tag":"TypeConstructor","contents":[["Prim"],"String"]}}},{"EDType":{"edTypeName":"Json","edTypeKind":{"tag":"NamedKind","contents":[["Prim"],"Type"]},"edTypeDeclarationKind":"ExternData"}},{"EDValue":{"edValueName":{"Ident":"foldJson"},"edValueType":{"tag":"ForAll","contents":["a",{"tag":"TypeApp","contents":[{"tag":"TypeApp","contents":[{"tag":"TypeConstructor","contents":[["Prim"],"Function"]},{"tag":"TypeApp","contents":[{"tag":"TypeApp","contents":[{"tag":"TypeConstructor","contents":[["Prim"],"Function"]},{"tag":"TypeConstructor","contents":[["Data","Argonaut","Core"],"JNull"]}]},{"tag":"TypeVar","contents":"a"}]}]},{"tag":"TypeApp","contents":[{"tag":"TypeApp","contents":[{"tag":"TypeConstructor","contents":[["Prim"],"Function"]},{"tag":"TypeApp","contents":[{"tag":"TypeApp","contents":[{"tag":"TypeConstructor","contents":[["Prim"],"Function"]},{"tag":"TypeConstructor","contents":[["Prim"],"Boolean"]}]},{"tag":"TypeVar","contents":"a"}]}]},{"tag":"TypeApp","contents":[{"tag":"TypeApp","contents":[{"tag":"TypeConstructor","contents":[["Prim"],"Function"]},{"tag":"TypeApp","contents":[{"tag":"TypeApp","contents":[{"tag":"TypeConstructor","contents":[["Prim"],"Function"]},{"tag":"TypeConstructor","contents":[["Prim"],"Number"]}]},{"tag":"TypeVar","contents":"a"}]}]},{"tag":"TypeApp","contents":[{"tag":"TypeApp","contents":[{"tag":"TypeConstructor","contents":[["Prim"],"Function"]},{"tag":"TypeApp","contents":[{"tag":"TypeApp","contents":[{"tag":"TypeConstructor","contents":[["Prim"],"Function"]},{"tag":"TypeConstructor","contents":[["Prim"],"String"]}]},{"tag":"TypeVar","contents":"a"}]}]},{"tag":"TypeApp","contents":[{"tag":"TypeApp","contents":[{"tag":"TypeConstructor","contents":[["Prim"],"Function"]},{"tag":"TypeApp","contents":[{"tag":"TypeApp","contents":[{"tag":"TypeConstructor","contents":[["Prim"],"Function"]},{"tag":"TypeApp","contents":[{"tag":"TypeConstructor","contents":[["Prim"],"Array"]},{"tag":"TypeConstructor","contents":[["Data","Argonaut","Core"],"Json"]}]}]},{"tag":"TypeVar","contents":"a"}]}]},{"tag":"TypeApp","contents":[{"tag":"TypeApp","contents":[{"tag":"TypeConstructor","contents":[["Prim"],"Function"]},{"tag":"TypeApp","contents":[{"tag":"TypeApp","contents":[{"tag":"TypeConstructor","contents":[["Prim"],"Function"]},{"tag":"TypeApp","contents":[{"tag":"TypeConstructor","contents":[["Data","StrMap"],"StrMap"]},{"tag":"TypeConstructor","contents":[["Data","Argonaut","Core"],"Json"]}]}]},{"tag":"TypeVar","contents":"a"}]}]},{"tag":"TypeApp","contents":[{"tag":"TypeApp","contents":[{"tag":"TypeConstructor","contents":[["Prim"],"Function"]},{"tag":"TypeConstructor","contents":[["Data","Argonaut","Core"],"Json"]}]},{"tag":"TypeVar","contents":"a"}]}]}]}]}]}]}]},84]}}},{"EDValue":{"edValueName":{"Ident":"foldJsonArray"},"edValueType":{"tag":"ForAll","contents":["a",{"tag":"TypeApp","contents":[{"tag":"TypeApp","contents":[{"tag":"TypeConstructor","contents":[["Prim"],"Function"]},{"tag":"TypeVar","contents":"a"}]},{"tag":"TypeApp","contents":[{"tag":"TypeApp","contents":[{"tag":"TypeConstructor","contents":[["Prim"],"Function"]},{"tag":"TypeApp","contents":[{"tag":"TypeApp","contents":[{"tag":"TypeConstructor","contents":[["Prim"],"Function"]},{"tag":"TypeApp","contents":[{"tag":"TypeConstructor","contents":[["Prim"],"Array"]},{"tag":"TypeConstructor","contents":[["Data","Argonaut","Core"],"Json"]}]}]},{"tag":"TypeVar","contents":"a"}]}]},{"tag":"TypeApp","contents":[{"tag":"TypeApp","contents":[{"tag":"TypeConstructor","contents":[["Prim"],"Function"]},{"tag":"TypeConstructor","contents":[["Data","Argonaut","Core"],"Json"]}]},{"tag":"TypeVar","contents":"a"}]}]}]},73]}}},{"EDValue":{"edValueName":{"Ident":"foldJsonBoolean"},"edValueType":{"tag":"ForAll","contents":["a",{"tag":"TypeApp","contents":[{"tag":"TypeApp","contents":[{"tag":"TypeConstructor","contents":[["Prim"],"Function"]},{"tag":"TypeVar","contents":"a"}]},{"tag":"TypeApp","contents":[{"tag":"TypeApp","contents":[{"tag":"TypeConstructor","contents":[["Prim"],"Function"]},{"tag":"TypeApp","contents":[{"tag":"TypeApp","contents":[{"tag":"TypeConstructor","contents":[["Prim"],"Function"]},{"tag":"TypeConstructor","contents":[["Prim"],"Boolean"]}]},{"tag":"TypeVar","contents":"a"}]}]},{"tag":"TypeApp","contents":[{"tag":"TypeApp","contents":[{"tag":"TypeConstructor","contents":[["Prim"],"Function"]},{"tag":"TypeConstructor","contents":[["Data","Argonaut","Core"],"Json"]}]},{"tag":"TypeVar","contents":"a"}]}]}]},62]}}},{"EDValue":{"edValueName":{"Ident":"foldJsonNull"},"edValueType":{"tag":"ForAll","contents":["a",{"tag":"TypeApp","contents":[{"tag":"TypeApp","contents":[{"tag":"TypeConstructor","contents":[["Prim"],"Function"]},{"tag":"TypeVar","contents":"a"}]},{"tag":"TypeApp","contents":[{"tag":"TypeApp","contents":[{"tag":"TypeConstructor","contents":[["Prim"],"Function"]},{"tag":"TypeApp","contents":[{"tag":"TypeApp","contents":[{"tag":"TypeConstructor","contents":[["Prim"],"Function"]},{"tag":"TypeConstructor","contents":[["Data","Argonaut","Core"],"JNull"]}]},{"tag":"TypeVar","contents":"a"}]}]},{"tag":"TypeApp","contents":[{"tag":"TypeApp","contents":[{"tag":"TypeConstructor","contents":[["Prim"],"Function"]},{"tag":"TypeConstructor","contents":[["Data","Argonaut","Core"],"Json"]}]},{"tag":"TypeVar","contents":"a"}]}]}]},51]}}},{"EDValue":{"edValueName":{"Ident":"foldJsonNumber"},"edValueType":{"tag":"ForAll","contents":["a",{"tag":"TypeApp","contents":[{"tag":"TypeApp","contents":[{"tag":"TypeConstructor","contents":[["Prim"],"Function"]},{"tag":"TypeVar","contents":"a"}]},{"tag":"TypeApp","contents":[{"tag":"TypeApp","contents":[{"tag":"TypeConstructor","contents":[["Prim"],"Function"]},{"tag":"TypeApp","contents":[{"tag":"TypeApp","contents":[{"tag":"TypeConstructor","contents":[["Prim"],"Function"]},{"tag":"TypeConstructor","contents":[["Prim"],"Number"]}]},{"tag":"TypeVar","contents":"a"}]}]},{"tag":"TypeApp","contents":[{"tag":"TypeApp","contents":[{"tag":"TypeConstructor","contents":[["Prim"],"Function"]},{"tag":"TypeConstructor","contents":[["Data","Argonaut","Core"],"Json"]}]},{"tag":"TypeVar","contents":"a"}]}]}]},40]}}},{"EDValue":{"edValueName":{"Ident":"foldJsonObject"},"edValueType":{"tag":"ForAll","contents":["a",{"tag":"TypeApp","contents":[{"tag":"TypeApp","contents":[{"tag":"TypeConstructor","contents":[["Prim"],"Function"]},{"tag":"TypeVar","contents":"a"}]},{"tag":"TypeApp","contents":[{"tag":"TypeApp","contents":[{"tag":"TypeConstructor","contents":[["Prim"],"Function"]},{"tag":"TypeApp","contents":[{"tag":"TypeApp","contents":[{"tag":"TypeConstructor","contents":[["Prim"],"Function"]},{"tag":"TypeApp","contents":[{"tag":"TypeConstructor","contents":[["Data","StrMap"],"StrMap"]},{"tag":"TypeConstructor","contents":[["Data","Argonaut","Core"],"Json"]}]}]},{"tag":"TypeVar","contents":"a"}]}]},{"tag":"TypeApp","contents":[{"tag":"TypeApp","contents":[{"tag":"TypeConstructor","contents":[["Prim"],"Function"]},{"tag":"TypeConstructor","contents":[["Data","Argonaut","Core"],"Json"]}]},{"tag":"TypeVar","contents":"a"}]}]}]},29]}}},{"EDValue":{"edValueName":{"Ident":"foldJsonString"},"edValueType":{"tag":"ForAll","contents":["a",{"tag":"TypeApp","contents":[{"tag":"TypeApp","contents":[{"tag":"TypeConstructor","contents":[["Prim"],"Function"]},{"tag":"TypeVar","contents":"a"}]},{"tag":"TypeApp","contents":[{"tag":"TypeApp","contents":[{"tag":"TypeConstructor","contents":[["Prim"],"Function"]},{"tag":"TypeApp","contents":[{"tag":"TypeApp","contents":[{"tag":"TypeConstructor","contents":[["Prim"],"Function"]},{"tag":"TypeConstructor","contents":[["Prim"],"String"]}]},{"tag":"TypeVar","contents":"a"}]}]},{"tag":"TypeApp","contents":[{"tag":"TypeApp","contents":[{"tag":"TypeConstructor","contents":[["Prim"],"Function"]},{"tag":"TypeConstructor","contents":[["Data","Argonaut","Core"],"Json"]}]},{"tag":"TypeVar","contents":"a"}]}]}]},18]}}},{"EDValue":{"edValueName":{"Ident":"fromArray"},"edValueType":{"tag":"TypeApp","contents":[{"tag":"TypeApp","contents":[{"tag":"TypeConstructor","contents":[["Prim"],"Function"]},{"tag":"TypeConstructor","contents":[["Data","Argonaut","Core"],"JArray"]}]},{"tag":"TypeConstructor","contents":[["Data","Argonaut","Core"],"Json"]}]}}},{"EDValue":{"edValueName":{"Ident":"fromBoolean"},"edValueType":{"tag":"TypeApp","contents":[{"tag":"TypeApp","contents":[{"tag":"TypeConstructor","contents":[["Prim"],"Function"]},{"tag":"TypeConstructor","contents":[["Data","Argonaut","Core"],"JBoolean"]}]},{"tag":"TypeConstructor","contents":[["Data","Argonaut","Core"],"Json"]}]}}},{"EDValue":{"edValueName":{"Ident":"fromNull"},"edValueType":{"tag":"TypeApp","contents":[{"tag":"TypeApp","contents":[{"tag":"TypeConstructor","contents":[["Prim"],"Function"]},{"tag":"TypeConstructor","contents":[["Data","Argonaut","Core"],"JNull"]}]},{"tag":"TypeConstructor","contents":[["Data","Argonaut","Core"],"Json"]}]}}},{"EDValue":{"edValueName":{"Ident":"fromNumber"},"edValueType":{"tag":"TypeApp","contents":[{"tag":"TypeApp","contents":[{"tag":"TypeConstructor","contents":[["Prim"],"Function"]},{"tag":"TypeConstructor","contents":[["Data","Argonaut","Core"],"JNumber"]}]},{"tag":"TypeConstructor","contents":[["Data","Argonaut","Core"],"Json"]}]}}},{"EDValue":{"edValueName":{"Ident":"fromObject"},"edValueType":{"tag":"TypeApp","contents":[{"tag":"TypeApp","contents":[{"tag":"TypeConstructor","contents":[["Prim"],"Function"]},{"tag":"TypeConstructor","contents":[["Data","Argonaut","Core"],"JObject"]}]},{"tag":"TypeConstructor","contents":[["Data","Argonaut","Core"],"Json"]}]}}},{"EDValue":{"edValueName":{"Ident":"fromString"},"edValueType":{"tag":"TypeApp","contents":[{"tag":"TypeApp","contents":[{"tag":"TypeConstructor","contents":[["Prim"],"Function"]},{"tag":"TypeConstructor","contents":[["Data","Argonaut","Core"],"JString"]}]},{"tag":"TypeConstructor","contents":[["Data","Argonaut","Core"],"Json"]}]}}},{"EDValue":{"edValueName":{"Ident":"isArray"},"edValueType":{"tag":"TypeApp","contents":[{"tag":"TypeApp","contents":[{"tag":"TypeConstructor","contents":[["Prim"],"Function"]},{"tag":"TypeConstructor","contents":[["Data","Argonaut","Core"],"Json"]}]},{"tag":"TypeConstructor","contents":[["Prim"],"Boolean"]}]}}},{"EDValue":{"edValueName":{"Ident":"isBoolean"},"edValueType":{"tag":"TypeApp","contents":[{"tag":"TypeApp","contents":[{"tag":"TypeConstructor","contents":[["Prim"],"Function"]},{"tag":"TypeConstructor","contents":[["Data","Argonaut","Core"],"Json"]}]},{"tag":"TypeConstructor","contents":[["Prim"],"Boolean"]}]}}},{"EDValue":{"edValueName":{"Ident":"isNull"},"edValueType":{"tag":"TypeApp","contents":[{"tag":"TypeApp","contents":[{"tag":"TypeConstructor","contents":[["Prim"],"Function"]},{"tag":"TypeConstructor","contents":[["Data","Argonaut","Core"],"Json"]}]},{"tag":"TypeConstructor","contents":[["Prim"],"Boolean"]}]}}},{"EDValue":{"edValueName":{"Ident":"isNumber"},"edValueType":{"tag":"TypeApp","contents":[{"tag":"TypeApp","contents":[{"tag":"TypeConstructor","contents":[["Prim"],"Function"]},{"tag":"TypeConstructor","contents":[["Data","Argonaut","Core"],"Json"]}]},{"tag":"TypeConstructor","contents":[["Prim"],"Boolean"]}]}}},{"EDValue":{"edValueName":{"Ident":"isObject"},"edValueType":{"tag":"TypeApp","contents":[{"tag":"TypeApp","contents":[{"tag":"TypeConstructor","contents":[["Prim"],"Function"]},{"tag":"TypeConstructor","contents":[["Data","Argonaut","Core"],"Json"]}]},{"tag":"TypeConstructor","contents":[["Prim"],"Boolean"]}]}}},{"EDValue":{"edValueName":{"Ident":"isString"},"edValueType":{"tag":"TypeApp","contents":[{"tag":"TypeApp","contents":[{"tag":"TypeConstructor","contents":[["Prim"],"Function"]},{"tag":"TypeConstructor","contents":[["Data","Argonaut","Core"],"Json"]}]},{"tag":"TypeConstructor","contents":[["Prim"],"Boolean"]}]}}},{"EDValue":{"edValueName":{"Ident":"jNull"},"edValueType":{"tag":"TypeConstructor","contents":[["Data","Argonaut","Core"],"JNull"]}}},{"EDValue":{"edValueName":{"Ident":"jsonEmptyArray"},"edValueType":{"tag":"TypeConstructor","contents":[["Data","Argonaut","Core"],"Json"]}}},{"EDValue":{"edValueName":{"Ident":"jsonEmptyObject"},"edValueType":{"tag":"TypeConstructor","contents":[["Data","Argonaut","Core"],"Json"]}}},{"EDValue":{"edValueName":{"Ident":"jsonEmptyString"},"edValueType":{"tag":"TypeConstructor","contents":[["Data","Argonaut","Core"],"Json"]}}},{"EDValue":{"edValueName":{"Ident":"jsonFalse"},"edValueType":{"tag":"TypeConstructor","contents":[["Data","Argonaut","Core"],"Json"]}}},{"EDValue":{"edValueName":{"Ident":"jsonNull"},"edValueType":{"tag":"TypeConstructor","contents":[["Data","Argonaut","Core"],"Json"]}}},{"EDValue":{"edValueName":{"Ident":"jsonSingletonArray"},"edValueType":{"tag":"TypeApp","contents":[{"tag":"TypeApp","contents":[{"tag":"TypeConstructor","contents":[["Prim"],"Function"]},{"tag":"TypeConstructor","contents":[["Data","Argonaut","Core"],"Json"]}]},{"tag":"TypeConstructor","contents":[["Data","Argonaut","Core"],"Json"]}]}}},{"EDValue":{"edValueName":{"Ident":"jsonSingletonObject"},"edValueType":{"tag":"TypeApp","contents":[{"tag":"TypeApp","contents":[{"tag":"TypeConstructor","contents":[["Prim"],"Function"]},{"tag":"TypeConstructor","contents":[["Prim"],"String"]}]},{"tag":"TypeApp","contents":[{"tag":"TypeApp","contents":[{"tag":"TypeConstructor","contents":[["Prim"],"Function"]},{"tag":"TypeConstructor","contents":[["Data","Argonaut","Core"],"Json"]}]},{"tag":"TypeConstructor","contents":[["Data","Argonaut","Core"],"Json"]}]}]}}},{"EDValue":{"edValueName":{"Ident":"jsonTrue"},"edValueType":{"tag":"TypeConstructor","contents":[["Data","Argonaut","Core"],"Json"]}}},{"EDValue":{"edValueName":{"Ident":"jsonZero"},"edValueType":{"tag":"TypeConstructor","contents":[["Data","Argonaut","Core"],"Json"]}}},{"EDValue":{"edValueName":{"Ident":"stringify"},"edValueType":{"tag":"TypeApp","contents":[{"tag":"TypeApp","contents":[{"tag":"TypeConstructor","contents":[["Prim"],"Function"]},{"tag":"TypeConstructor","contents":[["Data","Argonaut","Core"],"Json"]}]},{"tag":"TypeConstructor","contents":[["Prim"],"String"]}]}}},{"EDValue":{"edValueName":{"Ident":"toArray"},"edValueType":{"tag":"TypeApp","contents":[{"tag":"TypeApp","contents":[{"tag":"TypeConstructor","contents":[["Prim"],"Function"]},{"tag":"TypeConstructor","contents":[["Data","Argonaut","Core"],"Json"]}]},{"tag":"TypeApp","contents":[{"tag":"TypeConstructor","contents":[["Data","Maybe"],"Maybe"]},{"tag":"TypeApp","contents":[{"tag":"TypeConstructor","contents":[["Prim"],"Array"]},{"tag":"TypeConstructor","contents":[["Data","Argonaut","Core"],"Json"]}]}]}]}}},{"EDValue":{"edValueName":{"Ident":"toBoolean"},"edValueType":{"tag":"TypeApp","contents":[{"tag":"TypeApp","contents":[{"tag":"TypeConstructor","contents":[["Prim"],"Function"]},{"tag":"TypeConstructor","contents":[["Data","Argonaut","Core"],"Json"]}]},{"tag":"TypeApp","contents":[{"tag":"TypeConstructor","contents":[["Data","Maybe"],"Maybe"]},{"tag":"TypeConstructor","contents":[["Prim"],"Boolean"]}]}]}}},{"EDValue":{"edValueName":{"Ident":"toNull"},"edValueType":{"tag":"TypeApp","contents":[{"tag":"TypeApp","contents":[{"tag":"TypeConstructor","contents":[["Prim"],"Function"]},{"tag":"TypeConstructor","contents":[["Data","Argonaut","Core"],"Json"]}]},{"tag":"TypeApp","contents":[{"tag":"TypeConstructor","contents":[["Data","Maybe"],"Maybe"]},{"tag":"TypeConstructor","contents":[["Data","Argonaut","Core"],"JNull"]}]}]}}},{"EDValue":{"edValueName":{"Ident":"toNumber"},"edValueType":{"tag":"TypeApp","contents":[{"tag":"TypeApp","contents":[{"tag":"TypeConstructor","contents":[["Prim"],"Function"]},{"tag":"TypeConstructor","contents":[["Data","Argonaut","Core"],"Json"]}]},{"tag":"TypeApp","contents":[{"tag":"TypeConstructor","contents":[["Data","Maybe"],"Maybe"]},{"tag":"TypeConstructor","contents":[["Prim"],"Number"]}]}]}}},{"EDValue":{"edValueName":{"Ident":"toObject"},"edValueType":{"tag":"TypeApp","contents":[{"tag":"TypeApp","contents":[{"tag":"TypeConstructor","contents":[["Prim"],"Function"]},{"tag":"TypeConstructor","contents":[["Data","Argonaut","Core"],"Json"]}]},{"tag":"TypeApp","contents":[{"tag":"TypeConstructor","contents":[["Data","Maybe"],"Maybe"]},{"tag":"TypeApp","contents":[{"tag":"TypeConstructor","contents":[["Data","StrMap"],"StrMap"]},{"tag":"TypeConstructor","contents":[["Data","Argonaut","Core"],"Json"]}]}]}]}}},{"EDValue":{"edValueName":{"Ident":"toString"},"edValueType":{"tag":"TypeApp","contents":[{"tag":"TypeApp","contents":[{"tag":"TypeConstructor","contents":[["Prim"],"Function"]},{"tag":"TypeConstructor","contents":[["Data","Argonaut","Core"],"Json"]}]},{"tag":"TypeApp","contents":[{"tag":"TypeConstructor","contents":[["Data","Maybe"],"Maybe"]},{"tag":"TypeConstructor","contents":[["Prim"],"String"]}]}]}}},{"EDInstance":{"edInstanceClassName":[["Data","Eq"],"Eq"],"edInstanceName":{"Ident":"eqJNull"},"edInstanceTypes":[{"tag":"TypeConstructor","contents":[["Data","Argonaut","Core"],"JNull"]}],"edInstanceConstraints":[]}},{"EDInstance":{"edInstanceClassName":[["Data","Ord"],"Ord"],"edInstanceName":{"Ident":"ordJNull"},"edInstanceTypes":[{"tag":"TypeConstructor","contents":[["Data","Argonaut","Core"],"JNull"]}],"edInstanceConstraints":[]}},{"EDInstance":{"edInstanceClassName":[["Data","Show"],"Show"],"edInstanceName":{"Ident":"showJNull"},"edInstanceTypes":[{"tag":"TypeConstructor","contents":[["Data","Argonaut","Core"],"JNull"]}],"edInstanceConstraints":[]}},{"EDInstance":{"edInstanceClassName":[["Data","Eq"],"Eq"],"edInstanceName":{"Ident":"eqJson"},"edInstanceTypes":[{"tag":"TypeConstructor","contents":[["Data","Argonaut","Core"],"Json"]}],"edInstanceConstraints":[]}},{"EDInstance":{"edInstanceClassName":[["Data","Ord"],"Ord"],"edInstanceName":{"Ident":"ordJson"},"edInstanceTypes":[{"tag":"TypeConstructor","contents":[["Data","Argonaut","Core"],"Json"]}],"edInstanceConstraints":[]}},{"EDInstance":{"edInstanceClassName":[["Data","Show"],"Show"],"edInstanceName":{"Ident":"showJson"},"edInstanceTypes":[{"tag":"TypeConstructor","contents":[["Data","Argonaut","Core"],"Json"]}],"edInstanceConstraints":[]}}],"efSourceSpan":{"start":[1,1],"name":"C:\\Users\\I344006\\purescript\\juspay_rotatecube\\bower_components\\purescript-argonaut-core\\src\\Data\\Argonaut\\Core.purs","end":[263,69]}}