{"efVersion":"0.11.6","efModuleName":["Data","Profunctor"],"efExports":[{"TypeClassRef":[{"start":[1,1],"name":"C:\\Users\\I344006\\purescript\\juspay_rotatecube\\bower_components\\purescript-profunctor\\src\\Data\\Profunctor.purs","end":[44,39]},"Profunctor"]},{"ValueRef":[{"start":[1,1],"name":"C:\\Users\\I344006\\purescript\\juspay_rotatecube\\bower_components\\purescript-profunctor\\src\\Data\\Profunctor.purs","end":[44,39]},{"Ident":"arr"}]},{"ValueRef":[{"start":[1,1],"name":"C:\\Users\\I344006\\purescript\\juspay_rotatecube\\bower_components\\purescript-profunctor\\src\\Data\\Profunctor.purs","end":[44,39]},{"Ident":"dimap"}]},{"ValueRef":[{"start":[1,1],"name":"C:\\Users\\I344006\\purescript\\juspay_rotatecube\\bower_components\\purescript-profunctor\\src\\Data\\Profunctor.purs","end":[44,39]},{"Ident":"lmap"}]},{"ValueRef":[{"start":[1,1],"name":"C:\\Users\\I344006\\purescript\\juspay_rotatecube\\bower_components\\purescript-profunctor\\src\\Data\\Profunctor.purs","end":[44,39]},{"Ident":"rmap"}]},{"ValueRef":[{"start":[1,1],"name":"C:\\Users\\I344006\\purescript\\juspay_rotatecube\\bower_components\\purescript-profunctor\\src\\Data\\Profunctor.purs","end":[44,39]},{"Ident":"unwrapIso"}]},{"ValueRef":[{"start":[1,1],"name":"C:\\Users\\I344006\\purescript\\juspay_rotatecube\\bower_components\\purescript-profunctor\\src\\Data\\Profunctor.purs","end":[44,39]},{"Ident":"wrapIso"}]},{"TypeInstanceRef":[{"start":[0,0],"name":"<generated>","end":[0,0]},{"Ident":"profunctorFn"}]}],"efImports":[{"eiModule":["Prim"],"eiImportType":{"Implicit":[]},"eiImportedAs":null},{"eiModule":["Prim"],"eiImportType":{"Implicit":[]},"eiImportedAs":["Prim"]},{"eiModule":["Prelude"],"eiImportType":{"Implicit":[]},"eiImportedAs":null},{"eiModule":["Data","Newtype"],"eiImportType":{"Explicit":[{"TypeClassRef":[{"start":[4,22],"name":"C:\\Users\\I344006\\purescript\\juspay_rotatecube\\bower_components\\purescript-profunctor\\src\\Data\\Profunctor.purs","end":[4,35]},"Newtype"]},{"ValueRef":[{"start":[4,37],"name":"C:\\Users\\I344006\\purescript\\juspay_rotatecube\\bower_components\\purescript-profunctor\\src\\Data\\Profunctor.purs","end":[4,41]},{"Ident":"wrap"}]},{"ValueRef":[{"start":[4,43],"name":"C:\\Users\\I344006\\purescript\\juspay_rotatecube\\bower_components\\purescript-profunctor\\src\\Data\\Profunctor.purs","end":[4,49]},{"Ident":"unwrap"}]}]},"eiImportedAs":null}],"efFixities":[],"efTypeFixities":[],"efDeclarations":[{"EDType":{"edTypeName":"Profunctor","edTypeKind":{"tag":"FunKind","contents":[{"tag":"FunKind","contents":[{"tag":"NamedKind","contents":[["Prim"],"Type"]},{"tag":"FunKind","contents":[{"tag":"NamedKind","contents":[["Prim"],"Type"]},{"tag":"NamedKind","contents":[["Prim"],"Type"]}]}]},{"tag":"NamedKind","contents":[["Prim"],"Type"]}]},"edTypeDeclarationKind":"TypeSynonym"}},{"EDTypeSynonym":{"edTypeSynonymName":"Profunctor","edTypeSynonymArguments":[["p",null]],"edTypeSynonymType":{"tag":"TypeApp","contents":[{"tag":"TypeConstructor","contents":[["Prim"],"Record"]},{"tag":"RCons","contents":["dimap",{"tag":"ForAll","contents":["d",{"tag":"ForAll","contents":["c",{"tag":"ForAll","contents":["b",{"tag":"ForAll","contents":["a",{"tag":"TypeApp","contents":[{"tag":"TypeApp","contents":[{"tag":"TypeConstructor","contents":[["Prim"],"Function"]},{"tag":"TypeApp","contents":[{"tag":"TypeApp","contents":[{"tag":"TypeConstructor","contents":[["Prim"],"Function"]},{"tag":"TypeVar","contents":"a"}]},{"tag":"TypeVar","contents":"b"}]}]},{"tag":"TypeApp","contents":[{"tag":"TypeApp","contents":[{"tag":"TypeConstructor","contents":[["Prim"],"Function"]},{"tag":"TypeApp","contents":[{"tag":"TypeApp","contents":[{"tag":"TypeConstructor","contents":[["Prim"],"Function"]},{"tag":"TypeVar","contents":"c"}]},{"tag":"TypeVar","contents":"d"}]}]},{"tag":"TypeApp","contents":[{"tag":"TypeApp","contents":[{"tag":"TypeConstructor","contents":[["Prim"],"Function"]},{"tag":"TypeApp","contents":[{"tag":"TypeApp","contents":[{"tag":"TypeVar","contents":"p"},{"tag":"TypeVar","contents":"b"}]},{"tag":"TypeVar","contents":"c"}]}]},{"tag":"TypeApp","contents":[{"tag":"TypeApp","contents":[{"tag":"TypeVar","contents":"p"},{"tag":"TypeVar","contents":"a"}]},{"tag":"TypeVar","contents":"d"}]}]}]}]},null]},null]},null]},null]},{"tag":"REmpty"}]}]}}},{"EDClass":{"edClassName":"Profunctor","edClassTypeArguments":[["p",null]],"edClassMembers":[[{"Ident":"dimap"},{"tag":"ForAll","contents":["d",{"tag":"ForAll","contents":["c",{"tag":"ForAll","contents":["b",{"tag":"ForAll","contents":["a",{"tag":"TypeApp","contents":[{"tag":"TypeApp","contents":[{"tag":"TypeConstructor","contents":[["Prim"],"Function"]},{"tag":"TypeApp","contents":[{"tag":"TypeApp","contents":[{"tag":"TypeConstructor","contents":[["Prim"],"Function"]},{"tag":"TypeVar","contents":"a"}]},{"tag":"TypeVar","contents":"b"}]}]},{"tag":"TypeApp","contents":[{"tag":"TypeApp","contents":[{"tag":"TypeConstructor","contents":[["Prim"],"Function"]},{"tag":"TypeApp","contents":[{"tag":"TypeApp","contents":[{"tag":"TypeConstructor","contents":[["Prim"],"Function"]},{"tag":"TypeVar","contents":"c"}]},{"tag":"TypeVar","contents":"d"}]}]},{"tag":"TypeApp","contents":[{"tag":"TypeApp","contents":[{"tag":"TypeConstructor","contents":[["Prim"],"Function"]},{"tag":"TypeApp","contents":[{"tag":"TypeApp","contents":[{"tag":"TypeVar","contents":"p"},{"tag":"TypeVar","contents":"b"}]},{"tag":"TypeVar","contents":"c"}]}]},{"tag":"TypeApp","contents":[{"tag":"TypeApp","contents":[{"tag":"TypeVar","contents":"p"},{"tag":"TypeVar","contents":"a"}]},{"tag":"TypeVar","contents":"d"}]}]}]}]},null]},null]},null]},null]}]],"edClassConstraints":[],"edFunctionalDependencies":[]}},{"EDValue":{"edValueName":{"Ident":"arr"},"edValueType":{"tag":"ForAll","contents":["p",{"tag":"ForAll","contents":["b",{"tag":"ForAll","contents":["a",{"tag":"ConstrainedType","contents":[{"constraintClass":[["Control","Category"],"Category"],"constraintArgs":[{"tag":"TypeVar","contents":"p"}],"constraintData":null},{"tag":"ConstrainedType","contents":[{"constraintClass":[["Data","Profunctor"],"Profunctor"],"constraintArgs":[{"tag":"TypeVar","contents":"p"}],"constraintData":null},{"tag":"TypeApp","contents":[{"tag":"TypeApp","contents":[{"tag":"TypeConstructor","contents":[["Prim"],"Function"]},{"tag":"TypeApp","contents":[{"tag":"TypeApp","contents":[{"tag":"TypeConstructor","contents":[["Prim"],"Function"]},{"tag":"TypeVar","contents":"a"}]},{"tag":"TypeVar","contents":"b"}]}]},{"tag":"TypeApp","contents":[{"tag":"TypeApp","contents":[{"tag":"TypeVar","contents":"p"},{"tag":"TypeVar","contents":"a"}]},{"tag":"TypeVar","contents":"b"}]}]}]}]},41]},42]},43]}}},{"EDValue":{"edValueName":{"Ident":"dimap"},"edValueType":{"tag":"ForAll","contents":["p",{"tag":"ForAll","contents":["d",{"tag":"ForAll","contents":["c",{"tag":"ForAll","contents":["b",{"tag":"ForAll","contents":["a",{"tag":"ConstrainedType","contents":[{"constraintClass":[["Data","Profunctor"],"Profunctor"],"constraintArgs":[{"tag":"TypeVar","contents":"p"}],"constraintData":null},{"tag":"TypeApp","contents":[{"tag":"TypeApp","contents":[{"tag":"TypeConstructor","contents":[["Prim"],"Function"]},{"tag":"TypeApp","contents":[{"tag":"TypeApp","contents":[{"tag":"TypeConstructor","contents":[["Prim"],"Function"]},{"tag":"TypeVar","contents":"a"}]},{"tag":"TypeVar","contents":"b"}]}]},{"tag":"TypeApp","contents":[{"tag":"TypeApp","contents":[{"tag":"TypeConstructor","contents":[["Prim"],"Function"]},{"tag":"TypeApp","contents":[{"tag":"TypeApp","contents":[{"tag":"TypeConstructor","contents":[["Prim"],"Function"]},{"tag":"TypeVar","contents":"c"}]},{"tag":"TypeVar","contents":"d"}]}]},{"tag":"TypeApp","contents":[{"tag":"TypeApp","contents":[{"tag":"TypeConstructor","contents":[["Prim"],"Function"]},{"tag":"TypeApp","contents":[{"tag":"TypeApp","contents":[{"tag":"TypeVar","contents":"p"},{"tag":"TypeVar","contents":"b"}]},{"tag":"TypeVar","contents":"c"}]}]},{"tag":"TypeApp","contents":[{"tag":"TypeApp","contents":[{"tag":"TypeVar","contents":"p"},{"tag":"TypeVar","contents":"a"}]},{"tag":"TypeVar","contents":"d"}]}]}]}]}]},8]},9]},10]},11]},12]}}},{"EDValue":{"edValueName":{"Ident":"lmap"},"edValueType":{"tag":"ForAll","contents":["p",{"tag":"ForAll","contents":["c",{"tag":"ForAll","contents":["b",{"tag":"ForAll","contents":["a",{"tag":"ConstrainedType","contents":[{"constraintClass":[["Data","Profunctor"],"Profunctor"],"constraintArgs":[{"tag":"TypeVar","contents":"p"}],"constraintData":null},{"tag":"TypeApp","contents":[{"tag":"TypeApp","contents":[{"tag":"TypeConstructor","contents":[["Prim"],"Function"]},{"tag":"TypeApp","contents":[{"tag":"TypeApp","contents":[{"tag":"TypeConstructor","contents":[["Prim"],"Function"]},{"tag":"TypeVar","contents":"a"}]},{"tag":"TypeVar","contents":"b"}]}]},{"tag":"TypeApp","contents":[{"tag":"TypeApp","contents":[{"tag":"TypeConstructor","contents":[["Prim"],"Function"]},{"tag":"TypeApp","contents":[{"tag":"TypeApp","contents":[{"tag":"TypeVar","contents":"p"},{"tag":"TypeVar","contents":"b"}]},{"tag":"TypeVar","contents":"c"}]}]},{"tag":"TypeApp","contents":[{"tag":"TypeApp","contents":[{"tag":"TypeVar","contents":"p"},{"tag":"TypeVar","contents":"a"}]},{"tag":"TypeVar","contents":"c"}]}]}]}]},13]},14]},15]},16]}}},{"EDValue":{"edValueName":{"Ident":"rmap"},"edValueType":{"tag":"ForAll","contents":["p",{"tag":"ForAll","contents":["c",{"tag":"ForAll","contents":["b",{"tag":"ForAll","contents":["a",{"tag":"ConstrainedType","contents":[{"constraintClass":[["Data","Profunctor"],"Profunctor"],"constraintArgs":[{"tag":"TypeVar","contents":"p"}],"constraintData":null},{"tag":"TypeApp","contents":[{"tag":"TypeApp","contents":[{"tag":"TypeConstructor","contents":[["Prim"],"Function"]},{"tag":"TypeApp","contents":[{"tag":"TypeApp","contents":[{"tag":"TypeConstructor","contents":[["Prim"],"Function"]},{"tag":"TypeVar","contents":"b"}]},{"tag":"TypeVar","contents":"c"}]}]},{"tag":"TypeApp","contents":[{"tag":"TypeApp","contents":[{"tag":"TypeConstructor","contents":[["Prim"],"Function"]},{"tag":"TypeApp","contents":[{"tag":"TypeApp","contents":[{"tag":"TypeVar","contents":"p"},{"tag":"TypeVar","contents":"a"}]},{"tag":"TypeVar","contents":"b"}]}]},{"tag":"TypeApp","contents":[{"tag":"TypeApp","contents":[{"tag":"TypeVar","contents":"p"},{"tag":"TypeVar","contents":"a"}]},{"tag":"TypeVar","contents":"c"}]}]}]}]},21]},22]},23]},24]}}},{"EDValue":{"edValueName":{"Ident":"unwrapIso"},"edValueType":{"tag":"ForAll","contents":["a",{"tag":"ForAll","contents":["t",{"tag":"ForAll","contents":["p",{"tag":"ConstrainedType","contents":[{"constraintClass":[["Data","Profunctor"],"Profunctor"],"constraintArgs":[{"tag":"TypeVar","contents":"p"}],"constraintData":null},{"tag":"ConstrainedType","contents":[{"constraintClass":[["Data","Newtype"],"Newtype"],"constraintArgs":[{"tag":"TypeVar","contents":"t"},{"tag":"TypeVar","contents":"a"}],"constraintData":null},{"tag":"TypeApp","contents":[{"tag":"TypeApp","contents":[{"tag":"TypeConstructor","contents":[["Prim"],"Function"]},{"tag":"TypeApp","contents":[{"tag":"TypeApp","contents":[{"tag":"TypeVar","contents":"p"},{"tag":"TypeVar","contents":"t"}]},{"tag":"TypeVar","contents":"t"}]}]},{"tag":"TypeApp","contents":[{"tag":"TypeApp","contents":[{"tag":"TypeVar","contents":"p"},{"tag":"TypeVar","contents":"a"}]},{"tag":"TypeVar","contents":"a"}]}]}]}]},29]},30]},31]}}},{"EDValue":{"edValueName":{"Ident":"wrapIso"},"edValueType":{"tag":"ForAll","contents":["a",{"tag":"ForAll","contents":["t",{"tag":"ForAll","contents":["p",{"tag":"ConstrainedType","contents":[{"constraintClass":[["Data","Profunctor"],"Profunctor"],"constraintArgs":[{"tag":"TypeVar","contents":"p"}],"constraintData":null},{"tag":"ConstrainedType","contents":[{"constraintClass":[["Data","Newtype"],"Newtype"],"constraintArgs":[{"tag":"TypeVar","contents":"t"},{"tag":"TypeVar","contents":"a"}],"constraintData":null},{"tag":"TypeApp","contents":[{"tag":"TypeApp","contents":[{"tag":"TypeConstructor","contents":[["Prim"],"Function"]},{"tag":"TypeApp","contents":[{"tag":"TypeApp","contents":[{"tag":"TypeConstructor","contents":[["Prim"],"Function"]},{"tag":"TypeVar","contents":"t"}]},{"tag":"TypeVar","contents":"a"}]}]},{"tag":"TypeApp","contents":[{"tag":"TypeApp","contents":[{"tag":"TypeConstructor","contents":[["Prim"],"Function"]},{"tag":"TypeApp","contents":[{"tag":"TypeApp","contents":[{"tag":"TypeVar","contents":"p"},{"tag":"TypeVar","contents":"a"}]},{"tag":"TypeVar","contents":"a"}]}]},{"tag":"TypeApp","contents":[{"tag":"TypeApp","contents":[{"tag":"TypeVar","contents":"p"},{"tag":"TypeVar","contents":"t"}]},{"tag":"TypeVar","contents":"t"}]}]}]}]}]},35]},36]},37]}}},{"EDInstance":{"edInstanceClassName":[["Data","Profunctor"],"Profunctor"],"edInstanceName":{"Ident":"profunctorFn"},"edInstanceTypes":[{"tag":"TypeConstructor","contents":[["Prim"],"Function"]}],"edInstanceConstraints":[]}}],"efSourceSpan":{"start":[1,1],"name":"C:\\Users\\I344006\\purescript\\juspay_rotatecube\\bower_components\\purescript-profunctor\\src\\Data\\Profunctor.purs","end":[44,39]}}