{"efVersion":"0.11.6","efModuleName":["Control","Comonad","Env","Trans"],"efExports":[{"TypeRef":[{"start":[1,1],"name":"C:\\Users\\I344006\\purescript\\juspay_rotatecube\\bower_components\\purescript-transformers\\src\\Control\\Comonad\\Env\\Trans.purs","end":[46,30]},"EnvT",["EnvT"]]},{"ValueRef":[{"start":[1,1],"name":"C:\\Users\\I344006\\purescript\\juspay_rotatecube\\bower_components\\purescript-transformers\\src\\Control\\Comonad\\Env\\Trans.purs","end":[46,30]},{"Ident":"mapEnvT"}]},{"ValueRef":[{"start":[1,1],"name":"C:\\Users\\I344006\\purescript\\juspay_rotatecube\\bower_components\\purescript-transformers\\src\\Control\\Comonad\\Env\\Trans.purs","end":[46,30]},{"Ident":"runEnvT"}]},{"ValueRef":[{"start":[1,1],"name":"C:\\Users\\I344006\\purescript\\juspay_rotatecube\\bower_components\\purescript-transformers\\src\\Control\\Comonad\\Env\\Trans.purs","end":[46,30]},{"Ident":"withEnvT"}]},{"TypeInstanceRef":[{"start":[0,0],"name":"<generated>","end":[0,0]},{"Ident":"newtypeEnvT"}]},{"TypeInstanceRef":[{"start":[0,0],"name":"<generated>","end":[0,0]},{"Ident":"functorEnvT"}]},{"TypeInstanceRef":[{"start":[0,0],"name":"<generated>","end":[0,0]},{"Ident":"extendEnvT"}]},{"TypeInstanceRef":[{"start":[0,0],"name":"<generated>","end":[0,0]},{"Ident":"comonadEnvT"}]},{"TypeInstanceRef":[{"start":[0,0],"name":"<generated>","end":[0,0]},{"Ident":"comonadTransEnvT"}]}],"efImports":[{"eiModule":["Prim"],"eiImportType":{"Implicit":[]},"eiImportedAs":null},{"eiModule":["Prim"],"eiImportType":{"Implicit":[]},"eiImportedAs":["Prim"]},{"eiModule":["Prelude"],"eiImportType":{"Implicit":[]},"eiImportedAs":null},{"eiModule":["Control","Comonad"],"eiImportType":{"Explicit":[{"TypeClassRef":[{"start":[7,25],"name":"C:\\Users\\I344006\\purescript\\juspay_rotatecube\\bower_components\\purescript-transformers\\src\\Control\\Comonad\\Env\\Trans.purs","end":[7,38]},"Comonad"]},{"ValueRef":[{"start":[7,40],"name":"C:\\Users\\I344006\\purescript\\juspay_rotatecube\\bower_components\\purescript-transformers\\src\\Control\\Comonad\\Env\\Trans.purs","end":[7,47]},{"Ident":"extract"}]}]},"eiImportedAs":null},{"eiModule":["Control","Comonad","Trans","Class"],"eiImportType":{"Explicit":[{"TypeClassRef":[{"start":[8,37],"name":"C:\\Users\\I344006\\purescript\\juspay_rotatecube\\bower_components\\purescript-transformers\\src\\Control\\Comonad\\Env\\Trans.purs","end":[8,55]},"ComonadTrans"]}]},"eiImportedAs":null},{"eiModule":["Control","Extend"],"eiImportType":{"Explicit":[{"TypeClassRef":[{"start":[9,24],"name":"C:\\Users\\I344006\\purescript\\juspay_rotatecube\\bower_components\\purescript-transformers\\src\\Control\\Comonad\\Env\\Trans.purs","end":[9,36]},"Extend"]},{"ValueOpRef":[{"start":[9,38],"name":"C:\\Users\\I344006\\purescript\\juspay_rotatecube\\bower_components\\purescript-transformers\\src\\Control\\Comonad\\Env\\Trans.purs","end":[9,43]},"<<="]}]},"eiImportedAs":null},{"eiModule":["Data","Tuple"],"eiImportType":{"Explicit":[{"TypeRef":[{"start":[11,20],"name":"C:\\Users\\I344006\\purescript\\juspay_rotatecube\\bower_components\\purescript-transformers\\src\\Control\\Comonad\\Env\\Trans.purs","end":[11,29]},"Tuple",null]}]},"eiImportedAs":null},{"eiModule":["Data","Newtype"],"eiImportType":{"Explicit":[{"TypeClassRef":[{"start":[12,22],"name":"C:\\Users\\I344006\\purescript\\juspay_rotatecube\\bower_components\\purescript-transformers\\src\\Control\\Comonad\\Env\\Trans.purs","end":[12,35]},"Newtype"]}]},"eiImportedAs":null}],"efFixities":[],"efTypeFixities":[],"efDeclarations":[{"EDType":{"edTypeName":"EnvT","edTypeKind":{"tag":"FunKind","contents":[{"tag":"NamedKind","contents":[["Prim"],"Type"]},{"tag":"FunKind","contents":[{"tag":"FunKind","contents":[{"tag":"NamedKind","contents":[["Prim"],"Type"]},{"tag":"NamedKind","contents":[["Prim"],"Type"]}]},{"tag":"FunKind","contents":[{"tag":"NamedKind","contents":[["Prim"],"Type"]},{"tag":"NamedKind","contents":[["Prim"],"Type"]}]}]}]},"edTypeDeclarationKind":{"DataType":{"args":[["e",{"tag":"NamedKind","contents":[["Prim"],"Type"]}],["w",{"tag":"FunKind","contents":[{"tag":"NamedKind","contents":[["Prim"],"Type"]},{"tag":"NamedKind","contents":[["Prim"],"Type"]}]}],["a",{"tag":"NamedKind","contents":[["Prim"],"Type"]}]],"ctors":[["EnvT",[{"tag":"TypeApp","contents":[{"tag":"TypeApp","contents":[{"tag":"TypeConstructor","contents":[["Data","Tuple"],"Tuple"]},{"tag":"TypeVar","contents":"e"}]},{"tag":"TypeApp","contents":[{"tag":"TypeVar","contents":"w"},{"tag":"TypeVar","contents":"a"}]}]}]]]}}}},{"EDDataConstructor":{"edDataCtorName":"EnvT","edDataCtorOrigin":"newtype","edDataCtorTypeCtor":"EnvT","edDataCtorType":{"tag":"ForAll","contents":["a",{"tag":"ForAll","contents":["w",{"tag":"ForAll","contents":["e",{"tag":"TypeApp","contents":[{"tag":"TypeApp","contents":[{"tag":"TypeConstructor","contents":[["Prim"],"Function"]},{"tag":"TypeApp","contents":[{"tag":"TypeApp","contents":[{"tag":"TypeConstructor","contents":[["Data","Tuple"],"Tuple"]},{"tag":"TypeVar","contents":"e"}]},{"tag":"TypeApp","contents":[{"tag":"TypeVar","contents":"w"},{"tag":"TypeVar","contents":"a"}]}]}]},{"tag":"TypeApp","contents":[{"tag":"TypeApp","contents":[{"tag":"TypeApp","contents":[{"tag":"TypeConstructor","contents":[["Control","Comonad","Env","Trans"],"EnvT"]},{"tag":"TypeVar","contents":"e"}]},{"tag":"TypeVar","contents":"w"}]},{"tag":"TypeVar","contents":"a"}]}]},null]},null]},null]},"edDataCtorFields":[{"Ident":"value0"}]}},{"EDValue":{"edValueName":{"Ident":"mapEnvT"},"edValueType":{"tag":"ForAll","contents":["b",{"tag":"ForAll","contents":["a",{"tag":"ForAll","contents":["w2",{"tag":"ForAll","contents":["w1",{"tag":"ForAll","contents":["e",{"tag":"TypeApp","contents":[{"tag":"TypeApp","contents":[{"tag":"TypeConstructor","contents":[["Prim"],"Function"]},{"tag":"TypeApp","contents":[{"tag":"TypeApp","contents":[{"tag":"TypeConstructor","contents":[["Prim"],"Function"]},{"tag":"TypeApp","contents":[{"tag":"TypeVar","contents":"w1"},{"tag":"TypeVar","contents":"a"}]}]},{"tag":"TypeApp","contents":[{"tag":"TypeVar","contents":"w2"},{"tag":"TypeVar","contents":"b"}]}]}]},{"tag":"TypeApp","contents":[{"tag":"TypeApp","contents":[{"tag":"TypeConstructor","contents":[["Prim"],"Function"]},{"tag":"TypeApp","contents":[{"tag":"TypeApp","contents":[{"tag":"TypeApp","contents":[{"tag":"TypeConstructor","contents":[["Control","Comonad","Env","Trans"],"EnvT"]},{"tag":"TypeVar","contents":"e"}]},{"tag":"TypeVar","contents":"w1"}]},{"tag":"TypeVar","contents":"a"}]}]},{"tag":"TypeApp","contents":[{"tag":"TypeApp","contents":[{"tag":"TypeApp","contents":[{"tag":"TypeConstructor","contents":[["Control","Comonad","Env","Trans"],"EnvT"]},{"tag":"TypeVar","contents":"e"}]},{"tag":"TypeVar","contents":"w2"}]},{"tag":"TypeVar","contents":"b"}]}]}]},26]},27]},28]},29]},30]}}},{"EDValue":{"edValueName":{"Ident":"runEnvT"},"edValueType":{"tag":"ForAll","contents":["a",{"tag":"ForAll","contents":["w",{"tag":"ForAll","contents":["e",{"tag":"TypeApp","contents":[{"tag":"TypeApp","contents":[{"tag":"TypeConstructor","contents":[["Prim"],"Function"]},{"tag":"TypeApp","contents":[{"tag":"TypeApp","contents":[{"tag":"TypeApp","contents":[{"tag":"TypeConstructor","contents":[["Control","Comonad","Env","Trans"],"EnvT"]},{"tag":"TypeVar","contents":"e"}]},{"tag":"TypeVar","contents":"w"}]},{"tag":"TypeVar","contents":"a"}]}]},{"tag":"TypeApp","contents":[{"tag":"TypeApp","contents":[{"tag":"TypeConstructor","contents":[["Data","Tuple"],"Tuple"]},{"tag":"TypeVar","contents":"e"}]},{"tag":"TypeApp","contents":[{"tag":"TypeVar","contents":"w"},{"tag":"TypeVar","contents":"a"}]}]}]},11]},12]},13]}}},{"EDValue":{"edValueName":{"Ident":"withEnvT"},"edValueType":{"tag":"ForAll","contents":["a",{"tag":"ForAll","contents":["w",{"tag":"ForAll","contents":["e2",{"tag":"ForAll","contents":["e1",{"tag":"TypeApp","contents":[{"tag":"TypeApp","contents":[{"tag":"TypeConstructor","contents":[["Prim"],"Function"]},{"tag":"TypeApp","contents":[{"tag":"TypeApp","contents":[{"tag":"TypeConstructor","contents":[["Prim"],"Function"]},{"tag":"TypeVar","contents":"e1"}]},{"tag":"TypeVar","contents":"e2"}]}]},{"tag":"TypeApp","contents":[{"tag":"TypeApp","contents":[{"tag":"TypeConstructor","contents":[["Prim"],"Function"]},{"tag":"TypeApp","contents":[{"tag":"TypeApp","contents":[{"tag":"TypeApp","contents":[{"tag":"TypeConstructor","contents":[["Control","Comonad","Env","Trans"],"EnvT"]},{"tag":"TypeVar","contents":"e1"}]},{"tag":"TypeVar","contents":"w"}]},{"tag":"TypeVar","contents":"a"}]}]},{"tag":"TypeApp","contents":[{"tag":"TypeApp","contents":[{"tag":"TypeApp","contents":[{"tag":"TypeConstructor","contents":[["Control","Comonad","Env","Trans"],"EnvT"]},{"tag":"TypeVar","contents":"e2"}]},{"tag":"TypeVar","contents":"w"}]},{"tag":"TypeVar","contents":"a"}]}]}]},0]},1]},2]},3]}}},{"EDInstance":{"edInstanceClassName":[["Data","Newtype"],"Newtype"],"edInstanceName":{"Ident":"newtypeEnvT"},"edInstanceTypes":[{"tag":"TypeApp","contents":[{"tag":"TypeApp","contents":[{"tag":"TypeApp","contents":[{"tag":"TypeConstructor","contents":[["Control","Comonad","Env","Trans"],"EnvT"]},{"tag":"TypeVar","contents":"e"}]},{"tag":"TypeVar","contents":"w"}]},{"tag":"TypeVar","contents":"a"}]},{"tag":"TypeApp","contents":[{"tag":"TypeApp","contents":[{"tag":"TypeConstructor","contents":[["Data","Tuple"],"Tuple"]},{"tag":"TypeVar","contents":"e"}]},{"tag":"TypeApp","contents":[{"tag":"TypeVar","contents":"w"},{"tag":"TypeVar","contents":"a"}]}]}],"edInstanceConstraints":[]}},{"EDInstance":{"edInstanceClassName":[["Data","Functor"],"Functor"],"edInstanceName":{"Ident":"functorEnvT"},"edInstanceTypes":[{"tag":"TypeApp","contents":[{"tag":"TypeApp","contents":[{"tag":"TypeConstructor","contents":[["Control","Comonad","Env","Trans"],"EnvT"]},{"tag":"TypeVar","contents":"e"}]},{"tag":"TypeVar","contents":"w"}]}],"edInstanceConstraints":[{"constraintClass":[["Data","Functor"],"Functor"],"constraintArgs":[{"tag":"TypeVar","contents":"w"}],"constraintData":null}]}},{"EDInstance":{"edInstanceClassName":[["Control","Extend"],"Extend"],"edInstanceName":{"Ident":"extendEnvT"},"edInstanceTypes":[{"tag":"TypeApp","contents":[{"tag":"TypeApp","contents":[{"tag":"TypeConstructor","contents":[["Control","Comonad","Env","Trans"],"EnvT"]},{"tag":"TypeVar","contents":"e"}]},{"tag":"TypeVar","contents":"w"}]}],"edInstanceConstraints":[{"constraintClass":[["Control","Extend"],"Extend"],"constraintArgs":[{"tag":"TypeVar","contents":"w"}],"constraintData":null}]}},{"EDInstance":{"edInstanceClassName":[["Control","Comonad"],"Comonad"],"edInstanceName":{"Ident":"comonadEnvT"},"edInstanceTypes":[{"tag":"TypeApp","contents":[{"tag":"TypeApp","contents":[{"tag":"TypeConstructor","contents":[["Control","Comonad","Env","Trans"],"EnvT"]},{"tag":"TypeVar","contents":"e"}]},{"tag":"TypeVar","contents":"w"}]}],"edInstanceConstraints":[{"constraintClass":[["Control","Comonad"],"Comonad"],"constraintArgs":[{"tag":"TypeVar","contents":"w"}],"constraintData":null}]}},{"EDInstance":{"edInstanceClassName":[["Control","Comonad","Trans","Class"],"ComonadTrans"],"edInstanceName":{"Ident":"comonadTransEnvT"},"edInstanceTypes":[{"tag":"TypeApp","contents":[{"tag":"TypeConstructor","contents":[["Control","Comonad","Env","Trans"],"EnvT"]},{"tag":"TypeVar","contents":"e"}]}],"edInstanceConstraints":[]}}],"efSourceSpan":{"start":[1,1],"name":"C:\\Users\\I344006\\purescript\\juspay_rotatecube\\bower_components\\purescript-transformers\\src\\Control\\Comonad\\Env\\Trans.purs","end":[46,30]}}