{"efVersion":"0.11.6","efModuleName":["Data","Profunctor","Strong"],"efExports":[{"TypeClassRef":[{"start":[1,1],"name":"C:\\Users\\I344006\\purescript\\juspay_rotatecube\\bower_components\\purescript-profunctor\\src\\Data\\Profunctor\\Strong.purs","end":[83,20]},"Strong"]},{"ValueRef":[{"start":[1,1],"name":"C:\\Users\\I344006\\purescript\\juspay_rotatecube\\bower_components\\purescript-profunctor\\src\\Data\\Profunctor\\Strong.purs","end":[83,20]},{"Ident":"fanout"}]},{"ValueRef":[{"start":[1,1],"name":"C:\\Users\\I344006\\purescript\\juspay_rotatecube\\bower_components\\purescript-profunctor\\src\\Data\\Profunctor\\Strong.purs","end":[83,20]},{"Ident":"first"}]},{"ValueRef":[{"start":[1,1],"name":"C:\\Users\\I344006\\purescript\\juspay_rotatecube\\bower_components\\purescript-profunctor\\src\\Data\\Profunctor\\Strong.purs","end":[83,20]},{"Ident":"second"}]},{"ValueRef":[{"start":[1,1],"name":"C:\\Users\\I344006\\purescript\\juspay_rotatecube\\bower_components\\purescript-profunctor\\src\\Data\\Profunctor\\Strong.purs","end":[83,20]},{"Ident":"splitStrong"}]},{"ValueOpRef":[{"start":[1,1],"name":"C:\\Users\\I344006\\purescript\\juspay_rotatecube\\bower_components\\purescript-profunctor\\src\\Data\\Profunctor\\Strong.purs","end":[83,20]},"&&&"]},{"ValueOpRef":[{"start":[1,1],"name":"C:\\Users\\I344006\\purescript\\juspay_rotatecube\\bower_components\\purescript-profunctor\\src\\Data\\Profunctor\\Strong.purs","end":[83,20]},"***"]},{"TypeInstanceRef":[{"start":[0,0],"name":"<generated>","end":[0,0]},{"Ident":"strongFn"}]}],"efImports":[{"eiModule":["Prim"],"eiImportType":{"Implicit":[]},"eiImportedAs":null},{"eiModule":["Prim"],"eiImportType":{"Implicit":[]},"eiImportedAs":["Prim"]},{"eiModule":["Prelude"],"eiImportType":{"Implicit":[]},"eiImportedAs":null},{"eiModule":["Data","Profunctor"],"eiImportType":{"Explicit":[{"TypeClassRef":[{"start":[5,25],"name":"C:\\Users\\I344006\\purescript\\juspay_rotatecube\\bower_components\\purescript-profunctor\\src\\Data\\Profunctor\\Strong.purs","end":[5,41]},"Profunctor"]},{"ValueRef":[{"start":[5,43],"name":"C:\\Users\\I344006\\purescript\\juspay_rotatecube\\bower_components\\purescript-profunctor\\src\\Data\\Profunctor\\Strong.purs","end":[5,48]},{"Ident":"dimap"}]}]},"eiImportedAs":null},{"eiModule":["Data","Tuple"],"eiImportType":{"Explicit":[{"TypeRef":[{"start":[6,20],"name":"C:\\Users\\I344006\\purescript\\juspay_rotatecube\\bower_components\\purescript-profunctor\\src\\Data\\Profunctor\\Strong.purs","end":[6,29]},"Tuple",null]}]},"eiImportedAs":null}],"efFixities":[{"efAssociativity":"infixr","efPrecedence":3,"efOperator":"***","efAlias":[["Data","Profunctor","Strong"],{"Left":{"Ident":"splitStrong"}}]},{"efAssociativity":"infixr","efPrecedence":3,"efOperator":"&&&","efAlias":[["Data","Profunctor","Strong"],{"Left":{"Ident":"fanout"}}]}],"efTypeFixities":[],"efDeclarations":[{"EDType":{"edTypeName":"Strong","edTypeKind":{"tag":"FunKind","contents":[{"tag":"FunKind","contents":[{"tag":"NamedKind","contents":[["Prim"],"Type"]},{"tag":"FunKind","contents":[{"tag":"NamedKind","contents":[["Prim"],"Type"]},{"tag":"NamedKind","contents":[["Prim"],"Type"]}]}]},{"tag":"NamedKind","contents":[["Prim"],"Type"]}]},"edTypeDeclarationKind":"TypeSynonym"}},{"EDTypeSynonym":{"edTypeSynonymName":"Strong","edTypeSynonymArguments":[["p",null]],"edTypeSynonymType":{"tag":"TypeApp","contents":[{"tag":"TypeConstructor","contents":[["Prim"],"Record"]},{"tag":"RCons","contents":["first",{"tag":"ForAll","contents":["c",{"tag":"ForAll","contents":["b",{"tag":"ForAll","contents":["a",{"tag":"TypeApp","contents":[{"tag":"TypeApp","contents":[{"tag":"TypeConstructor","contents":[["Prim"],"Function"]},{"tag":"TypeApp","contents":[{"tag":"TypeApp","contents":[{"tag":"TypeVar","contents":"p"},{"tag":"TypeVar","contents":"a"}]},{"tag":"TypeVar","contents":"b"}]}]},{"tag":"TypeApp","contents":[{"tag":"TypeApp","contents":[{"tag":"TypeVar","contents":"p"},{"tag":"TypeApp","contents":[{"tag":"TypeApp","contents":[{"tag":"TypeConstructor","contents":[["Data","Tuple"],"Tuple"]},{"tag":"TypeVar","contents":"a"}]},{"tag":"TypeVar","contents":"c"}]}]},{"tag":"TypeApp","contents":[{"tag":"TypeApp","contents":[{"tag":"TypeConstructor","contents":[["Data","Tuple"],"Tuple"]},{"tag":"TypeVar","contents":"b"}]},{"tag":"TypeVar","contents":"c"}]}]}]},null]},null]},null]},{"tag":"RCons","contents":["second",{"tag":"ForAll","contents":["c",{"tag":"ForAll","contents":["b",{"tag":"ForAll","contents":["a",{"tag":"TypeApp","contents":[{"tag":"TypeApp","contents":[{"tag":"TypeConstructor","contents":[["Prim"],"Function"]},{"tag":"TypeApp","contents":[{"tag":"TypeApp","contents":[{"tag":"TypeVar","contents":"p"},{"tag":"TypeVar","contents":"b"}]},{"tag":"TypeVar","contents":"c"}]}]},{"tag":"TypeApp","contents":[{"tag":"TypeApp","contents":[{"tag":"TypeVar","contents":"p"},{"tag":"TypeApp","contents":[{"tag":"TypeApp","contents":[{"tag":"TypeConstructor","contents":[["Data","Tuple"],"Tuple"]},{"tag":"TypeVar","contents":"a"}]},{"tag":"TypeVar","contents":"b"}]}]},{"tag":"TypeApp","contents":[{"tag":"TypeApp","contents":[{"tag":"TypeConstructor","contents":[["Data","Tuple"],"Tuple"]},{"tag":"TypeVar","contents":"a"}]},{"tag":"TypeVar","contents":"c"}]}]}]},null]},null]},null]},{"tag":"RCons","contents":["Profunctor0",{"tag":"TypeApp","contents":[{"tag":"TypeApp","contents":[{"tag":"TypeConstructor","contents":[["Prim"],"Function"]},{"tag":"TypeApp","contents":[{"tag":"TypeConstructor","contents":[["Prim"],"Record"]},{"tag":"REmpty"}]}]},{"tag":"TypeApp","contents":[{"tag":"TypeConstructor","contents":[["Data","Profunctor"],"Profunctor"]},{"tag":"TypeVar","contents":"p"}]}]},{"tag":"REmpty"}]}]}]}]}}},{"EDClass":{"edClassName":"Strong","edClassTypeArguments":[["p",null]],"edClassMembers":[[{"Ident":"first"},{"tag":"ForAll","contents":["c",{"tag":"ForAll","contents":["b",{"tag":"ForAll","contents":["a",{"tag":"TypeApp","contents":[{"tag":"TypeApp","contents":[{"tag":"TypeConstructor","contents":[["Prim"],"Function"]},{"tag":"TypeApp","contents":[{"tag":"TypeApp","contents":[{"tag":"TypeVar","contents":"p"},{"tag":"TypeVar","contents":"a"}]},{"tag":"TypeVar","contents":"b"}]}]},{"tag":"TypeApp","contents":[{"tag":"TypeApp","contents":[{"tag":"TypeVar","contents":"p"},{"tag":"TypeApp","contents":[{"tag":"TypeApp","contents":[{"tag":"TypeConstructor","contents":[["Data","Tuple"],"Tuple"]},{"tag":"TypeVar","contents":"a"}]},{"tag":"TypeVar","contents":"c"}]}]},{"tag":"TypeApp","contents":[{"tag":"TypeApp","contents":[{"tag":"TypeConstructor","contents":[["Data","Tuple"],"Tuple"]},{"tag":"TypeVar","contents":"b"}]},{"tag":"TypeVar","contents":"c"}]}]}]},null]},null]},null]}],[{"Ident":"second"},{"tag":"ForAll","contents":["c",{"tag":"ForAll","contents":["b",{"tag":"ForAll","contents":["a",{"tag":"TypeApp","contents":[{"tag":"TypeApp","contents":[{"tag":"TypeConstructor","contents":[["Prim"],"Function"]},{"tag":"TypeApp","contents":[{"tag":"TypeApp","contents":[{"tag":"TypeVar","contents":"p"},{"tag":"TypeVar","contents":"b"}]},{"tag":"TypeVar","contents":"c"}]}]},{"tag":"TypeApp","contents":[{"tag":"TypeApp","contents":[{"tag":"TypeVar","contents":"p"},{"tag":"TypeApp","contents":[{"tag":"TypeApp","contents":[{"tag":"TypeConstructor","contents":[["Data","Tuple"],"Tuple"]},{"tag":"TypeVar","contents":"a"}]},{"tag":"TypeVar","contents":"b"}]}]},{"tag":"TypeApp","contents":[{"tag":"TypeApp","contents":[{"tag":"TypeConstructor","contents":[["Data","Tuple"],"Tuple"]},{"tag":"TypeVar","contents":"a"}]},{"tag":"TypeVar","contents":"c"}]}]}]},null]},null]},null]}]],"edClassConstraints":[{"constraintClass":[["Data","Profunctor"],"Profunctor"],"constraintArgs":[{"tag":"TypeVar","contents":"p"}],"constraintData":null}],"edFunctionalDependencies":[]}},{"EDValue":{"edValueName":{"Ident":"fanout"},"edValueType":{"tag":"ForAll","contents":["c",{"tag":"ForAll","contents":["b",{"tag":"ForAll","contents":["a",{"tag":"ForAll","contents":["p",{"tag":"ConstrainedType","contents":[{"constraintClass":[["Control","Category"],"Category"],"constraintArgs":[{"tag":"TypeVar","contents":"p"}],"constraintData":null},{"tag":"ConstrainedType","contents":[{"constraintClass":[["Data","Profunctor","Strong"],"Strong"],"constraintArgs":[{"tag":"TypeVar","contents":"p"}],"constraintData":null},{"tag":"TypeApp","contents":[{"tag":"TypeApp","contents":[{"tag":"TypeConstructor","contents":[["Prim"],"Function"]},{"tag":"TypeApp","contents":[{"tag":"TypeApp","contents":[{"tag":"TypeVar","contents":"p"},{"tag":"TypeVar","contents":"a"}]},{"tag":"TypeVar","contents":"b"}]}]},{"tag":"TypeApp","contents":[{"tag":"TypeApp","contents":[{"tag":"TypeConstructor","contents":[["Prim"],"Function"]},{"tag":"TypeApp","contents":[{"tag":"TypeApp","contents":[{"tag":"TypeVar","contents":"p"},{"tag":"TypeVar","contents":"a"}]},{"tag":"TypeVar","contents":"c"}]}]},{"tag":"TypeApp","contents":[{"tag":"TypeApp","contents":[{"tag":"TypeVar","contents":"p"},{"tag":"TypeVar","contents":"a"}]},{"tag":"TypeApp","contents":[{"tag":"TypeApp","contents":[{"tag":"TypeConstructor","contents":[["Data","Tuple"],"Tuple"]},{"tag":"TypeVar","contents":"b"}]},{"tag":"TypeVar","contents":"c"}]}]}]}]}]}]},34]},35]},36]},37]}}},{"EDValue":{"edValueName":{"Ident":"first"},"edValueType":{"tag":"ForAll","contents":["p",{"tag":"ForAll","contents":["c",{"tag":"ForAll","contents":["b",{"tag":"ForAll","contents":["a",{"tag":"ConstrainedType","contents":[{"constraintClass":[["Data","Profunctor","Strong"],"Strong"],"constraintArgs":[{"tag":"TypeVar","contents":"p"}],"constraintData":null},{"tag":"TypeApp","contents":[{"tag":"TypeApp","contents":[{"tag":"TypeConstructor","contents":[["Prim"],"Function"]},{"tag":"TypeApp","contents":[{"tag":"TypeApp","contents":[{"tag":"TypeVar","contents":"p"},{"tag":"TypeVar","contents":"a"}]},{"tag":"TypeVar","contents":"b"}]}]},{"tag":"TypeApp","contents":[{"tag":"TypeApp","contents":[{"tag":"TypeVar","contents":"p"},{"tag":"TypeApp","contents":[{"tag":"TypeApp","contents":[{"tag":"TypeConstructor","contents":[["Data","Tuple"],"Tuple"]},{"tag":"TypeVar","contents":"a"}]},{"tag":"TypeVar","contents":"c"}]}]},{"tag":"TypeApp","contents":[{"tag":"TypeApp","contents":[{"tag":"TypeConstructor","contents":[["Data","Tuple"],"Tuple"]},{"tag":"TypeVar","contents":"b"}]},{"tag":"TypeVar","contents":"c"}]}]}]}]},20]},21]},22]},23]}}},{"EDValue":{"edValueName":{"Ident":"second"},"edValueType":{"tag":"ForAll","contents":["p",{"tag":"ForAll","contents":["c",{"tag":"ForAll","contents":["b",{"tag":"ForAll","contents":["a",{"tag":"ConstrainedType","contents":[{"constraintClass":[["Data","Profunctor","Strong"],"Strong"],"constraintArgs":[{"tag":"TypeVar","contents":"p"}],"constraintData":null},{"tag":"TypeApp","contents":[{"tag":"TypeApp","contents":[{"tag":"TypeConstructor","contents":[["Prim"],"Function"]},{"tag":"TypeApp","contents":[{"tag":"TypeApp","contents":[{"tag":"TypeVar","contents":"p"},{"tag":"TypeVar","contents":"b"}]},{"tag":"TypeVar","contents":"c"}]}]},{"tag":"TypeApp","contents":[{"tag":"TypeApp","contents":[{"tag":"TypeVar","contents":"p"},{"tag":"TypeApp","contents":[{"tag":"TypeApp","contents":[{"tag":"TypeConstructor","contents":[["Data","Tuple"],"Tuple"]},{"tag":"TypeVar","contents":"a"}]},{"tag":"TypeVar","contents":"b"}]}]},{"tag":"TypeApp","contents":[{"tag":"TypeApp","contents":[{"tag":"TypeConstructor","contents":[["Data","Tuple"],"Tuple"]},{"tag":"TypeVar","contents":"a"}]},{"tag":"TypeVar","contents":"c"}]}]}]}]},16]},17]},18]},19]}}},{"EDValue":{"edValueName":{"Ident":"splitStrong"},"edValueType":{"tag":"ForAll","contents":["d",{"tag":"ForAll","contents":["c",{"tag":"ForAll","contents":["b",{"tag":"ForAll","contents":["a",{"tag":"ForAll","contents":["p",{"tag":"ConstrainedType","contents":[{"constraintClass":[["Control","Category"],"Category"],"constraintArgs":[{"tag":"TypeVar","contents":"p"}],"constraintData":null},{"tag":"ConstrainedType","contents":[{"constraintClass":[["Data","Profunctor","Strong"],"Strong"],"constraintArgs":[{"tag":"TypeVar","contents":"p"}],"constraintData":null},{"tag":"TypeApp","contents":[{"tag":"TypeApp","contents":[{"tag":"TypeConstructor","contents":[["Prim"],"Function"]},{"tag":"TypeApp","contents":[{"tag":"TypeApp","contents":[{"tag":"TypeVar","contents":"p"},{"tag":"TypeVar","contents":"a"}]},{"tag":"TypeVar","contents":"b"}]}]},{"tag":"TypeApp","contents":[{"tag":"TypeApp","contents":[{"tag":"TypeConstructor","contents":[["Prim"],"Function"]},{"tag":"TypeApp","contents":[{"tag":"TypeApp","contents":[{"tag":"TypeVar","contents":"p"},{"tag":"TypeVar","contents":"c"}]},{"tag":"TypeVar","contents":"d"}]}]},{"tag":"TypeApp","contents":[{"tag":"TypeApp","contents":[{"tag":"TypeVar","contents":"p"},{"tag":"TypeApp","contents":[{"tag":"TypeApp","contents":[{"tag":"TypeConstructor","contents":[["Data","Tuple"],"Tuple"]},{"tag":"TypeVar","contents":"a"}]},{"tag":"TypeVar","contents":"c"}]}]},{"tag":"TypeApp","contents":[{"tag":"TypeApp","contents":[{"tag":"TypeConstructor","contents":[["Data","Tuple"],"Tuple"]},{"tag":"TypeVar","contents":"b"}]},{"tag":"TypeVar","contents":"d"}]}]}]}]}]}]},24]},25]},26]},27]},28]}}},{"EDInstance":{"edInstanceClassName":[["Data","Profunctor","Strong"],"Strong"],"edInstanceName":{"Ident":"strongFn"},"edInstanceTypes":[{"tag":"TypeConstructor","contents":[["Prim"],"Function"]}],"edInstanceConstraints":[]}}],"efSourceSpan":{"start":[1,1],"name":"C:\\Users\\I344006\\purescript\\juspay_rotatecube\\bower_components\\purescript-profunctor\\src\\Data\\Profunctor\\Strong.purs","end":[83,20]}}