{"efVersion":"0.11.6","efModuleName":["Color","Scheme","HTML"],"efExports":[{"ReExportRef":[{"start":[1,1],"name":"C:\\Users\\I344006\\purescript\\juspay_rotatecube\\bower_components\\purescript-colors\\src\\Color\\Scheme\\HTML.purs","end":[10,69]},["Color","Scheme","X11"],{"ValueRef":[{"start":[1,1],"name":"C:\\Users\\I344006\\purescript\\juspay_rotatecube\\bower_components\\purescript-colors\\src\\Color\\Scheme\\HTML.purs","end":[10,69]},{"Ident":"aqua"}]}]},{"ReExportRef":[{"start":[1,1],"name":"C:\\Users\\I344006\\purescript\\juspay_rotatecube\\bower_components\\purescript-colors\\src\\Color\\Scheme\\HTML.purs","end":[10,69]},["Color","Scheme","X11"],{"ValueRef":[{"start":[1,1],"name":"C:\\Users\\I344006\\purescript\\juspay_rotatecube\\bower_components\\purescript-colors\\src\\Color\\Scheme\\HTML.purs","end":[10,69]},{"Ident":"blue"}]}]},{"ReExportRef":[{"start":[1,1],"name":"C:\\Users\\I344006\\purescript\\juspay_rotatecube\\bower_components\\purescript-colors\\src\\Color\\Scheme\\HTML.purs","end":[10,69]},["Color","Scheme","X11"],{"ValueRef":[{"start":[1,1],"name":"C:\\Users\\I344006\\purescript\\juspay_rotatecube\\bower_components\\purescript-colors\\src\\Color\\Scheme\\HTML.purs","end":[10,69]},{"Ident":"fuchsia"}]}]},{"ReExportRef":[{"start":[1,1],"name":"C:\\Users\\I344006\\purescript\\juspay_rotatecube\\bower_components\\purescript-colors\\src\\Color\\Scheme\\HTML.purs","end":[10,69]},["Color","Scheme","X11"],{"ValueRef":[{"start":[1,1],"name":"C:\\Users\\I344006\\purescript\\juspay_rotatecube\\bower_components\\purescript-colors\\src\\Color\\Scheme\\HTML.purs","end":[10,69]},{"Ident":"gray"}]}]},{"ReExportRef":[{"start":[1,1],"name":"C:\\Users\\I344006\\purescript\\juspay_rotatecube\\bower_components\\purescript-colors\\src\\Color\\Scheme\\HTML.purs","end":[10,69]},["Color","Scheme","X11"],{"ValueRef":[{"start":[1,1],"name":"C:\\Users\\I344006\\purescript\\juspay_rotatecube\\bower_components\\purescript-colors\\src\\Color\\Scheme\\HTML.purs","end":[10,69]},{"Ident":"green"}]}]},{"ReExportRef":[{"start":[1,1],"name":"C:\\Users\\I344006\\purescript\\juspay_rotatecube\\bower_components\\purescript-colors\\src\\Color\\Scheme\\HTML.purs","end":[10,69]},["Color","Scheme","X11"],{"ValueRef":[{"start":[1,1],"name":"C:\\Users\\I344006\\purescript\\juspay_rotatecube\\bower_components\\purescript-colors\\src\\Color\\Scheme\\HTML.purs","end":[10,69]},{"Ident":"lime"}]}]},{"ReExportRef":[{"start":[1,1],"name":"C:\\Users\\I344006\\purescript\\juspay_rotatecube\\bower_components\\purescript-colors\\src\\Color\\Scheme\\HTML.purs","end":[10,69]},["Color","Scheme","X11"],{"ValueRef":[{"start":[1,1],"name":"C:\\Users\\I344006\\purescript\\juspay_rotatecube\\bower_components\\purescript-colors\\src\\Color\\Scheme\\HTML.purs","end":[10,69]},{"Ident":"maroon"}]}]},{"ReExportRef":[{"start":[1,1],"name":"C:\\Users\\I344006\\purescript\\juspay_rotatecube\\bower_components\\purescript-colors\\src\\Color\\Scheme\\HTML.purs","end":[10,69]},["Color","Scheme","X11"],{"ValueRef":[{"start":[1,1],"name":"C:\\Users\\I344006\\purescript\\juspay_rotatecube\\bower_components\\purescript-colors\\src\\Color\\Scheme\\HTML.purs","end":[10,69]},{"Ident":"navy"}]}]},{"ReExportRef":[{"start":[1,1],"name":"C:\\Users\\I344006\\purescript\\juspay_rotatecube\\bower_components\\purescript-colors\\src\\Color\\Scheme\\HTML.purs","end":[10,69]},["Color","Scheme","X11"],{"ValueRef":[{"start":[1,1],"name":"C:\\Users\\I344006\\purescript\\juspay_rotatecube\\bower_components\\purescript-colors\\src\\Color\\Scheme\\HTML.purs","end":[10,69]},{"Ident":"olive"}]}]},{"ReExportRef":[{"start":[1,1],"name":"C:\\Users\\I344006\\purescript\\juspay_rotatecube\\bower_components\\purescript-colors\\src\\Color\\Scheme\\HTML.purs","end":[10,69]},["Color","Scheme","X11"],{"ValueRef":[{"start":[1,1],"name":"C:\\Users\\I344006\\purescript\\juspay_rotatecube\\bower_components\\purescript-colors\\src\\Color\\Scheme\\HTML.purs","end":[10,69]},{"Ident":"purple"}]}]},{"ReExportRef":[{"start":[1,1],"name":"C:\\Users\\I344006\\purescript\\juspay_rotatecube\\bower_components\\purescript-colors\\src\\Color\\Scheme\\HTML.purs","end":[10,69]},["Color","Scheme","X11"],{"ValueRef":[{"start":[1,1],"name":"C:\\Users\\I344006\\purescript\\juspay_rotatecube\\bower_components\\purescript-colors\\src\\Color\\Scheme\\HTML.purs","end":[10,69]},{"Ident":"red"}]}]},{"ReExportRef":[{"start":[1,1],"name":"C:\\Users\\I344006\\purescript\\juspay_rotatecube\\bower_components\\purescript-colors\\src\\Color\\Scheme\\HTML.purs","end":[10,69]},["Color","Scheme","X11"],{"ValueRef":[{"start":[1,1],"name":"C:\\Users\\I344006\\purescript\\juspay_rotatecube\\bower_components\\purescript-colors\\src\\Color\\Scheme\\HTML.purs","end":[10,69]},{"Ident":"silver"}]}]},{"ReExportRef":[{"start":[1,1],"name":"C:\\Users\\I344006\\purescript\\juspay_rotatecube\\bower_components\\purescript-colors\\src\\Color\\Scheme\\HTML.purs","end":[10,69]},["Color","Scheme","X11"],{"ValueRef":[{"start":[1,1],"name":"C:\\Users\\I344006\\purescript\\juspay_rotatecube\\bower_components\\purescript-colors\\src\\Color\\Scheme\\HTML.purs","end":[10,69]},{"Ident":"teal"}]}]},{"ReExportRef":[{"start":[1,1],"name":"C:\\Users\\I344006\\purescript\\juspay_rotatecube\\bower_components\\purescript-colors\\src\\Color\\Scheme\\HTML.purs","end":[10,69]},["Color","Scheme","X11"],{"ValueRef":[{"start":[1,1],"name":"C:\\Users\\I344006\\purescript\\juspay_rotatecube\\bower_components\\purescript-colors\\src\\Color\\Scheme\\HTML.purs","end":[10,69]},{"Ident":"yellow"}]}]},{"ModuleRef":[{"start":[6,5],"name":"C:\\Users\\I344006\\purescript\\juspay_rotatecube\\bower_components\\purescript-colors\\src\\Color\\Scheme\\HTML.purs","end":[6,28]},["Color","Scheme","X11"]]}],"efImports":[{"eiModule":["Prim"],"eiImportType":{"Implicit":[]},"eiImportedAs":null},{"eiModule":["Prim"],"eiImportType":{"Implicit":[]},"eiImportedAs":["Prim"]},{"eiModule":["Color","Scheme","X11"],"eiImportType":{"Explicit":[{"ValueRef":[{"start":[9,26],"name":"C:\\Users\\I344006\\purescript\\juspay_rotatecube\\bower_components\\purescript-colors\\src\\Color\\Scheme\\HTML.purs","end":[9,32]},{"Ident":"silver"}]},{"ValueRef":[{"start":[9,34],"name":"C:\\Users\\I344006\\purescript\\juspay_rotatecube\\bower_components\\purescript-colors\\src\\Color\\Scheme\\HTML.purs","end":[9,38]},{"Ident":"gray"}]},{"ValueRef":[{"start":[9,40],"name":"C:\\Users\\I344006\\purescript\\juspay_rotatecube\\bower_components\\purescript-colors\\src\\Color\\Scheme\\HTML.purs","end":[9,46]},{"Ident":"maroon"}]},{"ValueRef":[{"start":[9,48],"name":"C:\\Users\\I344006\\purescript\\juspay_rotatecube\\bower_components\\purescript-colors\\src\\Color\\Scheme\\HTML.purs","end":[9,51]},{"Ident":"red"}]},{"ValueRef":[{"start":[9,53],"name":"C:\\Users\\I344006\\purescript\\juspay_rotatecube\\bower_components\\purescript-colors\\src\\Color\\Scheme\\HTML.purs","end":[9,59]},{"Ident":"purple"}]},{"ValueRef":[{"start":[9,61],"name":"C:\\Users\\I344006\\purescript\\juspay_rotatecube\\bower_components\\purescript-colors\\src\\Color\\Scheme\\HTML.purs","end":[9,68]},{"Ident":"fuchsia"}]},{"ValueRef":[{"start":[9,70],"name":"C:\\Users\\I344006\\purescript\\juspay_rotatecube\\bower_components\\purescript-colors\\src\\Color\\Scheme\\HTML.purs","end":[9,75]},{"Ident":"green"}]},{"ValueRef":[{"start":[10,26],"name":"C:\\Users\\I344006\\purescript\\juspay_rotatecube\\bower_components\\purescript-colors\\src\\Color\\Scheme\\HTML.purs","end":[10,30]},{"Ident":"lime"}]},{"ValueRef":[{"start":[10,32],"name":"C:\\Users\\I344006\\purescript\\juspay_rotatecube\\bower_components\\purescript-colors\\src\\Color\\Scheme\\HTML.purs","end":[10,37]},{"Ident":"olive"}]},{"ValueRef":[{"start":[10,39],"name":"C:\\Users\\I344006\\purescript\\juspay_rotatecube\\bower_components\\purescript-colors\\src\\Color\\Scheme\\HTML.purs","end":[10,45]},{"Ident":"yellow"}]},{"ValueRef":[{"start":[10,47],"name":"C:\\Users\\I344006\\purescript\\juspay_rotatecube\\bower_components\\purescript-colors\\src\\Color\\Scheme\\HTML.purs","end":[10,51]},{"Ident":"navy"}]},{"ValueRef":[{"start":[10,53],"name":"C:\\Users\\I344006\\purescript\\juspay_rotatecube\\bower_components\\purescript-colors\\src\\Color\\Scheme\\HTML.purs","end":[10,57]},{"Ident":"blue"}]},{"ValueRef":[{"start":[10,59],"name":"C:\\Users\\I344006\\purescript\\juspay_rotatecube\\bower_components\\purescript-colors\\src\\Color\\Scheme\\HTML.purs","end":[10,63]},{"Ident":"teal"}]},{"ValueRef":[{"start":[10,65],"name":"C:\\Users\\I344006\\purescript\\juspay_rotatecube\\bower_components\\purescript-colors\\src\\Color\\Scheme\\HTML.purs","end":[10,69]},{"Ident":"aqua"}]}]},"eiImportedAs":null}],"efFixities":[],"efTypeFixities":[],"efDeclarations":[],"efSourceSpan":{"start":[1,1],"name":"C:\\Users\\I344006\\purescript\\juspay_rotatecube\\bower_components\\purescript-colors\\src\\Color\\Scheme\\HTML.purs","end":[10,69]}}