{"efVersion":"0.11.6","efModuleName":["Data","Record","Unsafe"],"efExports":[{"ValueRef":[{"start":[1,1],"name":"C:\\Users\\I344006\\purescript\\juspay_rotatecube\\bower_components\\purescript-record\\src\\Data\\Record\\Unsafe.purs","end":[23,23]},{"Ident":"unsafeDelete"}]},{"ValueRef":[{"start":[1,1],"name":"C:\\Users\\I344006\\purescript\\juspay_rotatecube\\bower_components\\purescript-record\\src\\Data\\Record\\Unsafe.purs","end":[23,23]},{"Ident":"unsafeDeleteFn"}]},{"ValueRef":[{"start":[1,1],"name":"C:\\Users\\I344006\\purescript\\juspay_rotatecube\\bower_components\\purescript-record\\src\\Data\\Record\\Unsafe.purs","end":[23,23]},{"Ident":"unsafeGet"}]},{"ValueRef":[{"start":[1,1],"name":"C:\\Users\\I344006\\purescript\\juspay_rotatecube\\bower_components\\purescript-record\\src\\Data\\Record\\Unsafe.purs","end":[23,23]},{"Ident":"unsafeGetFn"}]},{"ValueRef":[{"start":[1,1],"name":"C:\\Users\\I344006\\purescript\\juspay_rotatecube\\bower_components\\purescript-record\\src\\Data\\Record\\Unsafe.purs","end":[23,23]},{"Ident":"unsafeSet"}]},{"ValueRef":[{"start":[1,1],"name":"C:\\Users\\I344006\\purescript\\juspay_rotatecube\\bower_components\\purescript-record\\src\\Data\\Record\\Unsafe.purs","end":[23,23]},{"Ident":"unsafeSetFn"}]}],"efImports":[{"eiModule":["Prim"],"eiImportType":{"Implicit":[]},"eiImportedAs":null},{"eiModule":["Prim"],"eiImportType":{"Implicit":[]},"eiImportedAs":["Prim"]},{"eiModule":["Data","Function","Uncurried"],"eiImportType":{"Explicit":[{"TypeRef":[{"start":[10,33],"name":"C:\\Users\\I344006\\purescript\\juspay_rotatecube\\bower_components\\purescript-record\\src\\Data\\Record\\Unsafe.purs","end":[10,36]},"Fn2",[]]},{"TypeRef":[{"start":[10,38],"name":"C:\\Users\\I344006\\purescript\\juspay_rotatecube\\bower_components\\purescript-record\\src\\Data\\Record\\Unsafe.purs","end":[10,41]},"Fn3",[]]},{"ValueRef":[{"start":[10,43],"name":"C:\\Users\\I344006\\purescript\\juspay_rotatecube\\bower_components\\purescript-record\\src\\Data\\Record\\Unsafe.purs","end":[10,49]},{"Ident":"runFn2"}]},{"ValueRef":[{"start":[10,51],"name":"C:\\Users\\I344006\\purescript\\juspay_rotatecube\\bower_components\\purescript-record\\src\\Data\\Record\\Unsafe.purs","end":[10,57]},{"Ident":"runFn3"}]}]},"eiImportedAs":null}],"efFixities":[],"efTypeFixities":[],"efDeclarations":[{"EDValue":{"edValueName":{"Ident":"unsafeDelete"},"edValueType":{"tag":"ForAll","contents":["r2",{"tag":"ForAll","contents":["r1",{"tag":"TypeApp","contents":[{"tag":"TypeApp","contents":[{"tag":"TypeConstructor","contents":[["Prim"],"Function"]},{"tag":"TypeConstructor","contents":[["Prim"],"String"]}]},{"tag":"TypeApp","contents":[{"tag":"TypeApp","contents":[{"tag":"TypeConstructor","contents":[["Prim"],"Function"]},{"tag":"TypeApp","contents":[{"tag":"TypeConstructor","contents":[["Prim"],"Record"]},{"tag":"TypeVar","contents":"r1"}]}]},{"tag":"TypeApp","contents":[{"tag":"TypeConstructor","contents":[["Prim"],"Record"]},{"tag":"TypeVar","contents":"r2"}]}]}]},22]},23]}}},{"EDValue":{"edValueName":{"Ident":"unsafeDeleteFn"},"edValueType":{"tag":"ForAll","contents":["r2",{"tag":"ForAll","contents":["r1",{"tag":"TypeApp","contents":[{"tag":"TypeApp","contents":[{"tag":"TypeApp","contents":[{"tag":"TypeConstructor","contents":[["Data","Function","Uncurried"],"Fn2"]},{"tag":"TypeConstructor","contents":[["Prim"],"String"]}]},{"tag":"TypeApp","contents":[{"tag":"TypeConstructor","contents":[["Prim"],"Record"]},{"tag":"TypeVar","contents":"r1"}]}]},{"tag":"TypeApp","contents":[{"tag":"TypeConstructor","contents":[["Prim"],"Record"]},{"tag":"TypeVar","contents":"r2"}]}]},null]},null]}}},{"EDValue":{"edValueName":{"Ident":"unsafeGet"},"edValueType":{"tag":"ForAll","contents":["a",{"tag":"ForAll","contents":["r",{"tag":"TypeApp","contents":[{"tag":"TypeApp","contents":[{"tag":"TypeConstructor","contents":[["Prim"],"Function"]},{"tag":"TypeConstructor","contents":[["Prim"],"String"]}]},{"tag":"TypeApp","contents":[{"tag":"TypeApp","contents":[{"tag":"TypeConstructor","contents":[["Prim"],"Function"]},{"tag":"TypeApp","contents":[{"tag":"TypeConstructor","contents":[["Prim"],"Record"]},{"tag":"TypeVar","contents":"r"}]}]},{"tag":"TypeVar","contents":"a"}]}]},13]},14]}}},{"EDValue":{"edValueName":{"Ident":"unsafeGetFn"},"edValueType":{"tag":"ForAll","contents":["a",{"tag":"ForAll","contents":["r",{"tag":"TypeApp","contents":[{"tag":"TypeApp","contents":[{"tag":"TypeApp","contents":[{"tag":"TypeConstructor","contents":[["Data","Function","Uncurried"],"Fn2"]},{"tag":"TypeConstructor","contents":[["Prim"],"String"]}]},{"tag":"TypeApp","contents":[{"tag":"TypeConstructor","contents":[["Prim"],"Record"]},{"tag":"TypeVar","contents":"r"}]}]},{"tag":"TypeVar","contents":"a"}]},null]},null]}}},{"EDValue":{"edValueName":{"Ident":"unsafeSet"},"edValueType":{"tag":"ForAll","contents":["a",{"tag":"ForAll","contents":["r2",{"tag":"ForAll","contents":["r1",{"tag":"TypeApp","contents":[{"tag":"TypeApp","contents":[{"tag":"TypeConstructor","contents":[["Prim"],"Function"]},{"tag":"TypeConstructor","contents":[["Prim"],"String"]}]},{"tag":"TypeApp","contents":[{"tag":"TypeApp","contents":[{"tag":"TypeConstructor","contents":[["Prim"],"Function"]},{"tag":"TypeVar","contents":"a"}]},{"tag":"TypeApp","contents":[{"tag":"TypeApp","contents":[{"tag":"TypeConstructor","contents":[["Prim"],"Function"]},{"tag":"TypeApp","contents":[{"tag":"TypeConstructor","contents":[["Prim"],"Record"]},{"tag":"TypeVar","contents":"r1"}]}]},{"tag":"TypeApp","contents":[{"tag":"TypeConstructor","contents":[["Prim"],"Record"]},{"tag":"TypeVar","contents":"r2"}]}]}]}]},0]},1]},2]}}},{"EDValue":{"edValueName":{"Ident":"unsafeSetFn"},"edValueType":{"tag":"ForAll","contents":["a",{"tag":"ForAll","contents":["r2",{"tag":"ForAll","contents":["r1",{"tag":"TypeApp","contents":[{"tag":"TypeApp","contents":[{"tag":"TypeApp","contents":[{"tag":"TypeApp","contents":[{"tag":"TypeConstructor","contents":[["Data","Function","Uncurried"],"Fn3"]},{"tag":"TypeConstructor","contents":[["Prim"],"String"]}]},{"tag":"TypeVar","contents":"a"}]},{"tag":"TypeApp","contents":[{"tag":"TypeConstructor","contents":[["Prim"],"Record"]},{"tag":"TypeVar","contents":"r1"}]}]},{"tag":"TypeApp","contents":[{"tag":"TypeConstructor","contents":[["Prim"],"Record"]},{"tag":"TypeVar","contents":"r2"}]}]},null]},null]},null]}}}],"efSourceSpan":{"start":[1,1],"name":"C:\\Users\\I344006\\purescript\\juspay_rotatecube\\bower_components\\purescript-record\\src\\Data\\Record\\Unsafe.purs","end":[23,23]}}