{"efVersion":"0.11.6","efModuleName":["Data","Predicate"],"efExports":[{"TypeRef":[{"start":[1,1],"name":"C:\\Users\\I344006\\purescript\\juspay_rotatecube\\bower_components\\purescript-contravariant\\src\\Data\\Predicate.purs","end":[18,44]},"Predicate",["Predicate"]]},{"TypeInstanceRef":[{"start":[0,0],"name":"<generated>","end":[0,0]},{"Ident":"newtypePredicate"}]},{"TypeInstanceRef":[{"start":[0,0],"name":"<generated>","end":[0,0]},{"Ident":"heytingAlgebraPredicate"}]},{"TypeInstanceRef":[{"start":[0,0],"name":"<generated>","end":[0,0]},{"Ident":"booleanAlgebraPredicate"}]},{"TypeInstanceRef":[{"start":[0,0],"name":"<generated>","end":[0,0]},{"Ident":"contravariantPredicate"}]}],"efImports":[{"eiModule":["Prim"],"eiImportType":{"Implicit":[]},"eiImportedAs":null},{"eiModule":["Prim"],"eiImportType":{"Implicit":[]},"eiImportedAs":["Prim"]},{"eiModule":["Prelude"],"eiImportType":{"Implicit":[]},"eiImportedAs":null},{"eiModule":["Data","Functor","Contravariant"],"eiImportType":{"Explicit":[{"TypeClassRef":[{"start":[5,36],"name":"C:\\Users\\I344006\\purescript\\juspay_rotatecube\\bower_components\\purescript-contravariant\\src\\Data\\Predicate.purs","end":[5,55]},"Contravariant"]}]},"eiImportedAs":null},{"eiModule":["Data","Newtype"],"eiImportType":{"Explicit":[{"TypeClassRef":[{"start":[6,22],"name":"C:\\Users\\I344006\\purescript\\juspay_rotatecube\\bower_components\\purescript-contravariant\\src\\Data\\Predicate.purs","end":[6,35]},"Newtype"]}]},"eiImportedAs":null}],"efFixities":[],"efTypeFixities":[],"efDeclarations":[{"EDType":{"edTypeName":"Predicate","edTypeKind":{"tag":"FunKind","contents":[{"tag":"NamedKind","contents":[["Prim"],"Type"]},{"tag":"NamedKind","contents":[["Prim"],"Type"]}]},"edTypeDeclarationKind":{"DataType":{"args":[["a",{"tag":"NamedKind","contents":[["Prim"],"Type"]}]],"ctors":[["Predicate",[{"tag":"TypeApp","contents":[{"tag":"TypeApp","contents":[{"tag":"TypeConstructor","contents":[["Prim"],"Function"]},{"tag":"TypeVar","contents":"a"}]},{"tag":"TypeConstructor","contents":[["Prim"],"Boolean"]}]}]]]}}}},{"EDDataConstructor":{"edDataCtorName":"Predicate","edDataCtorOrigin":"newtype","edDataCtorTypeCtor":"Predicate","edDataCtorType":{"tag":"ForAll","contents":["a",{"tag":"TypeApp","contents":[{"tag":"TypeApp","contents":[{"tag":"TypeConstructor","contents":[["Prim"],"Function"]},{"tag":"TypeApp","contents":[{"tag":"TypeApp","contents":[{"tag":"TypeConstructor","contents":[["Prim"],"Function"]},{"tag":"TypeVar","contents":"a"}]},{"tag":"TypeConstructor","contents":[["Prim"],"Boolean"]}]}]},{"tag":"TypeApp","contents":[{"tag":"TypeConstructor","contents":[["Data","Predicate"],"Predicate"]},{"tag":"TypeVar","contents":"a"}]}]},null]},"edDataCtorFields":[{"Ident":"value0"}]}},{"EDInstance":{"edInstanceClassName":[["Data","Newtype"],"Newtype"],"edInstanceName":{"Ident":"newtypePredicate"},"edInstanceTypes":[{"tag":"TypeApp","contents":[{"tag":"TypeConstructor","contents":[["Data","Predicate"],"Predicate"]},{"tag":"TypeVar","contents":"a"}]},{"tag":"TypeApp","contents":[{"tag":"TypeApp","contents":[{"tag":"TypeConstructor","contents":[["Prim"],"Function"]},{"tag":"TypeVar","contents":"a"}]},{"tag":"TypeConstructor","contents":[["Prim"],"Boolean"]}]}],"edInstanceConstraints":[]}},{"EDInstance":{"edInstanceClassName":[["Data","HeytingAlgebra"],"HeytingAlgebra"],"edInstanceName":{"Ident":"heytingAlgebraPredicate"},"edInstanceTypes":[{"tag":"TypeApp","contents":[{"tag":"TypeConstructor","contents":[["Data","Predicate"],"Predicate"]},{"tag":"TypeVar","contents":"a"}]}],"edInstanceConstraints":[]}},{"EDInstance":{"edInstanceClassName":[["Data","BooleanAlgebra"],"BooleanAlgebra"],"edInstanceName":{"Ident":"booleanAlgebraPredicate"},"edInstanceTypes":[{"tag":"TypeApp","contents":[{"tag":"TypeConstructor","contents":[["Data","Predicate"],"Predicate"]},{"tag":"TypeVar","contents":"a"}]}],"edInstanceConstraints":[]}},{"EDInstance":{"edInstanceClassName":[["Data","Functor","Contravariant"],"Contravariant"],"edInstanceName":{"Ident":"contravariantPredicate"},"edInstanceTypes":[{"tag":"TypeConstructor","contents":[["Data","Predicate"],"Predicate"]}],"edInstanceConstraints":[]}}],"efSourceSpan":{"start":[1,1],"name":"C:\\Users\\I344006\\purescript\\juspay_rotatecube\\bower_components\\purescript-contravariant\\src\\Data\\Predicate.purs","end":[18,44]}}