{"efVersion":"0.11.6","efModuleName":["Data","Decimal"],"efExports":[{"TypeRef":[{"start":[1,1],"name":"C:\\Users\\I344006\\purescript\\juspay_rotatecube\\bower_components\\purescript-decimals\\src\\Data\\Decimal.purs","end":[208,21]},"Decimal",[]]},{"ValueRef":[{"start":[1,1],"name":"C:\\Users\\I344006\\purescript\\juspay_rotatecube\\bower_components\\purescript-decimals\\src\\Data\\Decimal.purs","end":[208,21]},{"Ident":"abs"}]},{"ValueRef":[{"start":[1,1],"name":"C:\\Users\\I344006\\purescript\\juspay_rotatecube\\bower_components\\purescript-decimals\\src\\Data\\Decimal.purs","end":[208,21]},{"Ident":"acos"}]},{"ValueRef":[{"start":[1,1],"name":"C:\\Users\\I344006\\purescript\\juspay_rotatecube\\bower_components\\purescript-decimals\\src\\Data\\Decimal.purs","end":[208,21]},{"Ident":"acosh"}]},{"ValueRef":[{"start":[1,1],"name":"C:\\Users\\I344006\\purescript\\juspay_rotatecube\\bower_components\\purescript-decimals\\src\\Data\\Decimal.purs","end":[208,21]},{"Ident":"asin"}]},{"ValueRef":[{"start":[1,1],"name":"C:\\Users\\I344006\\purescript\\juspay_rotatecube\\bower_components\\purescript-decimals\\src\\Data\\Decimal.purs","end":[208,21]},{"Ident":"asinh"}]},{"ValueRef":[{"start":[1,1],"name":"C:\\Users\\I344006\\purescript\\juspay_rotatecube\\bower_components\\purescript-decimals\\src\\Data\\Decimal.purs","end":[208,21]},{"Ident":"atan"}]},{"ValueRef":[{"start":[1,1],"name":"C:\\Users\\I344006\\purescript\\juspay_rotatecube\\bower_components\\purescript-decimals\\src\\Data\\Decimal.purs","end":[208,21]},{"Ident":"atan2"}]},{"ValueRef":[{"start":[1,1],"name":"C:\\Users\\I344006\\purescript\\juspay_rotatecube\\bower_components\\purescript-decimals\\src\\Data\\Decimal.purs","end":[208,21]},{"Ident":"atanh"}]},{"ValueRef":[{"start":[1,1],"name":"C:\\Users\\I344006\\purescript\\juspay_rotatecube\\bower_components\\purescript-decimals\\src\\Data\\Decimal.purs","end":[208,21]},{"Ident":"ceil"}]},{"ValueRef":[{"start":[1,1],"name":"C:\\Users\\I344006\\purescript\\juspay_rotatecube\\bower_components\\purescript-decimals\\src\\Data\\Decimal.purs","end":[208,21]},{"Ident":"cos"}]},{"ValueRef":[{"start":[1,1],"name":"C:\\Users\\I344006\\purescript\\juspay_rotatecube\\bower_components\\purescript-decimals\\src\\Data\\Decimal.purs","end":[208,21]},{"Ident":"cosh"}]},{"ValueRef":[{"start":[1,1],"name":"C:\\Users\\I344006\\purescript\\juspay_rotatecube\\bower_components\\purescript-decimals\\src\\Data\\Decimal.purs","end":[208,21]},{"Ident":"e"}]},{"ValueRef":[{"start":[1,1],"name":"C:\\Users\\I344006\\purescript\\juspay_rotatecube\\bower_components\\purescript-decimals\\src\\Data\\Decimal.purs","end":[208,21]},{"Ident":"exp"}]},{"ValueRef":[{"start":[1,1],"name":"C:\\Users\\I344006\\purescript\\juspay_rotatecube\\bower_components\\purescript-decimals\\src\\Data\\Decimal.purs","end":[208,21]},{"Ident":"floor"}]},{"ValueRef":[{"start":[1,1],"name":"C:\\Users\\I344006\\purescript\\juspay_rotatecube\\bower_components\\purescript-decimals\\src\\Data\\Decimal.purs","end":[208,21]},{"Ident":"fromInt"}]},{"ValueRef":[{"start":[1,1],"name":"C:\\Users\\I344006\\purescript\\juspay_rotatecube\\bower_components\\purescript-decimals\\src\\Data\\Decimal.purs","end":[208,21]},{"Ident":"fromNumber"}]},{"ValueRef":[{"start":[1,1],"name":"C:\\Users\\I344006\\purescript\\juspay_rotatecube\\bower_components\\purescript-decimals\\src\\Data\\Decimal.purs","end":[208,21]},{"Ident":"fromString"}]},{"ValueRef":[{"start":[1,1],"name":"C:\\Users\\I344006\\purescript\\juspay_rotatecube\\bower_components\\purescript-decimals\\src\\Data\\Decimal.purs","end":[208,21]},{"Ident":"isFinite"}]},{"ValueRef":[{"start":[1,1],"name":"C:\\Users\\I344006\\purescript\\juspay_rotatecube\\bower_components\\purescript-decimals\\src\\Data\\Decimal.purs","end":[208,21]},{"Ident":"isInteger"}]},{"ValueRef":[{"start":[1,1],"name":"C:\\Users\\I344006\\purescript\\juspay_rotatecube\\bower_components\\purescript-decimals\\src\\Data\\Decimal.purs","end":[208,21]},{"Ident":"ln"}]},{"ValueRef":[{"start":[1,1],"name":"C:\\Users\\I344006\\purescript\\juspay_rotatecube\\bower_components\\purescript-decimals\\src\\Data\\Decimal.purs","end":[208,21]},{"Ident":"log10"}]},{"ValueRef":[{"start":[1,1],"name":"C:\\Users\\I344006\\purescript\\juspay_rotatecube\\bower_components\\purescript-decimals\\src\\Data\\Decimal.purs","end":[208,21]},{"Ident":"max"}]},{"ValueRef":[{"start":[1,1],"name":"C:\\Users\\I344006\\purescript\\juspay_rotatecube\\bower_components\\purescript-decimals\\src\\Data\\Decimal.purs","end":[208,21]},{"Ident":"min"}]},{"ValueRef":[{"start":[1,1],"name":"C:\\Users\\I344006\\purescript\\juspay_rotatecube\\bower_components\\purescript-decimals\\src\\Data\\Decimal.purs","end":[208,21]},{"Ident":"pi"}]},{"ValueRef":[{"start":[1,1],"name":"C:\\Users\\I344006\\purescript\\juspay_rotatecube\\bower_components\\purescript-decimals\\src\\Data\\Decimal.purs","end":[208,21]},{"Ident":"pow"}]},{"ValueRef":[{"start":[1,1],"name":"C:\\Users\\I344006\\purescript\\juspay_rotatecube\\bower_components\\purescript-decimals\\src\\Data\\Decimal.purs","end":[208,21]},{"Ident":"round"}]},{"ValueRef":[{"start":[1,1],"name":"C:\\Users\\I344006\\purescript\\juspay_rotatecube\\bower_components\\purescript-decimals\\src\\Data\\Decimal.purs","end":[208,21]},{"Ident":"sin"}]},{"ValueRef":[{"start":[1,1],"name":"C:\\Users\\I344006\\purescript\\juspay_rotatecube\\bower_components\\purescript-decimals\\src\\Data\\Decimal.purs","end":[208,21]},{"Ident":"sinh"}]},{"ValueRef":[{"start":[1,1],"name":"C:\\Users\\I344006\\purescript\\juspay_rotatecube\\bower_components\\purescript-decimals\\src\\Data\\Decimal.purs","end":[208,21]},{"Ident":"sqrt"}]},{"ValueRef":[{"start":[1,1],"name":"C:\\Users\\I344006\\purescript\\juspay_rotatecube\\bower_components\\purescript-decimals\\src\\Data\\Decimal.purs","end":[208,21]},{"Ident":"tan"}]},{"ValueRef":[{"start":[1,1],"name":"C:\\Users\\I344006\\purescript\\juspay_rotatecube\\bower_components\\purescript-decimals\\src\\Data\\Decimal.purs","end":[208,21]},{"Ident":"tanh"}]},{"ValueRef":[{"start":[1,1],"name":"C:\\Users\\I344006\\purescript\\juspay_rotatecube\\bower_components\\purescript-decimals\\src\\Data\\Decimal.purs","end":[208,21]},{"Ident":"toNumber"}]},{"ValueRef":[{"start":[1,1],"name":"C:\\Users\\I344006\\purescript\\juspay_rotatecube\\bower_components\\purescript-decimals\\src\\Data\\Decimal.purs","end":[208,21]},{"Ident":"toPrecision"}]},{"ValueRef":[{"start":[1,1],"name":"C:\\Users\\I344006\\purescript\\juspay_rotatecube\\bower_components\\purescript-decimals\\src\\Data\\Decimal.purs","end":[208,21]},{"Ident":"toSignificantDigits"}]},{"ValueRef":[{"start":[1,1],"name":"C:\\Users\\I344006\\purescript\\juspay_rotatecube\\bower_components\\purescript-decimals\\src\\Data\\Decimal.purs","end":[208,21]},{"Ident":"toString"}]},{"TypeInstanceRef":[{"start":[0,0],"name":"<generated>","end":[0,0]},{"Ident":"eqDecimal"}]},{"TypeInstanceRef":[{"start":[0,0],"name":"<generated>","end":[0,0]},{"Ident":"ordDecimal"}]},{"TypeInstanceRef":[{"start":[0,0],"name":"<generated>","end":[0,0]},{"Ident":"showDecimal"}]},{"TypeInstanceRef":[{"start":[0,0],"name":"<generated>","end":[0,0]},{"Ident":"semiringDecimal"}]},{"TypeInstanceRef":[{"start":[0,0],"name":"<generated>","end":[0,0]},{"Ident":"ringDecimal"}]},{"TypeInstanceRef":[{"start":[0,0],"name":"<generated>","end":[0,0]},{"Ident":"commutativeRingDecimal"}]},{"TypeInstanceRef":[{"start":[0,0],"name":"<generated>","end":[0,0]},{"Ident":"euclideanRingDecimal"}]}],"efImports":[{"eiModule":["Prim"],"eiImportType":{"Implicit":[]},"eiImportedAs":null},{"eiModule":["Prim"],"eiImportType":{"Implicit":[]},"eiImportedAs":["Prim"]},{"eiModule":["Prelude"],"eiImportType":{"Implicit":[]},"eiImportedAs":null},{"eiModule":["Data","Maybe"],"eiImportType":{"Explicit":[{"TypeRef":[{"start":[43,20],"name":"C:\\Users\\I344006\\purescript\\juspay_rotatecube\\bower_components\\purescript-decimals\\src\\Data\\Decimal.purs","end":[43,29]},"Maybe",null]}]},"eiImportedAs":null}],"efFixities":[],"efTypeFixities":[],"efDeclarations":[{"EDType":{"edTypeName":"Decimal","edTypeKind":{"tag":"NamedKind","contents":[["Prim"],"Type"]},"edTypeDeclarationKind":"ExternData"}},{"EDValue":{"edValueName":{"Ident":"abs"},"edValueType":{"tag":"TypeApp","contents":[{"tag":"TypeApp","contents":[{"tag":"TypeConstructor","contents":[["Prim"],"Function"]},{"tag":"TypeConstructor","contents":[["Data","Decimal"],"Decimal"]}]},{"tag":"TypeConstructor","contents":[["Data","Decimal"],"Decimal"]}]}}},{"EDValue":{"edValueName":{"Ident":"acos"},"edValueType":{"tag":"TypeApp","contents":[{"tag":"TypeApp","contents":[{"tag":"TypeConstructor","contents":[["Prim"],"Function"]},{"tag":"TypeConstructor","contents":[["Data","Decimal"],"Decimal"]}]},{"tag":"TypeConstructor","contents":[["Data","Decimal"],"Decimal"]}]}}},{"EDValue":{"edValueName":{"Ident":"acosh"},"edValueType":{"tag":"TypeApp","contents":[{"tag":"TypeApp","contents":[{"tag":"TypeConstructor","contents":[["Prim"],"Function"]},{"tag":"TypeConstructor","contents":[["Data","Decimal"],"Decimal"]}]},{"tag":"TypeConstructor","contents":[["Data","Decimal"],"Decimal"]}]}}},{"EDValue":{"edValueName":{"Ident":"asin"},"edValueType":{"tag":"TypeApp","contents":[{"tag":"TypeApp","contents":[{"tag":"TypeConstructor","contents":[["Prim"],"Function"]},{"tag":"TypeConstructor","contents":[["Data","Decimal"],"Decimal"]}]},{"tag":"TypeConstructor","contents":[["Data","Decimal"],"Decimal"]}]}}},{"EDValue":{"edValueName":{"Ident":"asinh"},"edValueType":{"tag":"TypeApp","contents":[{"tag":"TypeApp","contents":[{"tag":"TypeConstructor","contents":[["Prim"],"Function"]},{"tag":"TypeConstructor","contents":[["Data","Decimal"],"Decimal"]}]},{"tag":"TypeConstructor","contents":[["Data","Decimal"],"Decimal"]}]}}},{"EDValue":{"edValueName":{"Ident":"atan"},"edValueType":{"tag":"TypeApp","contents":[{"tag":"TypeApp","contents":[{"tag":"TypeConstructor","contents":[["Prim"],"Function"]},{"tag":"TypeConstructor","contents":[["Data","Decimal"],"Decimal"]}]},{"tag":"TypeConstructor","contents":[["Data","Decimal"],"Decimal"]}]}}},{"EDValue":{"edValueName":{"Ident":"atan2"},"edValueType":{"tag":"TypeApp","contents":[{"tag":"TypeApp","contents":[{"tag":"TypeConstructor","contents":[["Prim"],"Function"]},{"tag":"TypeConstructor","contents":[["Data","Decimal"],"Decimal"]}]},{"tag":"TypeApp","contents":[{"tag":"TypeApp","contents":[{"tag":"TypeConstructor","contents":[["Prim"],"Function"]},{"tag":"TypeConstructor","contents":[["Data","Decimal"],"Decimal"]}]},{"tag":"TypeConstructor","contents":[["Data","Decimal"],"Decimal"]}]}]}}},{"EDValue":{"edValueName":{"Ident":"atanh"},"edValueType":{"tag":"TypeApp","contents":[{"tag":"TypeApp","contents":[{"tag":"TypeConstructor","contents":[["Prim"],"Function"]},{"tag":"TypeConstructor","contents":[["Data","Decimal"],"Decimal"]}]},{"tag":"TypeConstructor","contents":[["Data","Decimal"],"Decimal"]}]}}},{"EDValue":{"edValueName":{"Ident":"ceil"},"edValueType":{"tag":"TypeApp","contents":[{"tag":"TypeApp","contents":[{"tag":"TypeConstructor","contents":[["Prim"],"Function"]},{"tag":"TypeConstructor","contents":[["Data","Decimal"],"Decimal"]}]},{"tag":"TypeConstructor","contents":[["Data","Decimal"],"Decimal"]}]}}},{"EDValue":{"edValueName":{"Ident":"cos"},"edValueType":{"tag":"TypeApp","contents":[{"tag":"TypeApp","contents":[{"tag":"TypeConstructor","contents":[["Prim"],"Function"]},{"tag":"TypeConstructor","contents":[["Data","Decimal"],"Decimal"]}]},{"tag":"TypeConstructor","contents":[["Data","Decimal"],"Decimal"]}]}}},{"EDValue":{"edValueName":{"Ident":"cosh"},"edValueType":{"tag":"TypeApp","contents":[{"tag":"TypeApp","contents":[{"tag":"TypeConstructor","contents":[["Prim"],"Function"]},{"tag":"TypeConstructor","contents":[["Data","Decimal"],"Decimal"]}]},{"tag":"TypeConstructor","contents":[["Data","Decimal"],"Decimal"]}]}}},{"EDValue":{"edValueName":{"Ident":"e"},"edValueType":{"tag":"TypeConstructor","contents":[["Data","Decimal"],"Decimal"]}}},{"EDValue":{"edValueName":{"Ident":"exp"},"edValueType":{"tag":"TypeApp","contents":[{"tag":"TypeApp","contents":[{"tag":"TypeConstructor","contents":[["Prim"],"Function"]},{"tag":"TypeConstructor","contents":[["Data","Decimal"],"Decimal"]}]},{"tag":"TypeConstructor","contents":[["Data","Decimal"],"Decimal"]}]}}},{"EDValue":{"edValueName":{"Ident":"floor"},"edValueType":{"tag":"TypeApp","contents":[{"tag":"TypeApp","contents":[{"tag":"TypeConstructor","contents":[["Prim"],"Function"]},{"tag":"TypeConstructor","contents":[["Data","Decimal"],"Decimal"]}]},{"tag":"TypeConstructor","contents":[["Data","Decimal"],"Decimal"]}]}}},{"EDValue":{"edValueName":{"Ident":"fromInt"},"edValueType":{"tag":"TypeApp","contents":[{"tag":"TypeApp","contents":[{"tag":"TypeConstructor","contents":[["Prim"],"Function"]},{"tag":"TypeConstructor","contents":[["Prim"],"Int"]}]},{"tag":"TypeConstructor","contents":[["Data","Decimal"],"Decimal"]}]}}},{"EDValue":{"edValueName":{"Ident":"fromNumber"},"edValueType":{"tag":"TypeApp","contents":[{"tag":"TypeApp","contents":[{"tag":"TypeConstructor","contents":[["Prim"],"Function"]},{"tag":"TypeConstructor","contents":[["Prim"],"Number"]}]},{"tag":"TypeConstructor","contents":[["Data","Decimal"],"Decimal"]}]}}},{"EDValue":{"edValueName":{"Ident":"fromString"},"edValueType":{"tag":"TypeApp","contents":[{"tag":"TypeApp","contents":[{"tag":"TypeConstructor","contents":[["Prim"],"Function"]},{"tag":"TypeConstructor","contents":[["Prim"],"String"]}]},{"tag":"TypeApp","contents":[{"tag":"TypeConstructor","contents":[["Data","Maybe"],"Maybe"]},{"tag":"TypeConstructor","contents":[["Data","Decimal"],"Decimal"]}]}]}}},{"EDValue":{"edValueName":{"Ident":"isFinite"},"edValueType":{"tag":"TypeApp","contents":[{"tag":"TypeApp","contents":[{"tag":"TypeConstructor","contents":[["Prim"],"Function"]},{"tag":"TypeConstructor","contents":[["Data","Decimal"],"Decimal"]}]},{"tag":"TypeConstructor","contents":[["Prim"],"Boolean"]}]}}},{"EDValue":{"edValueName":{"Ident":"isInteger"},"edValueType":{"tag":"TypeApp","contents":[{"tag":"TypeApp","contents":[{"tag":"TypeConstructor","contents":[["Prim"],"Function"]},{"tag":"TypeConstructor","contents":[["Data","Decimal"],"Decimal"]}]},{"tag":"TypeConstructor","contents":[["Prim"],"Boolean"]}]}}},{"EDValue":{"edValueName":{"Ident":"ln"},"edValueType":{"tag":"TypeApp","contents":[{"tag":"TypeApp","contents":[{"tag":"TypeConstructor","contents":[["Prim"],"Function"]},{"tag":"TypeConstructor","contents":[["Data","Decimal"],"Decimal"]}]},{"tag":"TypeConstructor","contents":[["Data","Decimal"],"Decimal"]}]}}},{"EDValue":{"edValueName":{"Ident":"log10"},"edValueType":{"tag":"TypeApp","contents":[{"tag":"TypeApp","contents":[{"tag":"TypeConstructor","contents":[["Prim"],"Function"]},{"tag":"TypeConstructor","contents":[["Data","Decimal"],"Decimal"]}]},{"tag":"TypeConstructor","contents":[["Data","Decimal"],"Decimal"]}]}}},{"EDValue":{"edValueName":{"Ident":"max"},"edValueType":{"tag":"TypeApp","contents":[{"tag":"TypeApp","contents":[{"tag":"TypeConstructor","contents":[["Prim"],"Function"]},{"tag":"TypeConstructor","contents":[["Data","Decimal"],"Decimal"]}]},{"tag":"TypeApp","contents":[{"tag":"TypeApp","contents":[{"tag":"TypeConstructor","contents":[["Prim"],"Function"]},{"tag":"TypeConstructor","contents":[["Data","Decimal"],"Decimal"]}]},{"tag":"TypeConstructor","contents":[["Data","Decimal"],"Decimal"]}]}]}}},{"EDValue":{"edValueName":{"Ident":"min"},"edValueType":{"tag":"TypeApp","contents":[{"tag":"TypeApp","contents":[{"tag":"TypeConstructor","contents":[["Prim"],"Function"]},{"tag":"TypeConstructor","contents":[["Data","Decimal"],"Decimal"]}]},{"tag":"TypeApp","contents":[{"tag":"TypeApp","contents":[{"tag":"TypeConstructor","contents":[["Prim"],"Function"]},{"tag":"TypeConstructor","contents":[["Data","Decimal"],"Decimal"]}]},{"tag":"TypeConstructor","contents":[["Data","Decimal"],"Decimal"]}]}]}}},{"EDValue":{"edValueName":{"Ident":"pi"},"edValueType":{"tag":"TypeConstructor","contents":[["Data","Decimal"],"Decimal"]}}},{"EDValue":{"edValueName":{"Ident":"pow"},"edValueType":{"tag":"TypeApp","contents":[{"tag":"TypeApp","contents":[{"tag":"TypeConstructor","contents":[["Prim"],"Function"]},{"tag":"TypeConstructor","contents":[["Data","Decimal"],"Decimal"]}]},{"tag":"TypeApp","contents":[{"tag":"TypeApp","contents":[{"tag":"TypeConstructor","contents":[["Prim"],"Function"]},{"tag":"TypeConstructor","contents":[["Data","Decimal"],"Decimal"]}]},{"tag":"TypeConstructor","contents":[["Data","Decimal"],"Decimal"]}]}]}}},{"EDValue":{"edValueName":{"Ident":"round"},"edValueType":{"tag":"TypeApp","contents":[{"tag":"TypeApp","contents":[{"tag":"TypeConstructor","contents":[["Prim"],"Function"]},{"tag":"TypeConstructor","contents":[["Data","Decimal"],"Decimal"]}]},{"tag":"TypeConstructor","contents":[["Data","Decimal"],"Decimal"]}]}}},{"EDValue":{"edValueName":{"Ident":"sin"},"edValueType":{"tag":"TypeApp","contents":[{"tag":"TypeApp","contents":[{"tag":"TypeConstructor","contents":[["Prim"],"Function"]},{"tag":"TypeConstructor","contents":[["Data","Decimal"],"Decimal"]}]},{"tag":"TypeConstructor","contents":[["Data","Decimal"],"Decimal"]}]}}},{"EDValue":{"edValueName":{"Ident":"sinh"},"edValueType":{"tag":"TypeApp","contents":[{"tag":"TypeApp","contents":[{"tag":"TypeConstructor","contents":[["Prim"],"Function"]},{"tag":"TypeConstructor","contents":[["Data","Decimal"],"Decimal"]}]},{"tag":"TypeConstructor","contents":[["Data","Decimal"],"Decimal"]}]}}},{"EDValue":{"edValueName":{"Ident":"sqrt"},"edValueType":{"tag":"TypeApp","contents":[{"tag":"TypeApp","contents":[{"tag":"TypeConstructor","contents":[["Prim"],"Function"]},{"tag":"TypeConstructor","contents":[["Data","Decimal"],"Decimal"]}]},{"tag":"TypeConstructor","contents":[["Data","Decimal"],"Decimal"]}]}}},{"EDValue":{"edValueName":{"Ident":"tan"},"edValueType":{"tag":"TypeApp","contents":[{"tag":"TypeApp","contents":[{"tag":"TypeConstructor","contents":[["Prim"],"Function"]},{"tag":"TypeConstructor","contents":[["Data","Decimal"],"Decimal"]}]},{"tag":"TypeConstructor","contents":[["Data","Decimal"],"Decimal"]}]}}},{"EDValue":{"edValueName":{"Ident":"tanh"},"edValueType":{"tag":"TypeApp","contents":[{"tag":"TypeApp","contents":[{"tag":"TypeConstructor","contents":[["Prim"],"Function"]},{"tag":"TypeConstructor","contents":[["Data","Decimal"],"Decimal"]}]},{"tag":"TypeConstructor","contents":[["Data","Decimal"],"Decimal"]}]}}},{"EDValue":{"edValueName":{"Ident":"toNumber"},"edValueType":{"tag":"TypeApp","contents":[{"tag":"TypeApp","contents":[{"tag":"TypeConstructor","contents":[["Prim"],"Function"]},{"tag":"TypeConstructor","contents":[["Data","Decimal"],"Decimal"]}]},{"tag":"TypeConstructor","contents":[["Prim"],"Number"]}]}}},{"EDValue":{"edValueName":{"Ident":"toPrecision"},"edValueType":{"tag":"TypeApp","contents":[{"tag":"TypeApp","contents":[{"tag":"TypeConstructor","contents":[["Prim"],"Function"]},{"tag":"TypeConstructor","contents":[["Prim"],"Int"]}]},{"tag":"TypeApp","contents":[{"tag":"TypeApp","contents":[{"tag":"TypeConstructor","contents":[["Prim"],"Function"]},{"tag":"TypeConstructor","contents":[["Data","Decimal"],"Decimal"]}]},{"tag":"TypeConstructor","contents":[["Prim"],"String"]}]}]}}},{"EDValue":{"edValueName":{"Ident":"toSignificantDigits"},"edValueType":{"tag":"TypeApp","contents":[{"tag":"TypeApp","contents":[{"tag":"TypeConstructor","contents":[["Prim"],"Function"]},{"tag":"TypeConstructor","contents":[["Prim"],"Int"]}]},{"tag":"TypeApp","contents":[{"tag":"TypeApp","contents":[{"tag":"TypeConstructor","contents":[["Prim"],"Function"]},{"tag":"TypeConstructor","contents":[["Data","Decimal"],"Decimal"]}]},{"tag":"TypeConstructor","contents":[["Data","Decimal"],"Decimal"]}]}]}}},{"EDValue":{"edValueName":{"Ident":"toString"},"edValueType":{"tag":"TypeApp","contents":[{"tag":"TypeApp","contents":[{"tag":"TypeConstructor","contents":[["Prim"],"Function"]},{"tag":"TypeConstructor","contents":[["Data","Decimal"],"Decimal"]}]},{"tag":"TypeConstructor","contents":[["Prim"],"String"]}]}}},{"EDInstance":{"edInstanceClassName":[["Data","Eq"],"Eq"],"edInstanceName":{"Ident":"eqDecimal"},"edInstanceTypes":[{"tag":"TypeConstructor","contents":[["Data","Decimal"],"Decimal"]}],"edInstanceConstraints":[]}},{"EDInstance":{"edInstanceClassName":[["Data","Ord"],"Ord"],"edInstanceName":{"Ident":"ordDecimal"},"edInstanceTypes":[{"tag":"TypeConstructor","contents":[["Data","Decimal"],"Decimal"]}],"edInstanceConstraints":[]}},{"EDInstance":{"edInstanceClassName":[["Data","Show"],"Show"],"edInstanceName":{"Ident":"showDecimal"},"edInstanceTypes":[{"tag":"TypeConstructor","contents":[["Data","Decimal"],"Decimal"]}],"edInstanceConstraints":[]}},{"EDInstance":{"edInstanceClassName":[["Data","Semiring"],"Semiring"],"edInstanceName":{"Ident":"semiringDecimal"},"edInstanceTypes":[{"tag":"TypeConstructor","contents":[["Data","Decimal"],"Decimal"]}],"edInstanceConstraints":[]}},{"EDInstance":{"edInstanceClassName":[["Data","Ring"],"Ring"],"edInstanceName":{"Ident":"ringDecimal"},"edInstanceTypes":[{"tag":"TypeConstructor","contents":[["Data","Decimal"],"Decimal"]}],"edInstanceConstraints":[]}},{"EDInstance":{"edInstanceClassName":[["Data","CommutativeRing"],"CommutativeRing"],"edInstanceName":{"Ident":"commutativeRingDecimal"},"edInstanceTypes":[{"tag":"TypeConstructor","contents":[["Data","Decimal"],"Decimal"]}],"edInstanceConstraints":[]}},{"EDInstance":{"edInstanceClassName":[["Data","EuclideanRing"],"EuclideanRing"],"edInstanceName":{"Ident":"euclideanRingDecimal"},"edInstanceTypes":[{"tag":"TypeConstructor","contents":[["Data","Decimal"],"Decimal"]}],"edInstanceConstraints":[]}}],"efSourceSpan":{"start":[1,1],"name":"C:\\Users\\I344006\\purescript\\juspay_rotatecube\\bower_components\\purescript-decimals\\src\\Data\\Decimal.purs","end":[208,21]}}