{"efVersion":"0.11.6","efModuleName":["Color","Scheme","Harmonic"],"efExports":[{"ValueRef":[{"start":[1,1],"name":"C:\\Users\\I344006\\purescript\\juspay_rotatecube\\bower_components\\purescript-colors\\src\\Color\\Scheme\\Harmonic.purs","end":[54,3]},{"Ident":"analogous"}]},{"ValueRef":[{"start":[1,1],"name":"C:\\Users\\I344006\\purescript\\juspay_rotatecube\\bower_components\\purescript-colors\\src\\Color\\Scheme\\Harmonic.purs","end":[54,3]},{"Ident":"shades"}]},{"ValueRef":[{"start":[1,1],"name":"C:\\Users\\I344006\\purescript\\juspay_rotatecube\\bower_components\\purescript-colors\\src\\Color\\Scheme\\Harmonic.purs","end":[54,3]},{"Ident":"splitComplementary"}]},{"ValueRef":[{"start":[1,1],"name":"C:\\Users\\I344006\\purescript\\juspay_rotatecube\\bower_components\\purescript-colors\\src\\Color\\Scheme\\Harmonic.purs","end":[54,3]},{"Ident":"tetrad"}]},{"ValueRef":[{"start":[1,1],"name":"C:\\Users\\I344006\\purescript\\juspay_rotatecube\\bower_components\\purescript-colors\\src\\Color\\Scheme\\Harmonic.purs","end":[54,3]},{"Ident":"triad"}]}],"efImports":[{"eiModule":["Prim"],"eiImportType":{"Implicit":[]},"eiImportedAs":null},{"eiModule":["Prim"],"eiImportType":{"Implicit":[]},"eiImportedAs":["Prim"]},{"eiModule":["Prelude"],"eiImportType":{"Implicit":[]},"eiImportedAs":null},{"eiModule":["Color"],"eiImportType":{"Explicit":[{"TypeRef":[{"start":[11,15],"name":"C:\\Users\\I344006\\purescript\\juspay_rotatecube\\bower_components\\purescript-colors\\src\\Color\\Scheme\\Harmonic.purs","end":[11,20]},"Color",[]]},{"ValueRef":[{"start":[11,22],"name":"C:\\Users\\I344006\\purescript\\juspay_rotatecube\\bower_components\\purescript-colors\\src\\Color\\Scheme\\Harmonic.purs","end":[11,31]},{"Ident":"rotateHue"}]},{"ValueRef":[{"start":[11,33],"name":"C:\\Users\\I344006\\purescript\\juspay_rotatecube\\bower_components\\purescript-colors\\src\\Color\\Scheme\\Harmonic.purs","end":[11,39]},{"Ident":"darken"}]},{"ValueRef":[{"start":[11,41],"name":"C:\\Users\\I344006\\purescript\\juspay_rotatecube\\bower_components\\purescript-colors\\src\\Color\\Scheme\\Harmonic.purs","end":[11,48]},{"Ident":"lighten"}]}]},"eiImportedAs":null}],"efFixities":[],"efTypeFixities":[],"efDeclarations":[{"EDValue":{"edValueName":{"Ident":"analogous"},"edValueType":{"tag":"TypeApp","contents":[{"tag":"TypeApp","contents":[{"tag":"TypeConstructor","contents":[["Prim"],"Function"]},{"tag":"TypeConstructor","contents":[["Color"],"Color"]}]},{"tag":"TypeApp","contents":[{"tag":"TypeConstructor","contents":[["Prim"],"Array"]},{"tag":"TypeConstructor","contents":[["Color"],"Color"]}]}]}}},{"EDValue":{"edValueName":{"Ident":"shades"},"edValueType":{"tag":"TypeApp","contents":[{"tag":"TypeApp","contents":[{"tag":"TypeConstructor","contents":[["Prim"],"Function"]},{"tag":"TypeConstructor","contents":[["Color"],"Color"]}]},{"tag":"TypeApp","contents":[{"tag":"TypeConstructor","contents":[["Prim"],"Array"]},{"tag":"TypeConstructor","contents":[["Color"],"Color"]}]}]}}},{"EDValue":{"edValueName":{"Ident":"splitComplementary"},"edValueType":{"tag":"TypeApp","contents":[{"tag":"TypeApp","contents":[{"tag":"TypeConstructor","contents":[["Prim"],"Function"]},{"tag":"TypeConstructor","contents":[["Color"],"Color"]}]},{"tag":"TypeApp","contents":[{"tag":"TypeConstructor","contents":[["Prim"],"Array"]},{"tag":"TypeConstructor","contents":[["Color"],"Color"]}]}]}}},{"EDValue":{"edValueName":{"Ident":"tetrad"},"edValueType":{"tag":"TypeApp","contents":[{"tag":"TypeApp","contents":[{"tag":"TypeConstructor","contents":[["Prim"],"Function"]},{"tag":"TypeConstructor","contents":[["Color"],"Color"]}]},{"tag":"TypeApp","contents":[{"tag":"TypeConstructor","contents":[["Prim"],"Array"]},{"tag":"TypeConstructor","contents":[["Color"],"Color"]}]}]}}},{"EDValue":{"edValueName":{"Ident":"triad"},"edValueType":{"tag":"TypeApp","contents":[{"tag":"TypeApp","contents":[{"tag":"TypeConstructor","contents":[["Prim"],"Function"]},{"tag":"TypeConstructor","contents":[["Color"],"Color"]}]},{"tag":"TypeApp","contents":[{"tag":"TypeConstructor","contents":[["Prim"],"Array"]},{"tag":"TypeConstructor","contents":[["Color"],"Color"]}]}]}}}],"efSourceSpan":{"start":[1,1],"name":"C:\\Users\\I344006\\purescript\\juspay_rotatecube\\bower_components\\purescript-colors\\src\\Color\\Scheme\\Harmonic.purs","end":[54,3]}}