{"efVersion":"0.11.6","efModuleName":["Control","Monad","Reader","Class"],"efExports":[{"TypeClassRef":[{"start":[1,1],"name":"C:\\Users\\I344006\\purescript\\juspay_rotatecube\\bower_components\\purescript-transformers\\src\\Control\\Monad\\Reader\\Class.purs","end":[42,15]},"MonadAsk"]},{"TypeClassRef":[{"start":[1,1],"name":"C:\\Users\\I344006\\purescript\\juspay_rotatecube\\bower_components\\purescript-transformers\\src\\Control\\Monad\\Reader\\Class.purs","end":[42,15]},"MonadReader"]},{"ValueRef":[{"start":[1,1],"name":"C:\\Users\\I344006\\purescript\\juspay_rotatecube\\bower_components\\purescript-transformers\\src\\Control\\Monad\\Reader\\Class.purs","end":[42,15]},{"Ident":"ask"}]},{"ValueRef":[{"start":[1,1],"name":"C:\\Users\\I344006\\purescript\\juspay_rotatecube\\bower_components\\purescript-transformers\\src\\Control\\Monad\\Reader\\Class.purs","end":[42,15]},{"Ident":"asks"}]},{"ValueRef":[{"start":[1,1],"name":"C:\\Users\\I344006\\purescript\\juspay_rotatecube\\bower_components\\purescript-transformers\\src\\Control\\Monad\\Reader\\Class.purs","end":[42,15]},{"Ident":"local"}]},{"TypeInstanceRef":[{"start":[0,0],"name":"<generated>","end":[0,0]},{"Ident":"monadAskFun"}]},{"TypeInstanceRef":[{"start":[0,0],"name":"<generated>","end":[0,0]},{"Ident":"monadReaderFun"}]}],"efImports":[{"eiModule":["Prim"],"eiImportType":{"Implicit":[]},"eiImportedAs":null},{"eiModule":["Prim"],"eiImportType":{"Implicit":[]},"eiImportedAs":["Prim"]},{"eiModule":["Prelude"],"eiImportType":{"Implicit":[]},"eiImportedAs":null}],"efFixities":[],"efTypeFixities":[],"efDeclarations":[{"EDType":{"edTypeName":"MonadAsk","edTypeKind":{"tag":"FunKind","contents":[{"tag":"NamedKind","contents":[["Prim"],"Type"]},{"tag":"FunKind","contents":[{"tag":"FunKind","contents":[{"tag":"NamedKind","contents":[["Prim"],"Type"]},{"tag":"NamedKind","contents":[["Prim"],"Type"]}]},{"tag":"NamedKind","contents":[["Prim"],"Type"]}]}]},"edTypeDeclarationKind":"TypeSynonym"}},{"EDTypeSynonym":{"edTypeSynonymName":"MonadAsk","edTypeSynonymArguments":[["r",null],["m",null]],"edTypeSynonymType":{"tag":"TypeApp","contents":[{"tag":"TypeConstructor","contents":[["Prim"],"Record"]},{"tag":"RCons","contents":["ask",{"tag":"TypeApp","contents":[{"tag":"TypeVar","contents":"m"},{"tag":"TypeVar","contents":"r"}]},{"tag":"RCons","contents":["Monad0",{"tag":"TypeApp","contents":[{"tag":"TypeApp","contents":[{"tag":"TypeConstructor","contents":[["Prim"],"Function"]},{"tag":"TypeApp","contents":[{"tag":"TypeConstructor","contents":[["Prim"],"Record"]},{"tag":"REmpty"}]}]},{"tag":"TypeApp","contents":[{"tag":"TypeConstructor","contents":[["Control","Monad"],"Monad"]},{"tag":"TypeVar","contents":"m"}]}]},{"tag":"REmpty"}]}]}]}}},{"EDClass":{"edClassName":"MonadAsk","edClassTypeArguments":[["r",null],["m",null]],"edClassMembers":[[{"Ident":"ask"},{"tag":"TypeApp","contents":[{"tag":"TypeVar","contents":"m"},{"tag":"TypeVar","contents":"r"}]}]],"edClassConstraints":[{"constraintClass":[["Control","Monad"],"Monad"],"constraintArgs":[{"tag":"TypeVar","contents":"m"}],"constraintData":null}],"edFunctionalDependencies":[{"determiners":[1],"determined":[0]}]}},{"EDType":{"edTypeName":"MonadReader","edTypeKind":{"tag":"FunKind","contents":[{"tag":"NamedKind","contents":[["Prim"],"Type"]},{"tag":"FunKind","contents":[{"tag":"FunKind","contents":[{"tag":"NamedKind","contents":[["Prim"],"Type"]},{"tag":"NamedKind","contents":[["Prim"],"Type"]}]},{"tag":"NamedKind","contents":[["Prim"],"Type"]}]}]},"edTypeDeclarationKind":"TypeSynonym"}},{"EDTypeSynonym":{"edTypeSynonymName":"MonadReader","edTypeSynonymArguments":[["r",null],["m",null]],"edTypeSynonymType":{"tag":"TypeApp","contents":[{"tag":"TypeConstructor","contents":[["Prim"],"Record"]},{"tag":"RCons","contents":["local",{"tag":"ForAll","contents":["a",{"tag":"TypeApp","contents":[{"tag":"TypeApp","contents":[{"tag":"TypeConstructor","contents":[["Prim"],"Function"]},{"tag":"TypeApp","contents":[{"tag":"TypeApp","contents":[{"tag":"TypeConstructor","contents":[["Prim"],"Function"]},{"tag":"TypeVar","contents":"r"}]},{"tag":"TypeVar","contents":"r"}]}]},{"tag":"TypeApp","contents":[{"tag":"TypeApp","contents":[{"tag":"TypeConstructor","contents":[["Prim"],"Function"]},{"tag":"TypeApp","contents":[{"tag":"TypeVar","contents":"m"},{"tag":"TypeVar","contents":"a"}]}]},{"tag":"TypeApp","contents":[{"tag":"TypeVar","contents":"m"},{"tag":"TypeVar","contents":"a"}]}]}]},null]},{"tag":"RCons","contents":["MonadAsk0",{"tag":"TypeApp","contents":[{"tag":"TypeApp","contents":[{"tag":"TypeConstructor","contents":[["Prim"],"Function"]},{"tag":"TypeApp","contents":[{"tag":"TypeConstructor","contents":[["Prim"],"Record"]},{"tag":"REmpty"}]}]},{"tag":"TypeApp","contents":[{"tag":"TypeApp","contents":[{"tag":"TypeConstructor","contents":[["Control","Monad","Reader","Class"],"MonadAsk"]},{"tag":"TypeVar","contents":"r"}]},{"tag":"TypeVar","contents":"m"}]}]},{"tag":"REmpty"}]}]}]}}},{"EDClass":{"edClassName":"MonadReader","edClassTypeArguments":[["r",null],["m",null]],"edClassMembers":[[{"Ident":"local"},{"tag":"ForAll","contents":["a",{"tag":"TypeApp","contents":[{"tag":"TypeApp","contents":[{"tag":"TypeConstructor","contents":[["Prim"],"Function"]},{"tag":"TypeApp","contents":[{"tag":"TypeApp","contents":[{"tag":"TypeConstructor","contents":[["Prim"],"Function"]},{"tag":"TypeVar","contents":"r"}]},{"tag":"TypeVar","contents":"r"}]}]},{"tag":"TypeApp","contents":[{"tag":"TypeApp","contents":[{"tag":"TypeConstructor","contents":[["Prim"],"Function"]},{"tag":"TypeApp","contents":[{"tag":"TypeVar","contents":"m"},{"tag":"TypeVar","contents":"a"}]}]},{"tag":"TypeApp","contents":[{"tag":"TypeVar","contents":"m"},{"tag":"TypeVar","contents":"a"}]}]}]},null]}]],"edClassConstraints":[{"constraintClass":[["Control","Monad","Reader","Class"],"MonadAsk"],"constraintArgs":[{"tag":"TypeVar","contents":"r"},{"tag":"TypeVar","contents":"m"}],"constraintData":null}],"edFunctionalDependencies":[{"determiners":[1],"determined":[0]}]}},{"EDValue":{"edValueName":{"Ident":"ask"},"edValueType":{"tag":"ForAll","contents":["r",{"tag":"ForAll","contents":["m",{"tag":"ConstrainedType","contents":[{"constraintClass":[["Control","Monad","Reader","Class"],"MonadAsk"],"constraintArgs":[{"tag":"TypeVar","contents":"r"},{"tag":"TypeVar","contents":"m"}],"constraintData":null},{"tag":"TypeApp","contents":[{"tag":"TypeVar","contents":"m"},{"tag":"TypeVar","contents":"r"}]}]},31]},32]}}},{"EDValue":{"edValueName":{"Ident":"asks"},"edValueType":{"tag":"ForAll","contents":["a",{"tag":"ForAll","contents":["m",{"tag":"ForAll","contents":["r",{"tag":"ConstrainedType","contents":[{"constraintClass":[["Control","Monad","Reader","Class"],"MonadAsk"],"constraintArgs":[{"tag":"TypeVar","contents":"r"},{"tag":"TypeVar","contents":"m"}],"constraintData":null},{"tag":"TypeApp","contents":[{"tag":"TypeApp","contents":[{"tag":"TypeConstructor","contents":[["Prim"],"Function"]},{"tag":"TypeApp","contents":[{"tag":"TypeApp","contents":[{"tag":"TypeConstructor","contents":[["Prim"],"Function"]},{"tag":"TypeVar","contents":"r"}]},{"tag":"TypeVar","contents":"a"}]}]},{"tag":"TypeApp","contents":[{"tag":"TypeVar","contents":"m"},{"tag":"TypeVar","contents":"a"}]}]}]},33]},34]},35]}}},{"EDValue":{"edValueName":{"Ident":"local"},"edValueType":{"tag":"ForAll","contents":["r",{"tag":"ForAll","contents":["m",{"tag":"ForAll","contents":["a",{"tag":"ConstrainedType","contents":[{"constraintClass":[["Control","Monad","Reader","Class"],"MonadReader"],"constraintArgs":[{"tag":"TypeVar","contents":"r"},{"tag":"TypeVar","contents":"m"}],"constraintData":null},{"tag":"TypeApp","contents":[{"tag":"TypeApp","contents":[{"tag":"TypeConstructor","contents":[["Prim"],"Function"]},{"tag":"TypeApp","contents":[{"tag":"TypeApp","contents":[{"tag":"TypeConstructor","contents":[["Prim"],"Function"]},{"tag":"TypeVar","contents":"r"}]},{"tag":"TypeVar","contents":"r"}]}]},{"tag":"TypeApp","contents":[{"tag":"TypeApp","contents":[{"tag":"TypeConstructor","contents":[["Prim"],"Function"]},{"tag":"TypeApp","contents":[{"tag":"TypeVar","contents":"m"},{"tag":"TypeVar","contents":"a"}]}]},{"tag":"TypeApp","contents":[{"tag":"TypeVar","contents":"m"},{"tag":"TypeVar","contents":"a"}]}]}]}]},28]},29]},30]}}},{"EDInstance":{"edInstanceClassName":[["Control","Monad","Reader","Class"],"MonadAsk"],"edInstanceName":{"Ident":"monadAskFun"},"edInstanceTypes":[{"tag":"TypeVar","contents":"r"},{"tag":"TypeApp","contents":[{"tag":"TypeConstructor","contents":[["Prim"],"Function"]},{"tag":"TypeVar","contents":"r"}]}],"edInstanceConstraints":[]}},{"EDInstance":{"edInstanceClassName":[["Control","Monad","Reader","Class"],"MonadReader"],"edInstanceName":{"Ident":"monadReaderFun"},"edInstanceTypes":[{"tag":"TypeVar","contents":"r"},{"tag":"TypeApp","contents":[{"tag":"TypeConstructor","contents":[["Prim"],"Function"]},{"tag":"TypeVar","contents":"r"}]}],"edInstanceConstraints":[]}}],"efSourceSpan":{"start":[1,1],"name":"C:\\Users\\I344006\\purescript\\juspay_rotatecube\\bower_components\\purescript-transformers\\src\\Control\\Monad\\Reader\\Class.purs","end":[42,15]}}