{"efVersion":"0.11.6","efModuleName":["Data","FormURLEncoded"],"efExports":[{"TypeRef":[{"start":[1,1],"name":"C:\\Users\\I344006\\purescript\\juspay_rotatecube\\bower_components\\purescript-form-urlencoded\\src\\Data\\FormURLEncoded.purs","end":[45,57]},"FormURLEncoded",["FormURLEncoded"]]},{"ValueRef":[{"start":[1,1],"name":"C:\\Users\\I344006\\purescript\\juspay_rotatecube\\bower_components\\purescript-form-urlencoded\\src\\Data\\FormURLEncoded.purs","end":[45,57]},{"Ident":"encode"}]},{"ValueRef":[{"start":[1,1],"name":"C:\\Users\\I344006\\purescript\\juspay_rotatecube\\bower_components\\purescript-form-urlencoded\\src\\Data\\FormURLEncoded.purs","end":[45,57]},{"Ident":"fromArray"}]},{"ValueRef":[{"start":[1,1],"name":"C:\\Users\\I344006\\purescript\\juspay_rotatecube\\bower_components\\purescript-form-urlencoded\\src\\Data\\FormURLEncoded.purs","end":[45,57]},{"Ident":"toArray"}]},{"TypeInstanceRef":[{"start":[0,0],"name":"<generated>","end":[0,0]},{"Ident":"genericFormUrlEncoded"}]},{"TypeInstanceRef":[{"start":[0,0],"name":"<generated>","end":[0,0]},{"Ident":"newtypeFormUrlEncoded"}]},{"TypeInstanceRef":[{"start":[0,0],"name":"<generated>","end":[0,0]},{"Ident":"eqFormUrlEncoded"}]},{"TypeInstanceRef":[{"start":[0,0],"name":"<generated>","end":[0,0]},{"Ident":"ordFormUrlEncoded"}]},{"TypeInstanceRef":[{"start":[0,0],"name":"<generated>","end":[0,0]},{"Ident":"showFormUrlEncoded"}]},{"TypeInstanceRef":[{"start":[0,0],"name":"<generated>","end":[0,0]},{"Ident":"semigroupFormUrlEncoded"}]},{"TypeInstanceRef":[{"start":[0,0],"name":"<generated>","end":[0,0]},{"Ident":"monoidFormUrlEncoded"}]}],"efImports":[{"eiModule":["Prim"],"eiImportType":{"Implicit":[]},"eiImportedAs":null},{"eiModule":["Prim"],"eiImportType":{"Implicit":[]},"eiImportedAs":["Prim"]},{"eiModule":["Data","Newtype"],"eiImportType":{"Explicit":[{"TypeClassRef":[{"start":[8,22],"name":"C:\\Users\\I344006\\purescript\\juspay_rotatecube\\bower_components\\purescript-form-urlencoded\\src\\Data\\FormURLEncoded.purs","end":[8,35]},"Newtype"]}]},"eiImportedAs":null},{"eiModule":["Data","Generic"],"eiImportType":{"Explicit":[{"TypeClassRef":[{"start":[9,22],"name":"C:\\Users\\I344006\\purescript\\juspay_rotatecube\\bower_components\\purescript-form-urlencoded\\src\\Data\\FormURLEncoded.purs","end":[9,35]},"Generic"]}]},"eiImportedAs":null},{"eiModule":["Data","Maybe"],"eiImportType":{"Explicit":[{"TypeRef":[{"start":[10,20],"name":"C:\\Users\\I344006\\purescript\\juspay_rotatecube\\bower_components\\purescript-form-urlencoded\\src\\Data\\FormURLEncoded.purs","end":[10,29]},"Maybe",null]}]},"eiImportedAs":null},{"eiModule":["Data","Monoid"],"eiImportType":{"Explicit":[{"TypeClassRef":[{"start":[11,21],"name":"C:\\Users\\I344006\\purescript\\juspay_rotatecube\\bower_components\\purescript-form-urlencoded\\src\\Data\\FormURLEncoded.purs","end":[11,33]},"Monoid"]}]},"eiImportedAs":null},{"eiModule":["Data","Semigroup"],"eiImportType":{"Explicit":[{"TypeClassRef":[{"start":[12,24],"name":"C:\\Users\\I344006\\purescript\\juspay_rotatecube\\bower_components\\purescript-form-urlencoded\\src\\Data\\FormURLEncoded.purs","end":[12,39]},"Semigroup"]}]},"eiImportedAs":null},{"eiModule":["Data","String"],"eiImportType":{"Explicit":[{"ValueRef":[{"start":[13,21],"name":"C:\\Users\\I344006\\purescript\\juspay_rotatecube\\bower_components\\purescript-form-urlencoded\\src\\Data\\FormURLEncoded.purs","end":[13,29]},{"Ident":"joinWith"}]}]},"eiImportedAs":["String"]},{"eiModule":["Data","Tuple"],"eiImportType":{"Explicit":[{"TypeRef":[{"start":[14,20],"name":"C:\\Users\\I344006\\purescript\\juspay_rotatecube\\bower_components\\purescript-form-urlencoded\\src\\Data\\FormURLEncoded.purs","end":[14,29]},"Tuple",null]}]},"eiImportedAs":null},{"eiModule":["Global"],"eiImportType":{"Explicit":[{"ValueRef":[{"start":[15,16],"name":"C:\\Users\\I344006\\purescript\\juspay_rotatecube\\bower_components\\purescript-form-urlencoded\\src\\Data\\FormURLEncoded.purs","end":[15,34]},{"Ident":"encodeURIComponent"}]}]},"eiImportedAs":null},{"eiModule":["Prelude"],"eiImportType":{"Explicit":[{"TypeClassRef":[{"start":[16,17],"name":"C:\\Users\\I344006\\purescript\\juspay_rotatecube\\bower_components\\purescript-form-urlencoded\\src\\Data\\FormURLEncoded.purs","end":[16,27]},"Show"]},{"TypeClassRef":[{"start":[16,29],"name":"C:\\Users\\I344006\\purescript\\juspay_rotatecube\\bower_components\\purescript-form-urlencoded\\src\\Data\\FormURLEncoded.purs","end":[16,38]},"Ord"]},{"TypeClassRef":[{"start":[16,40],"name":"C:\\Users\\I344006\\purescript\\juspay_rotatecube\\bower_components\\purescript-form-urlencoded\\src\\Data\\FormURLEncoded.purs","end":[16,48]},"Eq"]},{"ValueRef":[{"start":[16,50],"name":"C:\\Users\\I344006\\purescript\\juspay_rotatecube\\bower_components\\purescript-form-urlencoded\\src\\Data\\FormURLEncoded.purs","end":[16,53]},{"Ident":"map"}]},{"ValueOpRef":[{"start":[16,55],"name":"C:\\Users\\I344006\\purescript\\juspay_rotatecube\\bower_components\\purescript-form-urlencoded\\src\\Data\\FormURLEncoded.purs","end":[16,60]},"<<<"]},{"ValueOpRef":[{"start":[16,62],"name":"C:\\Users\\I344006\\purescript\\juspay_rotatecube\\bower_components\\purescript-form-urlencoded\\src\\Data\\FormURLEncoded.purs","end":[16,66]},"<>"]}]},"eiImportedAs":null}],"efFixities":[],"efTypeFixities":[],"efDeclarations":[{"EDType":{"edTypeName":"FormURLEncoded","edTypeKind":{"tag":"NamedKind","contents":[["Prim"],"Type"]},"edTypeDeclarationKind":{"DataType":{"args":[],"ctors":[["FormURLEncoded",[{"tag":"TypeApp","contents":[{"tag":"TypeConstructor","contents":[["Prim"],"Array"]},{"tag":"TypeApp","contents":[{"tag":"TypeApp","contents":[{"tag":"TypeConstructor","contents":[["Data","Tuple"],"Tuple"]},{"tag":"TypeConstructor","contents":[["Prim"],"String"]}]},{"tag":"TypeApp","contents":[{"tag":"TypeConstructor","contents":[["Data","Maybe"],"Maybe"]},{"tag":"TypeConstructor","contents":[["Prim"],"String"]}]}]}]}]]]}}}},{"EDDataConstructor":{"edDataCtorName":"FormURLEncoded","edDataCtorOrigin":"newtype","edDataCtorTypeCtor":"FormURLEncoded","edDataCtorType":{"tag":"TypeApp","contents":[{"tag":"TypeApp","contents":[{"tag":"TypeConstructor","contents":[["Prim"],"Function"]},{"tag":"TypeApp","contents":[{"tag":"TypeConstructor","contents":[["Prim"],"Array"]},{"tag":"TypeApp","contents":[{"tag":"TypeApp","contents":[{"tag":"TypeConstructor","contents":[["Data","Tuple"],"Tuple"]},{"tag":"TypeConstructor","contents":[["Prim"],"String"]}]},{"tag":"TypeApp","contents":[{"tag":"TypeConstructor","contents":[["Data","Maybe"],"Maybe"]},{"tag":"TypeConstructor","contents":[["Prim"],"String"]}]}]}]}]},{"tag":"TypeConstructor","contents":[["Data","FormURLEncoded"],"FormURLEncoded"]}]},"edDataCtorFields":[{"Ident":"value0"}]}},{"EDValue":{"edValueName":{"Ident":"encode"},"edValueType":{"tag":"TypeApp","contents":[{"tag":"TypeApp","contents":[{"tag":"TypeConstructor","contents":[["Prim"],"Function"]},{"tag":"TypeConstructor","contents":[["Data","FormURLEncoded"],"FormURLEncoded"]}]},{"tag":"TypeConstructor","contents":[["Prim"],"String"]}]}}},{"EDValue":{"edValueName":{"Ident":"fromArray"},"edValueType":{"tag":"TypeApp","contents":[{"tag":"TypeApp","contents":[{"tag":"TypeConstructor","contents":[["Prim"],"Function"]},{"tag":"TypeApp","contents":[{"tag":"TypeConstructor","contents":[["Prim"],"Array"]},{"tag":"TypeApp","contents":[{"tag":"TypeApp","contents":[{"tag":"TypeConstructor","contents":[["Data","Tuple"],"Tuple"]},{"tag":"TypeConstructor","contents":[["Prim"],"String"]}]},{"tag":"TypeApp","contents":[{"tag":"TypeConstructor","contents":[["Data","Maybe"],"Maybe"]},{"tag":"TypeConstructor","contents":[["Prim"],"String"]}]}]}]}]},{"tag":"TypeConstructor","contents":[["Data","FormURLEncoded"],"FormURLEncoded"]}]}}},{"EDValue":{"edValueName":{"Ident":"toArray"},"edValueType":{"tag":"TypeApp","contents":[{"tag":"TypeApp","contents":[{"tag":"TypeConstructor","contents":[["Prim"],"Function"]},{"tag":"TypeConstructor","contents":[["Data","FormURLEncoded"],"FormURLEncoded"]}]},{"tag":"TypeApp","contents":[{"tag":"TypeConstructor","contents":[["Prim"],"Array"]},{"tag":"TypeApp","contents":[{"tag":"TypeApp","contents":[{"tag":"TypeConstructor","contents":[["Data","Tuple"],"Tuple"]},{"tag":"TypeConstructor","contents":[["Prim"],"String"]}]},{"tag":"TypeApp","contents":[{"tag":"TypeConstructor","contents":[["Data","Maybe"],"Maybe"]},{"tag":"TypeConstructor","contents":[["Prim"],"String"]}]}]}]}]}}},{"EDInstance":{"edInstanceClassName":[["Data","Generic"],"Generic"],"edInstanceName":{"Ident":"genericFormUrlEncoded"},"edInstanceTypes":[{"tag":"TypeConstructor","contents":[["Data","FormURLEncoded"],"FormURLEncoded"]}],"edInstanceConstraints":[]}},{"EDInstance":{"edInstanceClassName":[["Data","Newtype"],"Newtype"],"edInstanceName":{"Ident":"newtypeFormUrlEncoded"},"edInstanceTypes":[{"tag":"TypeConstructor","contents":[["Data","FormURLEncoded"],"FormURLEncoded"]},{"tag":"TypeApp","contents":[{"tag":"TypeConstructor","contents":[["Prim"],"Array"]},{"tag":"TypeApp","contents":[{"tag":"TypeApp","contents":[{"tag":"TypeConstructor","contents":[["Data","Tuple"],"Tuple"]},{"tag":"TypeConstructor","contents":[["Prim"],"String"]}]},{"tag":"TypeApp","contents":[{"tag":"TypeConstructor","contents":[["Data","Maybe"],"Maybe"]},{"tag":"TypeConstructor","contents":[["Prim"],"String"]}]}]}]}],"edInstanceConstraints":[]}},{"EDInstance":{"edInstanceClassName":[["Data","Eq"],"Eq"],"edInstanceName":{"Ident":"eqFormUrlEncoded"},"edInstanceTypes":[{"tag":"TypeConstructor","contents":[["Data","FormURLEncoded"],"FormURLEncoded"]}],"edInstanceConstraints":[]}},{"EDInstance":{"edInstanceClassName":[["Data","Ord"],"Ord"],"edInstanceName":{"Ident":"ordFormUrlEncoded"},"edInstanceTypes":[{"tag":"TypeConstructor","contents":[["Data","FormURLEncoded"],"FormURLEncoded"]}],"edInstanceConstraints":[]}},{"EDInstance":{"edInstanceClassName":[["Data","Show"],"Show"],"edInstanceName":{"Ident":"showFormUrlEncoded"},"edInstanceTypes":[{"tag":"TypeConstructor","contents":[["Data","FormURLEncoded"],"FormURLEncoded"]}],"edInstanceConstraints":[]}},{"EDInstance":{"edInstanceClassName":[["Data","Semigroup"],"Semigroup"],"edInstanceName":{"Ident":"semigroupFormUrlEncoded"},"edInstanceTypes":[{"tag":"TypeConstructor","contents":[["Data","FormURLEncoded"],"FormURLEncoded"]}],"edInstanceConstraints":[]}},{"EDInstance":{"edInstanceClassName":[["Data","Monoid"],"Monoid"],"edInstanceName":{"Ident":"monoidFormUrlEncoded"},"edInstanceTypes":[{"tag":"TypeConstructor","contents":[["Data","FormURLEncoded"],"FormURLEncoded"]}],"edInstanceConstraints":[]}}],"efSourceSpan":{"start":[1,1],"name":"C:\\Users\\I344006\\purescript\\juspay_rotatecube\\bower_components\\purescript-form-urlencoded\\src\\Data\\FormURLEncoded.purs","end":[45,57]}}