{"efVersion":"0.11.6","efModuleName":["Data","Generic","Rep","Bounded"],"efExports":[{"TypeClassRef":[{"start":[1,1],"name":"C:\\Users\\I344006\\purescript\\juspay_rotatecube\\bower_components\\purescript-generics-rep\\src\\Data\\Generic\\Rep\\Bounded.purs","end":[56,17]},"GenericBottom"]},{"TypeClassRef":[{"start":[1,1],"name":"C:\\Users\\I344006\\purescript\\juspay_rotatecube\\bower_components\\purescript-generics-rep\\src\\Data\\Generic\\Rep\\Bounded.purs","end":[56,17]},"GenericTop"]},{"ValueRef":[{"start":[1,1],"name":"C:\\Users\\I344006\\purescript\\juspay_rotatecube\\bower_components\\purescript-generics-rep\\src\\Data\\Generic\\Rep\\Bounded.purs","end":[56,17]},{"Ident":"genericBottom"}]},{"ValueRef":[{"start":[1,1],"name":"C:\\Users\\I344006\\purescript\\juspay_rotatecube\\bower_components\\purescript-generics-rep\\src\\Data\\Generic\\Rep\\Bounded.purs","end":[56,17]},{"Ident":"genericBottom'"}]},{"ValueRef":[{"start":[1,1],"name":"C:\\Users\\I344006\\purescript\\juspay_rotatecube\\bower_components\\purescript-generics-rep\\src\\Data\\Generic\\Rep\\Bounded.purs","end":[56,17]},{"Ident":"genericTop"}]},{"ValueRef":[{"start":[1,1],"name":"C:\\Users\\I344006\\purescript\\juspay_rotatecube\\bower_components\\purescript-generics-rep\\src\\Data\\Generic\\Rep\\Bounded.purs","end":[56,17]},{"Ident":"genericTop'"}]},{"TypeInstanceRef":[{"start":[0,0],"name":"<generated>","end":[0,0]},{"Ident":"genericBottomNoArguments"}]},{"TypeInstanceRef":[{"start":[0,0],"name":"<generated>","end":[0,0]},{"Ident":"genericBottomArgument"}]},{"TypeInstanceRef":[{"start":[0,0],"name":"<generated>","end":[0,0]},{"Ident":"genericBottomSum"}]},{"TypeInstanceRef":[{"start":[0,0],"name":"<generated>","end":[0,0]},{"Ident":"genericBottomProduct"}]},{"TypeInstanceRef":[{"start":[0,0],"name":"<generated>","end":[0,0]},{"Ident":"genericBottomConstructor"}]},{"TypeInstanceRef":[{"start":[0,0],"name":"<generated>","end":[0,0]},{"Ident":"genericTopNoArguments"}]},{"TypeInstanceRef":[{"start":[0,0],"name":"<generated>","end":[0,0]},{"Ident":"genericTopArgument"}]},{"TypeInstanceRef":[{"start":[0,0],"name":"<generated>","end":[0,0]},{"Ident":"genericTopSum"}]},{"TypeInstanceRef":[{"start":[0,0],"name":"<generated>","end":[0,0]},{"Ident":"genericTopProduct"}]},{"TypeInstanceRef":[{"start":[0,0],"name":"<generated>","end":[0,0]},{"Ident":"genericTopConstructor"}]}],"efImports":[{"eiModule":["Prim"],"eiImportType":{"Implicit":[]},"eiImportedAs":null},{"eiModule":["Prim"],"eiImportType":{"Implicit":[]},"eiImportedAs":["Prim"]},{"eiModule":["Data","Generic","Rep"],"eiImportType":{"Implicit":[]},"eiImportedAs":null},{"eiModule":["Data","Bounded"],"eiImportType":{"Explicit":[{"TypeClassRef":[{"start":[12,22],"name":"C:\\Users\\I344006\\purescript\\juspay_rotatecube\\bower_components\\purescript-generics-rep\\src\\Data\\Generic\\Rep\\Bounded.purs","end":[12,35]},"Bounded"]},{"ValueRef":[{"start":[12,37],"name":"C:\\Users\\I344006\\purescript\\juspay_rotatecube\\bower_components\\purescript-generics-rep\\src\\Data\\Generic\\Rep\\Bounded.purs","end":[12,43]},{"Ident":"bottom"}]},{"ValueRef":[{"start":[12,45],"name":"C:\\Users\\I344006\\purescript\\juspay_rotatecube\\bower_components\\purescript-generics-rep\\src\\Data\\Generic\\Rep\\Bounded.purs","end":[12,48]},{"Ident":"top"}]}]},"eiImportedAs":null}],"efFixities":[],"efTypeFixities":[],"efDeclarations":[{"EDType":{"edTypeName":"GenericBottom","edTypeKind":{"tag":"FunKind","contents":[{"tag":"NamedKind","contents":[["Prim"],"Type"]},{"tag":"NamedKind","contents":[["Prim"],"Type"]}]},"edTypeDeclarationKind":"TypeSynonym"}},{"EDTypeSynonym":{"edTypeSynonymName":"GenericBottom","edTypeSynonymArguments":[["a",null]],"edTypeSynonymType":{"tag":"TypeApp","contents":[{"tag":"TypeConstructor","contents":[["Prim"],"Record"]},{"tag":"RCons","contents":["genericBottom'",{"tag":"TypeVar","contents":"a"},{"tag":"REmpty"}]}]}}},{"EDClass":{"edClassName":"GenericBottom","edClassTypeArguments":[["a",null]],"edClassMembers":[[{"Ident":"genericBottom'"},{"tag":"TypeVar","contents":"a"}]],"edClassConstraints":[],"edFunctionalDependencies":[]}},{"EDType":{"edTypeName":"GenericTop","edTypeKind":{"tag":"FunKind","contents":[{"tag":"NamedKind","contents":[["Prim"],"Type"]},{"tag":"NamedKind","contents":[["Prim"],"Type"]}]},"edTypeDeclarationKind":"TypeSynonym"}},{"EDTypeSynonym":{"edTypeSynonymName":"GenericTop","edTypeSynonymArguments":[["a",null]],"edTypeSynonymType":{"tag":"TypeApp","contents":[{"tag":"TypeConstructor","contents":[["Prim"],"Record"]},{"tag":"RCons","contents":["genericTop'",{"tag":"TypeVar","contents":"a"},{"tag":"REmpty"}]}]}}},{"EDClass":{"edClassName":"GenericTop","edClassTypeArguments":[["a",null]],"edClassMembers":[[{"Ident":"genericTop'"},{"tag":"TypeVar","contents":"a"}]],"edClassConstraints":[],"edFunctionalDependencies":[]}},{"EDValue":{"edValueName":{"Ident":"genericBottom"},"edValueType":{"tag":"ForAll","contents":["rep",{"tag":"ForAll","contents":["a",{"tag":"ConstrainedType","contents":[{"constraintClass":[["Data","Generic","Rep"],"Generic"],"constraintArgs":[{"tag":"TypeVar","contents":"a"},{"tag":"TypeVar","contents":"rep"}],"constraintData":null},{"tag":"ConstrainedType","contents":[{"constraintClass":[["Data","Generic","Rep","Bounded"],"GenericBottom"],"constraintArgs":[{"tag":"TypeVar","contents":"rep"}],"constraintData":null},{"tag":"TypeVar","contents":"a"}]}]},34]},35]}}},{"EDValue":{"edValueName":{"Ident":"genericBottom'"},"edValueType":{"tag":"ForAll","contents":["a",{"tag":"ConstrainedType","contents":[{"constraintClass":[["Data","Generic","Rep","Bounded"],"GenericBottom"],"constraintArgs":[{"tag":"TypeVar","contents":"a"}],"constraintData":null},{"tag":"TypeVar","contents":"a"}]},21]}}},{"EDValue":{"edValueName":{"Ident":"genericTop"},"edValueType":{"tag":"ForAll","contents":["rep",{"tag":"ForAll","contents":["a",{"tag":"ConstrainedType","contents":[{"constraintClass":[["Data","Generic","Rep"],"Generic"],"constraintArgs":[{"tag":"TypeVar","contents":"a"},{"tag":"TypeVar","contents":"rep"}],"constraintData":null},{"tag":"ConstrainedType","contents":[{"constraintClass":[["Data","Generic","Rep","Bounded"],"GenericTop"],"constraintArgs":[{"tag":"TypeVar","contents":"rep"}],"constraintData":null},{"tag":"TypeVar","contents":"a"}]}]},15]},16]}}},{"EDValue":{"edValueName":{"Ident":"genericTop'"},"edValueType":{"tag":"ForAll","contents":["a",{"tag":"ConstrainedType","contents":[{"constraintClass":[["Data","Generic","Rep","Bounded"],"GenericTop"],"constraintArgs":[{"tag":"TypeVar","contents":"a"}],"constraintData":null},{"tag":"TypeVar","contents":"a"}]},2]}}},{"EDInstance":{"edInstanceClassName":[["Data","Generic","Rep","Bounded"],"GenericBottom"],"edInstanceName":{"Ident":"genericBottomNoArguments"},"edInstanceTypes":[{"tag":"TypeConstructor","contents":[["Data","Generic","Rep"],"NoArguments"]}],"edInstanceConstraints":[]}},{"EDInstance":{"edInstanceClassName":[["Data","Generic","Rep","Bounded"],"GenericBottom"],"edInstanceName":{"Ident":"genericBottomArgument"},"edInstanceTypes":[{"tag":"TypeApp","contents":[{"tag":"TypeConstructor","contents":[["Data","Generic","Rep"],"Argument"]},{"tag":"TypeVar","contents":"a"}]}],"edInstanceConstraints":[{"constraintClass":[["Data","Bounded"],"Bounded"],"constraintArgs":[{"tag":"TypeVar","contents":"a"}],"constraintData":null}]}},{"EDInstance":{"edInstanceClassName":[["Data","Generic","Rep","Bounded"],"GenericBottom"],"edInstanceName":{"Ident":"genericBottomSum"},"edInstanceTypes":[{"tag":"TypeApp","contents":[{"tag":"TypeApp","contents":[{"tag":"TypeConstructor","contents":[["Data","Generic","Rep"],"Sum"]},{"tag":"TypeVar","contents":"a"}]},{"tag":"TypeVar","contents":"b"}]}],"edInstanceConstraints":[{"constraintClass":[["Data","Generic","Rep","Bounded"],"GenericBottom"],"constraintArgs":[{"tag":"TypeVar","contents":"a"}],"constraintData":null}]}},{"EDInstance":{"edInstanceClassName":[["Data","Generic","Rep","Bounded"],"GenericBottom"],"edInstanceName":{"Ident":"genericBottomProduct"},"edInstanceTypes":[{"tag":"TypeApp","contents":[{"tag":"TypeApp","contents":[{"tag":"TypeConstructor","contents":[["Data","Generic","Rep"],"Product"]},{"tag":"TypeVar","contents":"a"}]},{"tag":"TypeVar","contents":"b"}]}],"edInstanceConstraints":[{"constraintClass":[["Data","Generic","Rep","Bounded"],"GenericBottom"],"constraintArgs":[{"tag":"TypeVar","contents":"a"}],"constraintData":null},{"constraintClass":[["Data","Generic","Rep","Bounded"],"GenericBottom"],"constraintArgs":[{"tag":"TypeVar","contents":"b"}],"constraintData":null}]}},{"EDInstance":{"edInstanceClassName":[["Data","Generic","Rep","Bounded"],"GenericBottom"],"edInstanceName":{"Ident":"genericBottomConstructor"},"edInstanceTypes":[{"tag":"TypeApp","contents":[{"tag":"TypeApp","contents":[{"tag":"TypeConstructor","contents":[["Data","Generic","Rep"],"Constructor"]},{"tag":"TypeVar","contents":"name"}]},{"tag":"TypeVar","contents":"a"}]}],"edInstanceConstraints":[{"constraintClass":[["Data","Generic","Rep","Bounded"],"GenericBottom"],"constraintArgs":[{"tag":"TypeVar","contents":"a"}],"constraintData":null}]}},{"EDInstance":{"edInstanceClassName":[["Data","Generic","Rep","Bounded"],"GenericTop"],"edInstanceName":{"Ident":"genericTopNoArguments"},"edInstanceTypes":[{"tag":"TypeConstructor","contents":[["Data","Generic","Rep"],"NoArguments"]}],"edInstanceConstraints":[]}},{"EDInstance":{"edInstanceClassName":[["Data","Generic","Rep","Bounded"],"GenericTop"],"edInstanceName":{"Ident":"genericTopArgument"},"edInstanceTypes":[{"tag":"TypeApp","contents":[{"tag":"TypeConstructor","contents":[["Data","Generic","Rep"],"Argument"]},{"tag":"TypeVar","contents":"a"}]}],"edInstanceConstraints":[{"constraintClass":[["Data","Bounded"],"Bounded"],"constraintArgs":[{"tag":"TypeVar","contents":"a"}],"constraintData":null}]}},{"EDInstance":{"edInstanceClassName":[["Data","Generic","Rep","Bounded"],"GenericTop"],"edInstanceName":{"Ident":"genericTopSum"},"edInstanceTypes":[{"tag":"TypeApp","contents":[{"tag":"TypeApp","contents":[{"tag":"TypeConstructor","contents":[["Data","Generic","Rep"],"Sum"]},{"tag":"TypeVar","contents":"a"}]},{"tag":"TypeVar","contents":"b"}]}],"edInstanceConstraints":[{"constraintClass":[["Data","Generic","Rep","Bounded"],"GenericTop"],"constraintArgs":[{"tag":"TypeVar","contents":"b"}],"constraintData":null}]}},{"EDInstance":{"edInstanceClassName":[["Data","Generic","Rep","Bounded"],"GenericTop"],"edInstanceName":{"Ident":"genericTopProduct"},"edInstanceTypes":[{"tag":"TypeApp","contents":[{"tag":"TypeApp","contents":[{"tag":"TypeConstructor","contents":[["Data","Generic","Rep"],"Product"]},{"tag":"TypeVar","contents":"a"}]},{"tag":"TypeVar","contents":"b"}]}],"edInstanceConstraints":[{"constraintClass":[["Data","Generic","Rep","Bounded"],"GenericTop"],"constraintArgs":[{"tag":"TypeVar","contents":"a"}],"constraintData":null},{"constraintClass":[["Data","Generic","Rep","Bounded"],"GenericTop"],"constraintArgs":[{"tag":"TypeVar","contents":"b"}],"constraintData":null}]}},{"EDInstance":{"edInstanceClassName":[["Data","Generic","Rep","Bounded"],"GenericTop"],"edInstanceName":{"Ident":"genericTopConstructor"},"edInstanceTypes":[{"tag":"TypeApp","contents":[{"tag":"TypeApp","contents":[{"tag":"TypeConstructor","contents":[["Data","Generic","Rep"],"Constructor"]},{"tag":"TypeVar","contents":"name"}]},{"tag":"TypeVar","contents":"a"}]}],"edInstanceConstraints":[{"constraintClass":[["Data","Generic","Rep","Bounded"],"GenericTop"],"constraintArgs":[{"tag":"TypeVar","contents":"a"}],"constraintData":null}]}}],"efSourceSpan":{"start":[1,1],"name":"C:\\Users\\I344006\\purescript\\juspay_rotatecube\\bower_components\\purescript-generics-rep\\src\\Data\\Generic\\Rep\\Bounded.purs","end":[56,17]}}