{"efVersion":"0.11.6","efModuleName":["Control","Monad","State"],"efExports":[{"TypeRef":[{"start":[1,1],"name":"C:\\Users\\I344006\\purescript\\juspay_rotatecube\\bower_components\\purescript-transformers\\src\\Control\\Monad\\State.purs","end":[45,13]},"State",[]]},{"ReExportRef":[{"start":[1,1],"name":"C:\\Users\\I344006\\purescript\\juspay_rotatecube\\bower_components\\purescript-transformers\\src\\Control\\Monad\\State.purs","end":[45,13]},["Control","Monad","State","Trans"],{"TypeRef":[{"start":[1,1],"name":"C:\\Users\\I344006\\purescript\\juspay_rotatecube\\bower_components\\purescript-transformers\\src\\Control\\Monad\\State.purs","end":[45,13]},"StateT",["StateT"]]}]},{"ReExportRef":[{"start":[1,1],"name":"C:\\Users\\I344006\\purescript\\juspay_rotatecube\\bower_components\\purescript-transformers\\src\\Control\\Monad\\State.purs","end":[45,13]},["Control","Monad","State","Class"],{"TypeClassRef":[{"start":[1,1],"name":"C:\\Users\\I344006\\purescript\\juspay_rotatecube\\bower_components\\purescript-transformers\\src\\Control\\Monad\\State.purs","end":[45,13]},"MonadState"]}]},{"ReExportRef":[{"start":[1,1],"name":"C:\\Users\\I344006\\purescript\\juspay_rotatecube\\bower_components\\purescript-transformers\\src\\Control\\Monad\\State.purs","end":[45,13]},["Control","Monad","Trans","Class"],{"TypeClassRef":[{"start":[1,1],"name":"C:\\Users\\I344006\\purescript\\juspay_rotatecube\\bower_components\\purescript-transformers\\src\\Control\\Monad\\State.purs","end":[45,13]},"MonadTrans"]}]},{"ValueRef":[{"start":[1,1],"name":"C:\\Users\\I344006\\purescript\\juspay_rotatecube\\bower_components\\purescript-transformers\\src\\Control\\Monad\\State.purs","end":[45,13]},{"Ident":"evalState"}]},{"ReExportRef":[{"start":[1,1],"name":"C:\\Users\\I344006\\purescript\\juspay_rotatecube\\bower_components\\purescript-transformers\\src\\Control\\Monad\\State.purs","end":[45,13]},["Control","Monad","State","Trans"],{"ValueRef":[{"start":[1,1],"name":"C:\\Users\\I344006\\purescript\\juspay_rotatecube\\bower_components\\purescript-transformers\\src\\Control\\Monad\\State.purs","end":[45,13]},{"Ident":"evalStateT"}]}]},{"ValueRef":[{"start":[1,1],"name":"C:\\Users\\I344006\\purescript\\juspay_rotatecube\\bower_components\\purescript-transformers\\src\\Control\\Monad\\State.purs","end":[45,13]},{"Ident":"execState"}]},{"ReExportRef":[{"start":[1,1],"name":"C:\\Users\\I344006\\purescript\\juspay_rotatecube\\bower_components\\purescript-transformers\\src\\Control\\Monad\\State.purs","end":[45,13]},["Control","Monad","State","Trans"],{"ValueRef":[{"start":[1,1],"name":"C:\\Users\\I344006\\purescript\\juspay_rotatecube\\bower_components\\purescript-transformers\\src\\Control\\Monad\\State.purs","end":[45,13]},{"Ident":"execStateT"}]}]},{"ReExportRef":[{"start":[1,1],"name":"C:\\Users\\I344006\\purescript\\juspay_rotatecube\\bower_components\\purescript-transformers\\src\\Control\\Monad\\State.purs","end":[45,13]},["Control","Monad","State","Class"],{"ValueRef":[{"start":[1,1],"name":"C:\\Users\\I344006\\purescript\\juspay_rotatecube\\bower_components\\purescript-transformers\\src\\Control\\Monad\\State.purs","end":[45,13]},{"Ident":"get"}]}]},{"ReExportRef":[{"start":[1,1],"name":"C:\\Users\\I344006\\purescript\\juspay_rotatecube\\bower_components\\purescript-transformers\\src\\Control\\Monad\\State.purs","end":[45,13]},["Control","Monad","State","Class"],{"ValueRef":[{"start":[1,1],"name":"C:\\Users\\I344006\\purescript\\juspay_rotatecube\\bower_components\\purescript-transformers\\src\\Control\\Monad\\State.purs","end":[45,13]},{"Ident":"gets"}]}]},{"ReExportRef":[{"start":[1,1],"name":"C:\\Users\\I344006\\purescript\\juspay_rotatecube\\bower_components\\purescript-transformers\\src\\Control\\Monad\\State.purs","end":[45,13]},["Control","Monad","Trans","Class"],{"ValueRef":[{"start":[1,1],"name":"C:\\Users\\I344006\\purescript\\juspay_rotatecube\\bower_components\\purescript-transformers\\src\\Control\\Monad\\State.purs","end":[45,13]},{"Ident":"lift"}]}]},{"ValueRef":[{"start":[1,1],"name":"C:\\Users\\I344006\\purescript\\juspay_rotatecube\\bower_components\\purescript-transformers\\src\\Control\\Monad\\State.purs","end":[45,13]},{"Ident":"mapState"}]},{"ReExportRef":[{"start":[1,1],"name":"C:\\Users\\I344006\\purescript\\juspay_rotatecube\\bower_components\\purescript-transformers\\src\\Control\\Monad\\State.purs","end":[45,13]},["Control","Monad","State","Trans"],{"ValueRef":[{"start":[1,1],"name":"C:\\Users\\I344006\\purescript\\juspay_rotatecube\\bower_components\\purescript-transformers\\src\\Control\\Monad\\State.purs","end":[45,13]},{"Ident":"mapStateT"}]}]},{"ReExportRef":[{"start":[1,1],"name":"C:\\Users\\I344006\\purescript\\juspay_rotatecube\\bower_components\\purescript-transformers\\src\\Control\\Monad\\State.purs","end":[45,13]},["Control","Monad","State","Class"],{"ValueRef":[{"start":[1,1],"name":"C:\\Users\\I344006\\purescript\\juspay_rotatecube\\bower_components\\purescript-transformers\\src\\Control\\Monad\\State.purs","end":[45,13]},{"Ident":"modify"}]}]},{"ReExportRef":[{"start":[1,1],"name":"C:\\Users\\I344006\\purescript\\juspay_rotatecube\\bower_components\\purescript-transformers\\src\\Control\\Monad\\State.purs","end":[45,13]},["Control","Monad","State","Class"],{"ValueRef":[{"start":[1,1],"name":"C:\\Users\\I344006\\purescript\\juspay_rotatecube\\bower_components\\purescript-transformers\\src\\Control\\Monad\\State.purs","end":[45,13]},{"Ident":"put"}]}]},{"ValueRef":[{"start":[1,1],"name":"C:\\Users\\I344006\\purescript\\juspay_rotatecube\\bower_components\\purescript-transformers\\src\\Control\\Monad\\State.purs","end":[45,13]},{"Ident":"runState"}]},{"ReExportRef":[{"start":[1,1],"name":"C:\\Users\\I344006\\purescript\\juspay_rotatecube\\bower_components\\purescript-transformers\\src\\Control\\Monad\\State.purs","end":[45,13]},["Control","Monad","State","Trans"],{"ValueRef":[{"start":[1,1],"name":"C:\\Users\\I344006\\purescript\\juspay_rotatecube\\bower_components\\purescript-transformers\\src\\Control\\Monad\\State.purs","end":[45,13]},{"Ident":"runStateT"}]}]},{"ReExportRef":[{"start":[1,1],"name":"C:\\Users\\I344006\\purescript\\juspay_rotatecube\\bower_components\\purescript-transformers\\src\\Control\\Monad\\State.purs","end":[45,13]},["Control","Monad","State","Class"],{"ValueRef":[{"start":[1,1],"name":"C:\\Users\\I344006\\purescript\\juspay_rotatecube\\bower_components\\purescript-transformers\\src\\Control\\Monad\\State.purs","end":[45,13]},{"Ident":"state"}]}]},{"ValueRef":[{"start":[1,1],"name":"C:\\Users\\I344006\\purescript\\juspay_rotatecube\\bower_components\\purescript-transformers\\src\\Control\\Monad\\State.purs","end":[45,13]},{"Ident":"withState"}]},{"ReExportRef":[{"start":[1,1],"name":"C:\\Users\\I344006\\purescript\\juspay_rotatecube\\bower_components\\purescript-transformers\\src\\Control\\Monad\\State.purs","end":[45,13]},["Control","Monad","State","Trans"],{"ValueRef":[{"start":[1,1],"name":"C:\\Users\\I344006\\purescript\\juspay_rotatecube\\bower_components\\purescript-transformers\\src\\Control\\Monad\\State.purs","end":[45,13]},{"Ident":"withStateT"}]}]},{"ModuleRef":[{"start":[10,5],"name":"C:\\Users\\I344006\\purescript\\juspay_rotatecube\\bower_components\\purescript-transformers\\src\\Control\\Monad\\State.purs","end":[10,37]},["Control","Monad","State","Class"]]},{"ModuleRef":[{"start":[11,5],"name":"C:\\Users\\I344006\\purescript\\juspay_rotatecube\\bower_components\\purescript-transformers\\src\\Control\\Monad\\State.purs","end":[11,37]},["Control","Monad","State","Trans"]]}],"efImports":[{"eiModule":["Prim"],"eiImportType":{"Implicit":[]},"eiImportedAs":null},{"eiModule":["Prim"],"eiImportType":{"Implicit":[]},"eiImportedAs":["Prim"]},{"eiModule":["Prelude"],"eiImportType":{"Implicit":[]},"eiImportedAs":null},{"eiModule":["Control","Monad","State","Class"],"eiImportType":{"Explicit":[{"TypeClassRef":[{"start":[16,35],"name":"C:\\Users\\I344006\\purescript\\juspay_rotatecube\\bower_components\\purescript-transformers\\src\\Control\\Monad\\State.purs","end":[16,51]},"MonadState"]},{"ValueRef":[{"start":[16,53],"name":"C:\\Users\\I344006\\purescript\\juspay_rotatecube\\bower_components\\purescript-transformers\\src\\Control\\Monad\\State.purs","end":[16,56]},{"Ident":"get"}]},{"ValueRef":[{"start":[16,58],"name":"C:\\Users\\I344006\\purescript\\juspay_rotatecube\\bower_components\\purescript-transformers\\src\\Control\\Monad\\State.purs","end":[16,62]},{"Ident":"gets"}]},{"ValueRef":[{"start":[16,64],"name":"C:\\Users\\I344006\\purescript\\juspay_rotatecube\\bower_components\\purescript-transformers\\src\\Control\\Monad\\State.purs","end":[16,70]},{"Ident":"modify"}]},{"ValueRef":[{"start":[16,72],"name":"C:\\Users\\I344006\\purescript\\juspay_rotatecube\\bower_components\\purescript-transformers\\src\\Control\\Monad\\State.purs","end":[16,75]},{"Ident":"put"}]},{"ValueRef":[{"start":[16,77],"name":"C:\\Users\\I344006\\purescript\\juspay_rotatecube\\bower_components\\purescript-transformers\\src\\Control\\Monad\\State.purs","end":[16,82]},{"Ident":"state"}]}]},"eiImportedAs":null},{"eiModule":["Control","Monad","State","Trans"],"eiImportType":{"Explicit":[{"TypeClassRef":[{"start":[17,35],"name":"C:\\Users\\I344006\\purescript\\juspay_rotatecube\\bower_components\\purescript-transformers\\src\\Control\\Monad\\State.purs","end":[17,51]},"MonadTrans"]},{"TypeRef":[{"start":[17,53],"name":"C:\\Users\\I344006\\purescript\\juspay_rotatecube\\bower_components\\purescript-transformers\\src\\Control\\Monad\\State.purs","end":[17,63]},"StateT",null]},{"ValueRef":[{"start":[17,65],"name":"C:\\Users\\I344006\\purescript\\juspay_rotatecube\\bower_components\\purescript-transformers\\src\\Control\\Monad\\State.purs","end":[17,75]},{"Ident":"evalStateT"}]},{"ValueRef":[{"start":[17,77],"name":"C:\\Users\\I344006\\purescript\\juspay_rotatecube\\bower_components\\purescript-transformers\\src\\Control\\Monad\\State.purs","end":[17,87]},{"Ident":"execStateT"}]},{"ValueRef":[{"start":[17,89],"name":"C:\\Users\\I344006\\purescript\\juspay_rotatecube\\bower_components\\purescript-transformers\\src\\Control\\Monad\\State.purs","end":[17,93]},{"Ident":"lift"}]},{"ValueRef":[{"start":[17,95],"name":"C:\\Users\\I344006\\purescript\\juspay_rotatecube\\bower_components\\purescript-transformers\\src\\Control\\Monad\\State.purs","end":[17,104]},{"Ident":"mapStateT"}]},{"ValueRef":[{"start":[17,106],"name":"C:\\Users\\I344006\\purescript\\juspay_rotatecube\\bower_components\\purescript-transformers\\src\\Control\\Monad\\State.purs","end":[17,115]},{"Ident":"runStateT"}]},{"ValueRef":[{"start":[17,117],"name":"C:\\Users\\I344006\\purescript\\juspay_rotatecube\\bower_components\\purescript-transformers\\src\\Control\\Monad\\State.purs","end":[17,127]},{"Ident":"withStateT"}]}]},"eiImportedAs":null},{"eiModule":["Data","Identity"],"eiImportType":{"Explicit":[{"TypeRef":[{"start":[19,23],"name":"C:\\Users\\I344006\\purescript\\juspay_rotatecube\\bower_components\\purescript-transformers\\src\\Control\\Monad\\State.purs","end":[19,35]},"Identity",null]}]},"eiImportedAs":null},{"eiModule":["Data","Newtype"],"eiImportType":{"Explicit":[{"ValueRef":[{"start":[20,22],"name":"C:\\Users\\I344006\\purescript\\juspay_rotatecube\\bower_components\\purescript-transformers\\src\\Control\\Monad\\State.purs","end":[20,28]},{"Ident":"unwrap"}]}]},"eiImportedAs":null},{"eiModule":["Data","Tuple"],"eiImportType":{"Explicit":[{"TypeRef":[{"start":[21,20],"name":"C:\\Users\\I344006\\purescript\\juspay_rotatecube\\bower_components\\purescript-transformers\\src\\Control\\Monad\\State.purs","end":[21,32]},"Tuple",["Tuple"]]}]},"eiImportedAs":null}],"efFixities":[],"efTypeFixities":[],"efDeclarations":[{"EDType":{"edTypeName":"State","edTypeKind":{"tag":"FunKind","contents":[{"tag":"NamedKind","contents":[["Prim"],"Type"]},{"tag":"FunKind","contents":[{"tag":"NamedKind","contents":[["Prim"],"Type"]},{"tag":"NamedKind","contents":[["Prim"],"Type"]}]}]},"edTypeDeclarationKind":"TypeSynonym"}},{"EDTypeSynonym":{"edTypeSynonymName":"State","edTypeSynonymArguments":[["s",{"tag":"NamedKind","contents":[["Prim"],"Type"]}]],"edTypeSynonymType":{"tag":"TypeApp","contents":[{"tag":"TypeApp","contents":[{"tag":"TypeConstructor","contents":[["Control","Monad","State","Trans"],"StateT"]},{"tag":"TypeVar","contents":"s"}]},{"tag":"TypeConstructor","contents":[["Data","Identity"],"Identity"]}]}}},{"EDValue":{"edValueName":{"Ident":"evalState"},"edValueType":{"tag":"ForAll","contents":["a",{"tag":"ForAll","contents":["s",{"tag":"TypeApp","contents":[{"tag":"TypeApp","contents":[{"tag":"TypeConstructor","contents":[["Prim"],"Function"]},{"tag":"TypeApp","contents":[{"tag":"TypeApp","contents":[{"tag":"TypeApp","contents":[{"tag":"TypeConstructor","contents":[["Control","Monad","State","Trans"],"StateT"]},{"tag":"TypeVar","contents":"s"}]},{"tag":"TypeConstructor","contents":[["Data","Identity"],"Identity"]}]},{"tag":"TypeVar","contents":"a"}]}]},{"tag":"TypeApp","contents":[{"tag":"TypeApp","contents":[{"tag":"TypeConstructor","contents":[["Prim"],"Function"]},{"tag":"TypeVar","contents":"s"}]},{"tag":"TypeVar","contents":"a"}]}]},19]},20]}}},{"EDValue":{"edValueName":{"Ident":"execState"},"edValueType":{"tag":"ForAll","contents":["a",{"tag":"ForAll","contents":["s",{"tag":"TypeApp","contents":[{"tag":"TypeApp","contents":[{"tag":"TypeConstructor","contents":[["Prim"],"Function"]},{"tag":"TypeApp","contents":[{"tag":"TypeApp","contents":[{"tag":"TypeApp","contents":[{"tag":"TypeConstructor","contents":[["Control","Monad","State","Trans"],"StateT"]},{"tag":"TypeVar","contents":"s"}]},{"tag":"TypeConstructor","contents":[["Data","Identity"],"Identity"]}]},{"tag":"TypeVar","contents":"a"}]}]},{"tag":"TypeApp","contents":[{"tag":"TypeApp","contents":[{"tag":"TypeConstructor","contents":[["Prim"],"Function"]},{"tag":"TypeVar","contents":"s"}]},{"tag":"TypeVar","contents":"s"}]}]},15]},16]}}},{"EDValue":{"edValueName":{"Ident":"mapState"},"edValueType":{"tag":"ForAll","contents":["b",{"tag":"ForAll","contents":["a",{"tag":"ForAll","contents":["s",{"tag":"TypeApp","contents":[{"tag":"TypeApp","contents":[{"tag":"TypeConstructor","contents":[["Prim"],"Function"]},{"tag":"TypeApp","contents":[{"tag":"TypeApp","contents":[{"tag":"TypeConstructor","contents":[["Prim"],"Function"]},{"tag":"TypeApp","contents":[{"tag":"TypeApp","contents":[{"tag":"TypeConstructor","contents":[["Data","Tuple"],"Tuple"]},{"tag":"TypeVar","contents":"a"}]},{"tag":"TypeVar","contents":"s"}]}]},{"tag":"TypeApp","contents":[{"tag":"TypeApp","contents":[{"tag":"TypeConstructor","contents":[["Data","Tuple"],"Tuple"]},{"tag":"TypeVar","contents":"b"}]},{"tag":"TypeVar","contents":"s"}]}]}]},{"tag":"TypeApp","contents":[{"tag":"TypeApp","contents":[{"tag":"TypeConstructor","contents":[["Prim"],"Function"]},{"tag":"TypeApp","contents":[{"tag":"TypeApp","contents":[{"tag":"TypeApp","contents":[{"tag":"TypeConstructor","contents":[["Control","Monad","State","Trans"],"StateT"]},{"tag":"TypeVar","contents":"s"}]},{"tag":"TypeConstructor","contents":[["Data","Identity"],"Identity"]}]},{"tag":"TypeVar","contents":"a"}]}]},{"tag":"TypeApp","contents":[{"tag":"TypeApp","contents":[{"tag":"TypeApp","contents":[{"tag":"TypeConstructor","contents":[["Control","Monad","State","Trans"],"StateT"]},{"tag":"TypeVar","contents":"s"}]},{"tag":"TypeConstructor","contents":[["Data","Identity"],"Identity"]}]},{"tag":"TypeVar","contents":"b"}]}]}]},8]},9]},10]}}},{"EDValue":{"edValueName":{"Ident":"runState"},"edValueType":{"tag":"ForAll","contents":["a",{"tag":"ForAll","contents":["s",{"tag":"TypeApp","contents":[{"tag":"TypeApp","contents":[{"tag":"TypeConstructor","contents":[["Prim"],"Function"]},{"tag":"TypeApp","contents":[{"tag":"TypeApp","contents":[{"tag":"TypeApp","contents":[{"tag":"TypeConstructor","contents":[["Control","Monad","State","Trans"],"StateT"]},{"tag":"TypeVar","contents":"s"}]},{"tag":"TypeConstructor","contents":[["Data","Identity"],"Identity"]}]},{"tag":"TypeVar","contents":"a"}]}]},{"tag":"TypeApp","contents":[{"tag":"TypeApp","contents":[{"tag":"TypeConstructor","contents":[["Prim"],"Function"]},{"tag":"TypeVar","contents":"s"}]},{"tag":"TypeApp","contents":[{"tag":"TypeApp","contents":[{"tag":"TypeConstructor","contents":[["Data","Tuple"],"Tuple"]},{"tag":"TypeVar","contents":"a"}]},{"tag":"TypeVar","contents":"s"}]}]}]},4]},5]}}},{"EDValue":{"edValueName":{"Ident":"withState"},"edValueType":{"tag":"ForAll","contents":["a",{"tag":"ForAll","contents":["s",{"tag":"TypeApp","contents":[{"tag":"TypeApp","contents":[{"tag":"TypeConstructor","contents":[["Prim"],"Function"]},{"tag":"TypeApp","contents":[{"tag":"TypeApp","contents":[{"tag":"TypeConstructor","contents":[["Prim"],"Function"]},{"tag":"TypeVar","contents":"s"}]},{"tag":"TypeVar","contents":"s"}]}]},{"tag":"TypeApp","contents":[{"tag":"TypeApp","contents":[{"tag":"TypeConstructor","contents":[["Prim"],"Function"]},{"tag":"TypeApp","contents":[{"tag":"TypeApp","contents":[{"tag":"TypeApp","contents":[{"tag":"TypeConstructor","contents":[["Control","Monad","State","Trans"],"StateT"]},{"tag":"TypeVar","contents":"s"}]},{"tag":"TypeConstructor","contents":[["Data","Identity"],"Identity"]}]},{"tag":"TypeVar","contents":"a"}]}]},{"tag":"TypeApp","contents":[{"tag":"TypeApp","contents":[{"tag":"TypeApp","contents":[{"tag":"TypeConstructor","contents":[["Control","Monad","State","Trans"],"StateT"]},{"tag":"TypeVar","contents":"s"}]},{"tag":"TypeConstructor","contents":[["Data","Identity"],"Identity"]}]},{"tag":"TypeVar","contents":"a"}]}]}]},0]},1]}}}],"efSourceSpan":{"start":[1,1],"name":"C:\\Users\\I344006\\purescript\\juspay_rotatecube\\bower_components\\purescript-transformers\\src\\Control\\Monad\\State.purs","end":[45,13]}}