{"efVersion":"0.11.6","efModuleName":["Data","CommutativeRing"],"efExports":[{"TypeClassRef":[{"start":[1,1],"name":"C:\\Users\\I344006\\purescript\\juspay_rotatecube\\bower_components\\purescript-prelude\\src\\Data\\CommutativeRing.purs","end":[23,75]},"CommutativeRing"]},{"ReExportRef":[{"start":[1,1],"name":"C:\\Users\\I344006\\purescript\\juspay_rotatecube\\bower_components\\purescript-prelude\\src\\Data\\CommutativeRing.purs","end":[23,75]},["Data","Ring"],{"TypeClassRef":[{"start":[1,1],"name":"C:\\Users\\I344006\\purescript\\juspay_rotatecube\\bower_components\\purescript-prelude\\src\\Data\\CommutativeRing.purs","end":[23,75]},"Ring"]}]},{"ReExportRef":[{"start":[1,1],"name":"C:\\Users\\I344006\\purescript\\juspay_rotatecube\\bower_components\\purescript-prelude\\src\\Data\\CommutativeRing.purs","end":[23,75]},["Data","Semiring"],{"TypeClassRef":[{"start":[1,1],"name":"C:\\Users\\I344006\\purescript\\juspay_rotatecube\\bower_components\\purescript-prelude\\src\\Data\\CommutativeRing.purs","end":[23,75]},"Semiring"]}]},{"ReExportRef":[{"start":[1,1],"name":"C:\\Users\\I344006\\purescript\\juspay_rotatecube\\bower_components\\purescript-prelude\\src\\Data\\CommutativeRing.purs","end":[23,75]},["Data","Semiring"],{"ValueRef":[{"start":[1,1],"name":"C:\\Users\\I344006\\purescript\\juspay_rotatecube\\bower_components\\purescript-prelude\\src\\Data\\CommutativeRing.purs","end":[23,75]},{"Ident":"add"}]}]},{"ReExportRef":[{"start":[1,1],"name":"C:\\Users\\I344006\\purescript\\juspay_rotatecube\\bower_components\\purescript-prelude\\src\\Data\\CommutativeRing.purs","end":[23,75]},["Data","Semiring"],{"ValueRef":[{"start":[1,1],"name":"C:\\Users\\I344006\\purescript\\juspay_rotatecube\\bower_components\\purescript-prelude\\src\\Data\\CommutativeRing.purs","end":[23,75]},{"Ident":"mul"}]}]},{"ReExportRef":[{"start":[1,1],"name":"C:\\Users\\I344006\\purescript\\juspay_rotatecube\\bower_components\\purescript-prelude\\src\\Data\\CommutativeRing.purs","end":[23,75]},["Data","Semiring"],{"ValueRef":[{"start":[1,1],"name":"C:\\Users\\I344006\\purescript\\juspay_rotatecube\\bower_components\\purescript-prelude\\src\\Data\\CommutativeRing.purs","end":[23,75]},{"Ident":"one"}]}]},{"ReExportRef":[{"start":[1,1],"name":"C:\\Users\\I344006\\purescript\\juspay_rotatecube\\bower_components\\purescript-prelude\\src\\Data\\CommutativeRing.purs","end":[23,75]},["Data","Semiring"],{"ValueRef":[{"start":[1,1],"name":"C:\\Users\\I344006\\purescript\\juspay_rotatecube\\bower_components\\purescript-prelude\\src\\Data\\CommutativeRing.purs","end":[23,75]},{"Ident":"zero"}]}]},{"ReExportRef":[{"start":[1,1],"name":"C:\\Users\\I344006\\purescript\\juspay_rotatecube\\bower_components\\purescript-prelude\\src\\Data\\CommutativeRing.purs","end":[23,75]},["Data","Semiring"],{"ValueOpRef":[{"start":[1,1],"name":"C:\\Users\\I344006\\purescript\\juspay_rotatecube\\bower_components\\purescript-prelude\\src\\Data\\CommutativeRing.purs","end":[23,75]},"*"]}]},{"ReExportRef":[{"start":[1,1],"name":"C:\\Users\\I344006\\purescript\\juspay_rotatecube\\bower_components\\purescript-prelude\\src\\Data\\CommutativeRing.purs","end":[23,75]},["Data","Semiring"],{"ValueOpRef":[{"start":[1,1],"name":"C:\\Users\\I344006\\purescript\\juspay_rotatecube\\bower_components\\purescript-prelude\\src\\Data\\CommutativeRing.purs","end":[23,75]},"+"]}]},{"ModuleRef":[{"start":[3,5],"name":"C:\\Users\\I344006\\purescript\\juspay_rotatecube\\bower_components\\purescript-prelude\\src\\Data\\CommutativeRing.purs","end":[3,21]},["Data","Ring"]]},{"ModuleRef":[{"start":[4,5],"name":"C:\\Users\\I344006\\purescript\\juspay_rotatecube\\bower_components\\purescript-prelude\\src\\Data\\CommutativeRing.purs","end":[4,25]},["Data","Semiring"]]},{"TypeInstanceRef":[{"start":[0,0],"name":"<generated>","end":[0,0]},{"Ident":"commutativeRingInt"}]},{"TypeInstanceRef":[{"start":[0,0],"name":"<generated>","end":[0,0]},{"Ident":"commutativeRingNumber"}]},{"TypeInstanceRef":[{"start":[0,0],"name":"<generated>","end":[0,0]},{"Ident":"commutativeRingUnit"}]},{"TypeInstanceRef":[{"start":[0,0],"name":"<generated>","end":[0,0]},{"Ident":"commutativeRingFn"}]}],"efImports":[{"eiModule":["Prim"],"eiImportType":{"Implicit":[]},"eiImportedAs":null},{"eiModule":["Prim"],"eiImportType":{"Implicit":[]},"eiImportedAs":["Prim"]},{"eiModule":["Data","Ring"],"eiImportType":{"Explicit":[{"TypeClassRef":[{"start":[7,19],"name":"C:\\Users\\I344006\\purescript\\juspay_rotatecube\\bower_components\\purescript-prelude\\src\\Data\\CommutativeRing.purs","end":[7,29]},"Ring"]}]},"eiImportedAs":null},{"eiModule":["Data","Semiring"],"eiImportType":{"Explicit":[{"TypeClassRef":[{"start":[8,23],"name":"C:\\Users\\I344006\\purescript\\juspay_rotatecube\\bower_components\\purescript-prelude\\src\\Data\\CommutativeRing.purs","end":[8,37]},"Semiring"]},{"ValueRef":[{"start":[8,39],"name":"C:\\Users\\I344006\\purescript\\juspay_rotatecube\\bower_components\\purescript-prelude\\src\\Data\\CommutativeRing.purs","end":[8,42]},{"Ident":"add"}]},{"ValueRef":[{"start":[8,44],"name":"C:\\Users\\I344006\\purescript\\juspay_rotatecube\\bower_components\\purescript-prelude\\src\\Data\\CommutativeRing.purs","end":[8,47]},{"Ident":"mul"}]},{"ValueRef":[{"start":[8,49],"name":"C:\\Users\\I344006\\purescript\\juspay_rotatecube\\bower_components\\purescript-prelude\\src\\Data\\CommutativeRing.purs","end":[8,52]},{"Ident":"one"}]},{"ValueRef":[{"start":[8,54],"name":"C:\\Users\\I344006\\purescript\\juspay_rotatecube\\bower_components\\purescript-prelude\\src\\Data\\CommutativeRing.purs","end":[8,58]},{"Ident":"zero"}]},{"ValueOpRef":[{"start":[8,60],"name":"C:\\Users\\I344006\\purescript\\juspay_rotatecube\\bower_components\\purescript-prelude\\src\\Data\\CommutativeRing.purs","end":[8,63]},"*"]},{"ValueOpRef":[{"start":[8,65],"name":"C:\\Users\\I344006\\purescript\\juspay_rotatecube\\bower_components\\purescript-prelude\\src\\Data\\CommutativeRing.purs","end":[8,68]},"+"]}]},"eiImportedAs":null},{"eiModule":["Data","Unit"],"eiImportType":{"Explicit":[{"TypeRef":[{"start":[9,19],"name":"C:\\Users\\I344006\\purescript\\juspay_rotatecube\\bower_components\\purescript-prelude\\src\\Data\\CommutativeRing.purs","end":[9,23]},"Unit",[]]}]},"eiImportedAs":null}],"efFixities":[],"efTypeFixities":[],"efDeclarations":[{"EDType":{"edTypeName":"CommutativeRing","edTypeKind":{"tag":"FunKind","contents":[{"tag":"NamedKind","contents":[["Prim"],"Type"]},{"tag":"NamedKind","contents":[["Prim"],"Type"]}]},"edTypeDeclarationKind":"TypeSynonym"}},{"EDTypeSynonym":{"edTypeSynonymName":"CommutativeRing","edTypeSynonymArguments":[["a",null]],"edTypeSynonymType":{"tag":"TypeApp","contents":[{"tag":"TypeConstructor","contents":[["Prim"],"Record"]},{"tag":"RCons","contents":["Ring0",{"tag":"TypeApp","contents":[{"tag":"TypeApp","contents":[{"tag":"TypeConstructor","contents":[["Prim"],"Function"]},{"tag":"TypeApp","contents":[{"tag":"TypeConstructor","contents":[["Prim"],"Record"]},{"tag":"REmpty"}]}]},{"tag":"TypeApp","contents":[{"tag":"TypeConstructor","contents":[["Data","Ring"],"Ring"]},{"tag":"TypeVar","contents":"a"}]}]},{"tag":"REmpty"}]}]}}},{"EDClass":{"edClassName":"CommutativeRing","edClassTypeArguments":[["a",null]],"edClassMembers":[],"edClassConstraints":[{"constraintClass":[["Data","Ring"],"Ring"],"constraintArgs":[{"tag":"TypeVar","contents":"a"}],"constraintData":null}],"edFunctionalDependencies":[]}},{"EDInstance":{"edInstanceClassName":[["Data","CommutativeRing"],"CommutativeRing"],"edInstanceName":{"Ident":"commutativeRingInt"},"edInstanceTypes":[{"tag":"TypeConstructor","contents":[["Prim"],"Int"]}],"edInstanceConstraints":[]}},{"EDInstance":{"edInstanceClassName":[["Data","CommutativeRing"],"CommutativeRing"],"edInstanceName":{"Ident":"commutativeRingNumber"},"edInstanceTypes":[{"tag":"TypeConstructor","contents":[["Prim"],"Number"]}],"edInstanceConstraints":[]}},{"EDInstance":{"edInstanceClassName":[["Data","CommutativeRing"],"CommutativeRing"],"edInstanceName":{"Ident":"commutativeRingUnit"},"edInstanceTypes":[{"tag":"TypeConstructor","contents":[["Data","Unit"],"Unit"]}],"edInstanceConstraints":[]}},{"EDInstance":{"edInstanceClassName":[["Data","CommutativeRing"],"CommutativeRing"],"edInstanceName":{"Ident":"commutativeRingFn"},"edInstanceTypes":[{"tag":"TypeApp","contents":[{"tag":"TypeApp","contents":[{"tag":"TypeConstructor","contents":[["Prim"],"Function"]},{"tag":"TypeVar","contents":"a"}]},{"tag":"TypeVar","contents":"b"}]}],"edInstanceConstraints":[{"constraintClass":[["Data","CommutativeRing"],"CommutativeRing"],"constraintArgs":[{"tag":"TypeVar","contents":"b"}],"constraintData":null}]}}],"efSourceSpan":{"start":[1,1],"name":"C:\\Users\\I344006\\purescript\\juspay_rotatecube\\bower_components\\purescript-prelude\\src\\Data\\CommutativeRing.purs","end":[23,75]}}