{"efVersion":"0.11.6","efModuleName":["Data","Bifunctor","Flip"],"efExports":[{"TypeRef":[{"start":[1,1],"name":"C:\\Users\\I344006\\purescript\\juspay_rotatecube\\bower_components\\purescript-bifunctors\\src\\Data\\Bifunctor\\Flip.purs","end":[33,32]},"Flip",["Flip"]]},{"TypeInstanceRef":[{"start":[0,0],"name":"<generated>","end":[0,0]},{"Ident":"newtypeFlip"}]},{"TypeInstanceRef":[{"start":[0,0],"name":"<generated>","end":[0,0]},{"Ident":"eqFlip"}]},{"TypeInstanceRef":[{"start":[0,0],"name":"<generated>","end":[0,0]},{"Ident":"ordFlip"}]},{"TypeInstanceRef":[{"start":[0,0],"name":"<generated>","end":[0,0]},{"Ident":"showFlip"}]},{"TypeInstanceRef":[{"start":[0,0],"name":"<generated>","end":[0,0]},{"Ident":"functorFlip"}]},{"TypeInstanceRef":[{"start":[0,0],"name":"<generated>","end":[0,0]},{"Ident":"bifunctorFlip"}]},{"TypeInstanceRef":[{"start":[0,0],"name":"<generated>","end":[0,0]},{"Ident":"biapplyFlip"}]},{"TypeInstanceRef":[{"start":[0,0],"name":"<generated>","end":[0,0]},{"Ident":"biapplicativeFlip"}]}],"efImports":[{"eiModule":["Prim"],"eiImportType":{"Implicit":[]},"eiImportedAs":null},{"eiModule":["Prim"],"eiImportType":{"Implicit":[]},"eiImportedAs":["Prim"]},{"eiModule":["Prelude"],"eiImportType":{"Implicit":[]},"eiImportedAs":null},{"eiModule":["Control","Biapplicative"],"eiImportType":{"Explicit":[{"TypeClassRef":[{"start":[5,31],"name":"C:\\Users\\I344006\\purescript\\juspay_rotatecube\\bower_components\\purescript-bifunctors\\src\\Data\\Bifunctor\\Flip.purs","end":[5,50]},"Biapplicative"]},{"ValueRef":[{"start":[5,52],"name":"C:\\Users\\I344006\\purescript\\juspay_rotatecube\\bower_components\\purescript-bifunctors\\src\\Data\\Bifunctor\\Flip.purs","end":[5,58]},{"Ident":"bipure"}]}]},"eiImportedAs":null},{"eiModule":["Control","Biapply"],"eiImportType":{"Explicit":[{"TypeClassRef":[{"start":[6,25],"name":"C:\\Users\\I344006\\purescript\\juspay_rotatecube\\bower_components\\purescript-bifunctors\\src\\Data\\Bifunctor\\Flip.purs","end":[6,38]},"Biapply"]},{"ValueOpRef":[{"start":[6,40],"name":"C:\\Users\\I344006\\purescript\\juspay_rotatecube\\bower_components\\purescript-bifunctors\\src\\Data\\Bifunctor\\Flip.purs","end":[6,47]},"<<*>>"]}]},"eiImportedAs":null},{"eiModule":["Data","Bifunctor"],"eiImportType":{"Explicit":[{"TypeClassRef":[{"start":[8,24],"name":"C:\\Users\\I344006\\purescript\\juspay_rotatecube\\bower_components\\purescript-bifunctors\\src\\Data\\Bifunctor\\Flip.purs","end":[8,39]},"Bifunctor"]},{"ValueRef":[{"start":[8,41],"name":"C:\\Users\\I344006\\purescript\\juspay_rotatecube\\bower_components\\purescript-bifunctors\\src\\Data\\Bifunctor\\Flip.purs","end":[8,46]},{"Ident":"bimap"}]},{"ValueRef":[{"start":[8,48],"name":"C:\\Users\\I344006\\purescript\\juspay_rotatecube\\bower_components\\purescript-bifunctors\\src\\Data\\Bifunctor\\Flip.purs","end":[8,52]},{"Ident":"lmap"}]}]},"eiImportedAs":null},{"eiModule":["Data","Newtype"],"eiImportType":{"Explicit":[{"TypeClassRef":[{"start":[9,22],"name":"C:\\Users\\I344006\\purescript\\juspay_rotatecube\\bower_components\\purescript-bifunctors\\src\\Data\\Bifunctor\\Flip.purs","end":[9,35]},"Newtype"]}]},"eiImportedAs":null}],"efFixities":[],"efTypeFixities":[],"efDeclarations":[{"EDType":{"edTypeName":"Flip","edTypeKind":{"tag":"FunKind","contents":[{"tag":"FunKind","contents":[{"tag":"NamedKind","contents":[["Prim"],"Type"]},{"tag":"FunKind","contents":[{"tag":"NamedKind","contents":[["Prim"],"Type"]},{"tag":"NamedKind","contents":[["Prim"],"Type"]}]}]},{"tag":"FunKind","contents":[{"tag":"NamedKind","contents":[["Prim"],"Type"]},{"tag":"FunKind","contents":[{"tag":"NamedKind","contents":[["Prim"],"Type"]},{"tag":"NamedKind","contents":[["Prim"],"Type"]}]}]}]},"edTypeDeclarationKind":{"DataType":{"args":[["p",{"tag":"FunKind","contents":[{"tag":"NamedKind","contents":[["Prim"],"Type"]},{"tag":"FunKind","contents":[{"tag":"NamedKind","contents":[["Prim"],"Type"]},{"tag":"NamedKind","contents":[["Prim"],"Type"]}]}]}],["a",{"tag":"NamedKind","contents":[["Prim"],"Type"]}],["b",{"tag":"NamedKind","contents":[["Prim"],"Type"]}]],"ctors":[["Flip",[{"tag":"TypeApp","contents":[{"tag":"TypeApp","contents":[{"tag":"TypeVar","contents":"p"},{"tag":"TypeVar","contents":"b"}]},{"tag":"TypeVar","contents":"a"}]}]]]}}}},{"EDDataConstructor":{"edDataCtorName":"Flip","edDataCtorOrigin":"newtype","edDataCtorTypeCtor":"Flip","edDataCtorType":{"tag":"ForAll","contents":["b",{"tag":"ForAll","contents":["a",{"tag":"ForAll","contents":["p",{"tag":"TypeApp","contents":[{"tag":"TypeApp","contents":[{"tag":"TypeConstructor","contents":[["Prim"],"Function"]},{"tag":"TypeApp","contents":[{"tag":"TypeApp","contents":[{"tag":"TypeVar","contents":"p"},{"tag":"TypeVar","contents":"b"}]},{"tag":"TypeVar","contents":"a"}]}]},{"tag":"TypeApp","contents":[{"tag":"TypeApp","contents":[{"tag":"TypeApp","contents":[{"tag":"TypeConstructor","contents":[["Data","Bifunctor","Flip"],"Flip"]},{"tag":"TypeVar","contents":"p"}]},{"tag":"TypeVar","contents":"a"}]},{"tag":"TypeVar","contents":"b"}]}]},null]},null]},null]},"edDataCtorFields":[{"Ident":"value0"}]}},{"EDInstance":{"edInstanceClassName":[["Data","Newtype"],"Newtype"],"edInstanceName":{"Ident":"newtypeFlip"},"edInstanceTypes":[{"tag":"TypeApp","contents":[{"tag":"TypeApp","contents":[{"tag":"TypeApp","contents":[{"tag":"TypeConstructor","contents":[["Data","Bifunctor","Flip"],"Flip"]},{"tag":"TypeVar","contents":"p"}]},{"tag":"TypeVar","contents":"a"}]},{"tag":"TypeVar","contents":"b"}]},{"tag":"TypeApp","contents":[{"tag":"TypeApp","contents":[{"tag":"TypeVar","contents":"p"},{"tag":"TypeVar","contents":"b"}]},{"tag":"TypeVar","contents":"a"}]}],"edInstanceConstraints":[]}},{"EDInstance":{"edInstanceClassName":[["Data","Eq"],"Eq"],"edInstanceName":{"Ident":"eqFlip"},"edInstanceTypes":[{"tag":"TypeApp","contents":[{"tag":"TypeApp","contents":[{"tag":"TypeApp","contents":[{"tag":"TypeConstructor","contents":[["Data","Bifunctor","Flip"],"Flip"]},{"tag":"TypeVar","contents":"p"}]},{"tag":"TypeVar","contents":"a"}]},{"tag":"TypeVar","contents":"b"}]}],"edInstanceConstraints":[{"constraintClass":[["Data","Eq"],"Eq"],"constraintArgs":[{"tag":"TypeApp","contents":[{"tag":"TypeApp","contents":[{"tag":"TypeVar","contents":"p"},{"tag":"TypeVar","contents":"b"}]},{"tag":"TypeVar","contents":"a"}]}],"constraintData":null}]}},{"EDInstance":{"edInstanceClassName":[["Data","Ord"],"Ord"],"edInstanceName":{"Ident":"ordFlip"},"edInstanceTypes":[{"tag":"TypeApp","contents":[{"tag":"TypeApp","contents":[{"tag":"TypeApp","contents":[{"tag":"TypeConstructor","contents":[["Data","Bifunctor","Flip"],"Flip"]},{"tag":"TypeVar","contents":"p"}]},{"tag":"TypeVar","contents":"a"}]},{"tag":"TypeVar","contents":"b"}]}],"edInstanceConstraints":[{"constraintClass":[["Data","Ord"],"Ord"],"constraintArgs":[{"tag":"TypeApp","contents":[{"tag":"TypeApp","contents":[{"tag":"TypeVar","contents":"p"},{"tag":"TypeVar","contents":"b"}]},{"tag":"TypeVar","contents":"a"}]}],"constraintData":null}]}},{"EDInstance":{"edInstanceClassName":[["Data","Show"],"Show"],"edInstanceName":{"Ident":"showFlip"},"edInstanceTypes":[{"tag":"TypeApp","contents":[{"tag":"TypeApp","contents":[{"tag":"TypeApp","contents":[{"tag":"TypeConstructor","contents":[["Data","Bifunctor","Flip"],"Flip"]},{"tag":"TypeVar","contents":"p"}]},{"tag":"TypeVar","contents":"b"}]},{"tag":"TypeVar","contents":"a"}]}],"edInstanceConstraints":[{"constraintClass":[["Data","Show"],"Show"],"constraintArgs":[{"tag":"TypeApp","contents":[{"tag":"TypeApp","contents":[{"tag":"TypeVar","contents":"p"},{"tag":"TypeVar","contents":"a"}]},{"tag":"TypeVar","contents":"b"}]}],"constraintData":null}]}},{"EDInstance":{"edInstanceClassName":[["Data","Functor"],"Functor"],"edInstanceName":{"Ident":"functorFlip"},"edInstanceTypes":[{"tag":"TypeApp","contents":[{"tag":"TypeApp","contents":[{"tag":"TypeConstructor","contents":[["Data","Bifunctor","Flip"],"Flip"]},{"tag":"TypeVar","contents":"p"}]},{"tag":"TypeVar","contents":"a"}]}],"edInstanceConstraints":[{"constraintClass":[["Data","Bifunctor"],"Bifunctor"],"constraintArgs":[{"tag":"TypeVar","contents":"p"}],"constraintData":null}]}},{"EDInstance":{"edInstanceClassName":[["Data","Bifunctor"],"Bifunctor"],"edInstanceName":{"Ident":"bifunctorFlip"},"edInstanceTypes":[{"tag":"TypeApp","contents":[{"tag":"TypeConstructor","contents":[["Data","Bifunctor","Flip"],"Flip"]},{"tag":"TypeVar","contents":"p"}]}],"edInstanceConstraints":[{"constraintClass":[["Data","Bifunctor"],"Bifunctor"],"constraintArgs":[{"tag":"TypeVar","contents":"p"}],"constraintData":null}]}},{"EDInstance":{"edInstanceClassName":[["Control","Biapply"],"Biapply"],"edInstanceName":{"Ident":"biapplyFlip"},"edInstanceTypes":[{"tag":"TypeApp","contents":[{"tag":"TypeConstructor","contents":[["Data","Bifunctor","Flip"],"Flip"]},{"tag":"TypeVar","contents":"p"}]}],"edInstanceConstraints":[{"constraintClass":[["Control","Biapply"],"Biapply"],"constraintArgs":[{"tag":"TypeVar","contents":"p"}],"constraintData":null}]}},{"EDInstance":{"edInstanceClassName":[["Control","Biapplicative"],"Biapplicative"],"edInstanceName":{"Ident":"biapplicativeFlip"},"edInstanceTypes":[{"tag":"TypeApp","contents":[{"tag":"TypeConstructor","contents":[["Data","Bifunctor","Flip"],"Flip"]},{"tag":"TypeVar","contents":"p"}]}],"edInstanceConstraints":[{"constraintClass":[["Control","Biapplicative"],"Biapplicative"],"constraintArgs":[{"tag":"TypeVar","contents":"p"}],"constraintData":null}]}}],"efSourceSpan":{"start":[1,1],"name":"C:\\Users\\I344006\\purescript\\juspay_rotatecube\\bower_components\\purescript-bifunctors\\src\\Data\\Bifunctor\\Flip.purs","end":[33,32]}}