{"efVersion":"0.11.6","efModuleName":["Data","DateTime","Instant"],"efExports":[{"TypeRef":[{"start":[1,1],"name":"C:\\Users\\I344006\\purescript\\juspay_rotatecube\\bower_components\\purescript-datetime\\src\\Data\\DateTime\\Instant.purs","end":[77,124]},"Instant",[]]},{"ValueRef":[{"start":[1,1],"name":"C:\\Users\\I344006\\purescript\\juspay_rotatecube\\bower_components\\purescript-datetime\\src\\Data\\DateTime\\Instant.purs","end":[77,124]},{"Ident":"fromDateTime"}]},{"ValueRef":[{"start":[1,1],"name":"C:\\Users\\I344006\\purescript\\juspay_rotatecube\\bower_components\\purescript-datetime\\src\\Data\\DateTime\\Instant.purs","end":[77,124]},{"Ident":"instant"}]},{"ValueRef":[{"start":[1,1],"name":"C:\\Users\\I344006\\purescript\\juspay_rotatecube\\bower_components\\purescript-datetime\\src\\Data\\DateTime\\Instant.purs","end":[77,124]},{"Ident":"toDateTime"}]},{"ValueRef":[{"start":[1,1],"name":"C:\\Users\\I344006\\purescript\\juspay_rotatecube\\bower_components\\purescript-datetime\\src\\Data\\DateTime\\Instant.purs","end":[77,124]},{"Ident":"unInstant"}]},{"TypeInstanceRef":[{"start":[0,0],"name":"<generated>","end":[0,0]},{"Ident":"eqDateTime"}]},{"TypeInstanceRef":[{"start":[0,0],"name":"<generated>","end":[0,0]},{"Ident":"ordDateTime"}]},{"TypeInstanceRef":[{"start":[0,0],"name":"<generated>","end":[0,0]},{"Ident":"genericDateTime"}]},{"TypeInstanceRef":[{"start":[0,0],"name":"<generated>","end":[0,0]},{"Ident":"boundedInstant"}]},{"TypeInstanceRef":[{"start":[0,0],"name":"<generated>","end":[0,0]},{"Ident":"showInstant"}]}],"efImports":[{"eiModule":["Prim"],"eiImportType":{"Implicit":[]},"eiImportedAs":null},{"eiModule":["Prim"],"eiImportType":{"Implicit":[]},"eiImportedAs":["Prim"]},{"eiModule":["Prelude"],"eiImportType":{"Implicit":[]},"eiImportedAs":null},{"eiModule":["Data","DateTime"],"eiImportType":{"Explicit":[{"TypeRef":[{"start":[11,23],"name":"C:\\Users\\I344006\\purescript\\juspay_rotatecube\\bower_components\\purescript-datetime\\src\\Data\\DateTime\\Instant.purs","end":[11,34]},"Millisecond",[]]},{"TypeRef":[{"start":[11,36],"name":"C:\\Users\\I344006\\purescript\\juspay_rotatecube\\bower_components\\purescript-datetime\\src\\Data\\DateTime\\Instant.purs","end":[11,42]},"Second",[]]},{"TypeRef":[{"start":[11,44],"name":"C:\\Users\\I344006\\purescript\\juspay_rotatecube\\bower_components\\purescript-datetime\\src\\Data\\DateTime\\Instant.purs","end":[11,50]},"Minute",[]]},{"TypeRef":[{"start":[11,52],"name":"C:\\Users\\I344006\\purescript\\juspay_rotatecube\\bower_components\\purescript-datetime\\src\\Data\\DateTime\\Instant.purs","end":[11,56]},"Hour",[]]},{"TypeRef":[{"start":[11,58],"name":"C:\\Users\\I344006\\purescript\\juspay_rotatecube\\bower_components\\purescript-datetime\\src\\Data\\DateTime\\Instant.purs","end":[11,61]},"Day",[]]},{"TypeRef":[{"start":[11,63],"name":"C:\\Users\\I344006\\purescript\\juspay_rotatecube\\bower_components\\purescript-datetime\\src\\Data\\DateTime\\Instant.purs","end":[11,67]},"Year",[]]},{"TypeRef":[{"start":[11,69],"name":"C:\\Users\\I344006\\purescript\\juspay_rotatecube\\bower_components\\purescript-datetime\\src\\Data\\DateTime\\Instant.purs","end":[11,81]},"DateTime",null]},{"TypeRef":[{"start":[11,83],"name":"C:\\Users\\I344006\\purescript\\juspay_rotatecube\\bower_components\\purescript-datetime\\src\\Data\\DateTime\\Instant.purs","end":[11,87]},"Date",[]]},{"TypeRef":[{"start":[11,89],"name":"C:\\Users\\I344006\\purescript\\juspay_rotatecube\\bower_components\\purescript-datetime\\src\\Data\\DateTime\\Instant.purs","end":[11,97]},"Time",null]},{"ValueRef":[{"start":[11,99],"name":"C:\\Users\\I344006\\purescript\\juspay_rotatecube\\bower_components\\purescript-datetime\\src\\Data\\DateTime\\Instant.purs","end":[11,112]},{"Ident":"canonicalDate"}]},{"ValueRef":[{"start":[11,114],"name":"C:\\Users\\I344006\\purescript\\juspay_rotatecube\\bower_components\\purescript-datetime\\src\\Data\\DateTime\\Instant.purs","end":[11,125]},{"Ident":"millisecond"}]},{"ValueRef":[{"start":[11,127],"name":"C:\\Users\\I344006\\purescript\\juspay_rotatecube\\bower_components\\purescript-datetime\\src\\Data\\DateTime\\Instant.purs","end":[11,133]},{"Ident":"second"}]},{"ValueRef":[{"start":[11,135],"name":"C:\\Users\\I344006\\purescript\\juspay_rotatecube\\bower_components\\purescript-datetime\\src\\Data\\DateTime\\Instant.purs","end":[11,141]},{"Ident":"minute"}]},{"ValueRef":[{"start":[11,143],"name":"C:\\Users\\I344006\\purescript\\juspay_rotatecube\\bower_components\\purescript-datetime\\src\\Data\\DateTime\\Instant.purs","end":[11,147]},{"Ident":"hour"}]},{"ValueRef":[{"start":[11,149],"name":"C:\\Users\\I344006\\purescript\\juspay_rotatecube\\bower_components\\purescript-datetime\\src\\Data\\DateTime\\Instant.purs","end":[11,152]},{"Ident":"day"}]},{"ValueRef":[{"start":[11,154],"name":"C:\\Users\\I344006\\purescript\\juspay_rotatecube\\bower_components\\purescript-datetime\\src\\Data\\DateTime\\Instant.purs","end":[11,159]},{"Ident":"month"}]},{"ValueRef":[{"start":[11,161],"name":"C:\\Users\\I344006\\purescript\\juspay_rotatecube\\bower_components\\purescript-datetime\\src\\Data\\DateTime\\Instant.purs","end":[11,165]},{"Ident":"year"}]}]},"eiImportedAs":null},{"eiModule":["Data","Enum"],"eiImportType":{"Explicit":[{"ValueRef":[{"start":[12,19],"name":"C:\\Users\\I344006\\purescript\\juspay_rotatecube\\bower_components\\purescript-datetime\\src\\Data\\DateTime\\Instant.purs","end":[12,27]},{"Ident":"fromEnum"}]},{"ValueRef":[{"start":[12,29],"name":"C:\\Users\\I344006\\purescript\\juspay_rotatecube\\bower_components\\purescript-datetime\\src\\Data\\DateTime\\Instant.purs","end":[12,35]},{"Ident":"toEnum"}]}]},"eiImportedAs":null},{"eiModule":["Data","Function","Uncurried"],"eiImportType":{"Explicit":[{"TypeRef":[{"start":[13,33],"name":"C:\\Users\\I344006\\purescript\\juspay_rotatecube\\bower_components\\purescript-datetime\\src\\Data\\DateTime\\Instant.purs","end":[13,36]},"Fn7",[]]},{"ValueRef":[{"start":[13,38],"name":"C:\\Users\\I344006\\purescript\\juspay_rotatecube\\bower_components\\purescript-datetime\\src\\Data\\DateTime\\Instant.purs","end":[13,44]},{"Ident":"runFn7"}]}]},"eiImportedAs":null},{"eiModule":["Data","Generic"],"eiImportType":{"Explicit":[{"TypeClassRef":[{"start":[14,22],"name":"C:\\Users\\I344006\\purescript\\juspay_rotatecube\\bower_components\\purescript-datetime\\src\\Data\\DateTime\\Instant.purs","end":[14,35]},"Generic"]}]},"eiImportedAs":null},{"eiModule":["Data","Maybe"],"eiImportType":{"Explicit":[{"TypeRef":[{"start":[15,20],"name":"C:\\Users\\I344006\\purescript\\juspay_rotatecube\\bower_components\\purescript-datetime\\src\\Data\\DateTime\\Instant.purs","end":[15,29]},"Maybe",null]},{"ValueRef":[{"start":[15,31],"name":"C:\\Users\\I344006\\purescript\\juspay_rotatecube\\bower_components\\purescript-datetime\\src\\Data\\DateTime\\Instant.purs","end":[15,39]},{"Ident":"fromJust"}]}]},"eiImportedAs":null},{"eiModule":["Data","Time","Duration"],"eiImportType":{"Explicit":[{"TypeRef":[{"start":[16,28],"name":"C:\\Users\\I344006\\purescript\\juspay_rotatecube\\bower_components\\purescript-datetime\\src\\Data\\DateTime\\Instant.purs","end":[16,44]},"Milliseconds",null]}]},"eiImportedAs":null},{"eiModule":["Partial","Unsafe"],"eiImportType":{"Explicit":[{"ValueRef":[{"start":[18,24],"name":"C:\\Users\\I344006\\purescript\\juspay_rotatecube\\bower_components\\purescript-datetime\\src\\Data\\DateTime\\Instant.purs","end":[18,37]},{"Ident":"unsafePartial"}]}]},"eiImportedAs":null}],"efFixities":[],"efTypeFixities":[],"efDeclarations":[{"EDType":{"edTypeName":"Instant","edTypeKind":{"tag":"NamedKind","contents":[["Prim"],"Type"]},"edTypeDeclarationKind":{"DataType":{"args":[],"ctors":[["Instant",[{"tag":"TypeConstructor","contents":[["Data","Time","Duration"],"Milliseconds"]}]]]}}}},{"EDValue":{"edValueName":{"Ident":"fromDateTime"},"edValueType":{"tag":"TypeApp","contents":[{"tag":"TypeApp","contents":[{"tag":"TypeConstructor","contents":[["Prim"],"Function"]},{"tag":"TypeConstructor","contents":[["Data","DateTime"],"DateTime"]}]},{"tag":"TypeConstructor","contents":[["Data","DateTime","Instant"],"Instant"]}]}}},{"EDValue":{"edValueName":{"Ident":"instant"},"edValueType":{"tag":"TypeApp","contents":[{"tag":"TypeApp","contents":[{"tag":"TypeConstructor","contents":[["Prim"],"Function"]},{"tag":"TypeConstructor","contents":[["Data","Time","Duration"],"Milliseconds"]}]},{"tag":"TypeApp","contents":[{"tag":"TypeConstructor","contents":[["Data","Maybe"],"Maybe"]},{"tag":"TypeConstructor","contents":[["Data","DateTime","Instant"],"Instant"]}]}]}}},{"EDValue":{"edValueName":{"Ident":"toDateTime"},"edValueType":{"tag":"TypeApp","contents":[{"tag":"TypeApp","contents":[{"tag":"TypeConstructor","contents":[["Prim"],"Function"]},{"tag":"TypeConstructor","contents":[["Data","DateTime","Instant"],"Instant"]}]},{"tag":"TypeConstructor","contents":[["Data","DateTime"],"DateTime"]}]}}},{"EDValue":{"edValueName":{"Ident":"unInstant"},"edValueType":{"tag":"TypeApp","contents":[{"tag":"TypeApp","contents":[{"tag":"TypeConstructor","contents":[["Prim"],"Function"]},{"tag":"TypeConstructor","contents":[["Data","DateTime","Instant"],"Instant"]}]},{"tag":"TypeConstructor","contents":[["Data","Time","Duration"],"Milliseconds"]}]}}},{"EDInstance":{"edInstanceClassName":[["Data","Eq"],"Eq"],"edInstanceName":{"Ident":"eqDateTime"},"edInstanceTypes":[{"tag":"TypeConstructor","contents":[["Data","DateTime","Instant"],"Instant"]}],"edInstanceConstraints":[]}},{"EDInstance":{"edInstanceClassName":[["Data","Ord"],"Ord"],"edInstanceName":{"Ident":"ordDateTime"},"edInstanceTypes":[{"tag":"TypeConstructor","contents":[["Data","DateTime","Instant"],"Instant"]}],"edInstanceConstraints":[]}},{"EDInstance":{"edInstanceClassName":[["Data","Generic"],"Generic"],"edInstanceName":{"Ident":"genericDateTime"},"edInstanceTypes":[{"tag":"TypeConstructor","contents":[["Data","DateTime","Instant"],"Instant"]}],"edInstanceConstraints":[]}},{"EDInstance":{"edInstanceClassName":[["Data","Bounded"],"Bounded"],"edInstanceName":{"Ident":"boundedInstant"},"edInstanceTypes":[{"tag":"TypeConstructor","contents":[["Data","DateTime","Instant"],"Instant"]}],"edInstanceConstraints":[]}},{"EDInstance":{"edInstanceClassName":[["Data","Show"],"Show"],"edInstanceName":{"Ident":"showInstant"},"edInstanceTypes":[{"tag":"TypeConstructor","contents":[["Data","DateTime","Instant"],"Instant"]}],"edInstanceConstraints":[]}}],"efSourceSpan":{"start":[1,1],"name":"C:\\Users\\I344006\\purescript\\juspay_rotatecube\\bower_components\\purescript-datetime\\src\\Data\\DateTime\\Instant.purs","end":[77,124]}}