{"efVersion":"0.11.6","efModuleName":["Control","Monad","Eff","Class"],"efExports":[{"TypeClassRef":[{"start":[1,1],"name":"C:\\Users\\I344006\\purescript\\juspay_rotatecube\\bower_components\\purescript-eff\\src\\Control\\Monad\\Eff\\Class.purs","end":[23,13]},"MonadEff"]},{"ValueRef":[{"start":[1,1],"name":"C:\\Users\\I344006\\purescript\\juspay_rotatecube\\bower_components\\purescript-eff\\src\\Control\\Monad\\Eff\\Class.purs","end":[23,13]},{"Ident":"liftEff"}]},{"TypeInstanceRef":[{"start":[0,0],"name":"<generated>","end":[0,0]},{"Ident":"monadEffEff"}]}],"efImports":[{"eiModule":["Prim"],"eiImportType":{"Implicit":[]},"eiImportedAs":null},{"eiModule":["Prim"],"eiImportType":{"Implicit":[]},"eiImportedAs":["Prim"]},{"eiModule":["Control","Category"],"eiImportType":{"Explicit":[{"ValueRef":[{"start":[3,26],"name":"C:\\Users\\I344006\\purescript\\juspay_rotatecube\\bower_components\\purescript-eff\\src\\Control\\Monad\\Eff\\Class.purs","end":[3,28]},{"Ident":"id"}]}]},"eiImportedAs":null},{"eiModule":["Control","Monad"],"eiImportType":{"Explicit":[{"TypeClassRef":[{"start":[4,23],"name":"C:\\Users\\I344006\\purescript\\juspay_rotatecube\\bower_components\\purescript-eff\\src\\Control\\Monad\\Eff\\Class.purs","end":[4,34]},"Monad"]}]},"eiImportedAs":null},{"eiModule":["Control","Monad","Eff"],"eiImportType":{"Explicit":[{"TypeRef":[{"start":[5,27],"name":"C:\\Users\\I344006\\purescript\\juspay_rotatecube\\bower_components\\purescript-eff\\src\\Control\\Monad\\Eff\\Class.purs","end":[5,30]},"Eff",[]]}]},"eiImportedAs":null}],"efFixities":[],"efTypeFixities":[],"efDeclarations":[{"EDType":{"edTypeName":"MonadEff","edTypeKind":{"tag":"FunKind","contents":[{"tag":"Row","contents":{"tag":"NamedKind","contents":[["Control","Monad","Eff"],"Effect"]}},{"tag":"FunKind","contents":[{"tag":"FunKind","contents":[{"tag":"NamedKind","contents":[["Prim"],"Type"]},{"tag":"NamedKind","contents":[["Prim"],"Type"]}]},{"tag":"NamedKind","contents":[["Prim"],"Type"]}]}]},"edTypeDeclarationKind":"TypeSynonym"}},{"EDTypeSynonym":{"edTypeSynonymName":"MonadEff","edTypeSynonymArguments":[["eff",null],["m",null]],"edTypeSynonymType":{"tag":"TypeApp","contents":[{"tag":"TypeConstructor","contents":[["Prim"],"Record"]},{"tag":"RCons","contents":["liftEff",{"tag":"ForAll","contents":["a",{"tag":"TypeApp","contents":[{"tag":"TypeApp","contents":[{"tag":"TypeConstructor","contents":[["Prim"],"Function"]},{"tag":"TypeApp","contents":[{"tag":"TypeApp","contents":[{"tag":"TypeConstructor","contents":[["Control","Monad","Eff"],"Eff"]},{"tag":"TypeVar","contents":"eff"}]},{"tag":"TypeVar","contents":"a"}]}]},{"tag":"TypeApp","contents":[{"tag":"TypeVar","contents":"m"},{"tag":"TypeVar","contents":"a"}]}]},null]},{"tag":"RCons","contents":["Monad0",{"tag":"TypeApp","contents":[{"tag":"TypeApp","contents":[{"tag":"TypeConstructor","contents":[["Prim"],"Function"]},{"tag":"TypeApp","contents":[{"tag":"TypeConstructor","contents":[["Prim"],"Record"]},{"tag":"REmpty"}]}]},{"tag":"TypeApp","contents":[{"tag":"TypeConstructor","contents":[["Control","Monad"],"Monad"]},{"tag":"TypeVar","contents":"m"}]}]},{"tag":"REmpty"}]}]}]}}},{"EDClass":{"edClassName":"MonadEff","edClassTypeArguments":[["eff",null],["m",null]],"edClassMembers":[[{"Ident":"liftEff"},{"tag":"ForAll","contents":["a",{"tag":"TypeApp","contents":[{"tag":"TypeApp","contents":[{"tag":"TypeConstructor","contents":[["Prim"],"Function"]},{"tag":"TypeApp","contents":[{"tag":"TypeApp","contents":[{"tag":"TypeConstructor","contents":[["Control","Monad","Eff"],"Eff"]},{"tag":"TypeVar","contents":"eff"}]},{"tag":"TypeVar","contents":"a"}]}]},{"tag":"TypeApp","contents":[{"tag":"TypeVar","contents":"m"},{"tag":"TypeVar","contents":"a"}]}]},null]}]],"edClassConstraints":[{"constraintClass":[["Control","Monad"],"Monad"],"constraintArgs":[{"tag":"TypeVar","contents":"m"}],"constraintData":null}],"edFunctionalDependencies":[{"determiners":[1],"determined":[0]}]}},{"EDValue":{"edValueName":{"Ident":"liftEff"},"edValueType":{"tag":"ForAll","contents":["eff",{"tag":"ForAll","contents":["m",{"tag":"ForAll","contents":["a",{"tag":"ConstrainedType","contents":[{"constraintClass":[["Control","Monad","Eff","Class"],"MonadEff"],"constraintArgs":[{"tag":"TypeVar","contents":"eff"},{"tag":"TypeVar","contents":"m"}],"constraintData":null},{"tag":"TypeApp","contents":[{"tag":"TypeApp","contents":[{"tag":"TypeConstructor","contents":[["Prim"],"Function"]},{"tag":"TypeApp","contents":[{"tag":"TypeApp","contents":[{"tag":"TypeConstructor","contents":[["Control","Monad","Eff"],"Eff"]},{"tag":"TypeVar","contents":"eff"}]},{"tag":"TypeVar","contents":"a"}]}]},{"tag":"TypeApp","contents":[{"tag":"TypeVar","contents":"m"},{"tag":"TypeVar","contents":"a"}]}]}]},15]},16]},17]}}},{"EDInstance":{"edInstanceClassName":[["Control","Monad","Eff","Class"],"MonadEff"],"edInstanceName":{"Ident":"monadEffEff"},"edInstanceTypes":[{"tag":"TypeVar","contents":"eff"},{"tag":"TypeApp","contents":[{"tag":"TypeConstructor","contents":[["Control","Monad","Eff"],"Eff"]},{"tag":"TypeVar","contents":"eff"}]}],"edInstanceConstraints":[]}}],"efSourceSpan":{"start":[1,1],"name":"C:\\Users\\I344006\\purescript\\juspay_rotatecube\\bower_components\\purescript-eff\\src\\Control\\Monad\\Eff\\Class.purs","end":[23,13]}}