{"efVersion":"0.11.6","efModuleName":["Control","Comonad"],"efExports":[{"TypeClassRef":[{"start":[1,1],"name":"C:\\Users\\I344006\\purescript\\juspay_rotatecube\\bower_components\\purescript-control\\src\\Control\\Comonad.purs","end":[21,31]},"Comonad"]},{"ReExportRef":[{"start":[1,1],"name":"C:\\Users\\I344006\\purescript\\juspay_rotatecube\\bower_components\\purescript-control\\src\\Control\\Comonad.purs","end":[21,31]},["Control","Extend"],{"TypeClassRef":[{"start":[1,1],"name":"C:\\Users\\I344006\\purescript\\juspay_rotatecube\\bower_components\\purescript-control\\src\\Control\\Comonad.purs","end":[21,31]},"Extend"]}]},{"ReExportRef":[{"start":[1,1],"name":"C:\\Users\\I344006\\purescript\\juspay_rotatecube\\bower_components\\purescript-control\\src\\Control\\Comonad.purs","end":[21,31]},["Data","Functor"],{"TypeClassRef":[{"start":[1,1],"name":"C:\\Users\\I344006\\purescript\\juspay_rotatecube\\bower_components\\purescript-control\\src\\Control\\Comonad.purs","end":[21,31]},"Functor"]}]},{"ReExportRef":[{"start":[1,1],"name":"C:\\Users\\I344006\\purescript\\juspay_rotatecube\\bower_components\\purescript-control\\src\\Control\\Comonad.purs","end":[21,31]},["Control","Extend"],{"ValueRef":[{"start":[1,1],"name":"C:\\Users\\I344006\\purescript\\juspay_rotatecube\\bower_components\\purescript-control\\src\\Control\\Comonad.purs","end":[21,31]},{"Ident":"duplicate"}]}]},{"ReExportRef":[{"start":[1,1],"name":"C:\\Users\\I344006\\purescript\\juspay_rotatecube\\bower_components\\purescript-control\\src\\Control\\Comonad.purs","end":[21,31]},["Control","Extend"],{"ValueRef":[{"start":[1,1],"name":"C:\\Users\\I344006\\purescript\\juspay_rotatecube\\bower_components\\purescript-control\\src\\Control\\Comonad.purs","end":[21,31]},{"Ident":"extend"}]}]},{"ValueRef":[{"start":[1,1],"name":"C:\\Users\\I344006\\purescript\\juspay_rotatecube\\bower_components\\purescript-control\\src\\Control\\Comonad.purs","end":[21,31]},{"Ident":"extract"}]},{"ReExportRef":[{"start":[1,1],"name":"C:\\Users\\I344006\\purescript\\juspay_rotatecube\\bower_components\\purescript-control\\src\\Control\\Comonad.purs","end":[21,31]},["Data","Functor"],{"ValueRef":[{"start":[1,1],"name":"C:\\Users\\I344006\\purescript\\juspay_rotatecube\\bower_components\\purescript-control\\src\\Control\\Comonad.purs","end":[21,31]},{"Ident":"map"}]}]},{"ReExportRef":[{"start":[1,1],"name":"C:\\Users\\I344006\\purescript\\juspay_rotatecube\\bower_components\\purescript-control\\src\\Control\\Comonad.purs","end":[21,31]},["Data","Functor"],{"ValueRef":[{"start":[1,1],"name":"C:\\Users\\I344006\\purescript\\juspay_rotatecube\\bower_components\\purescript-control\\src\\Control\\Comonad.purs","end":[21,31]},{"Ident":"void"}]}]},{"ReExportRef":[{"start":[1,1],"name":"C:\\Users\\I344006\\purescript\\juspay_rotatecube\\bower_components\\purescript-control\\src\\Control\\Comonad.purs","end":[21,31]},["Data","Functor"],{"ValueOpRef":[{"start":[1,1],"name":"C:\\Users\\I344006\\purescript\\juspay_rotatecube\\bower_components\\purescript-control\\src\\Control\\Comonad.purs","end":[21,31]},"$>"]}]},{"ReExportRef":[{"start":[1,1],"name":"C:\\Users\\I344006\\purescript\\juspay_rotatecube\\bower_components\\purescript-control\\src\\Control\\Comonad.purs","end":[21,31]},["Data","Functor"],{"ValueOpRef":[{"start":[1,1],"name":"C:\\Users\\I344006\\purescript\\juspay_rotatecube\\bower_components\\purescript-control\\src\\Control\\Comonad.purs","end":[21,31]},"<#>"]}]},{"ReExportRef":[{"start":[1,1],"name":"C:\\Users\\I344006\\purescript\\juspay_rotatecube\\bower_components\\purescript-control\\src\\Control\\Comonad.purs","end":[21,31]},["Data","Functor"],{"ValueOpRef":[{"start":[1,1],"name":"C:\\Users\\I344006\\purescript\\juspay_rotatecube\\bower_components\\purescript-control\\src\\Control\\Comonad.purs","end":[21,31]},"<$"]}]},{"ReExportRef":[{"start":[1,1],"name":"C:\\Users\\I344006\\purescript\\juspay_rotatecube\\bower_components\\purescript-control\\src\\Control\\Comonad.purs","end":[21,31]},["Data","Functor"],{"ValueOpRef":[{"start":[1,1],"name":"C:\\Users\\I344006\\purescript\\juspay_rotatecube\\bower_components\\purescript-control\\src\\Control\\Comonad.purs","end":[21,31]},"<$>"]}]},{"ReExportRef":[{"start":[1,1],"name":"C:\\Users\\I344006\\purescript\\juspay_rotatecube\\bower_components\\purescript-control\\src\\Control\\Comonad.purs","end":[21,31]},["Control","Extend"],{"ValueOpRef":[{"start":[1,1],"name":"C:\\Users\\I344006\\purescript\\juspay_rotatecube\\bower_components\\purescript-control\\src\\Control\\Comonad.purs","end":[21,31]},"<<="]}]},{"ReExportRef":[{"start":[1,1],"name":"C:\\Users\\I344006\\purescript\\juspay_rotatecube\\bower_components\\purescript-control\\src\\Control\\Comonad.purs","end":[21,31]},["Control","Extend"],{"ValueOpRef":[{"start":[1,1],"name":"C:\\Users\\I344006\\purescript\\juspay_rotatecube\\bower_components\\purescript-control\\src\\Control\\Comonad.purs","end":[21,31]},"=<="]}]},{"ReExportRef":[{"start":[1,1],"name":"C:\\Users\\I344006\\purescript\\juspay_rotatecube\\bower_components\\purescript-control\\src\\Control\\Comonad.purs","end":[21,31]},["Control","Extend"],{"ValueOpRef":[{"start":[1,1],"name":"C:\\Users\\I344006\\purescript\\juspay_rotatecube\\bower_components\\purescript-control\\src\\Control\\Comonad.purs","end":[21,31]},"=>="]}]},{"ReExportRef":[{"start":[1,1],"name":"C:\\Users\\I344006\\purescript\\juspay_rotatecube\\bower_components\\purescript-control\\src\\Control\\Comonad.purs","end":[21,31]},["Control","Extend"],{"ValueOpRef":[{"start":[1,1],"name":"C:\\Users\\I344006\\purescript\\juspay_rotatecube\\bower_components\\purescript-control\\src\\Control\\Comonad.purs","end":[21,31]},"=>>"]}]},{"ModuleRef":[{"start":[3,5],"name":"C:\\Users\\I344006\\purescript\\juspay_rotatecube\\bower_components\\purescript-control\\src\\Control\\Comonad.purs","end":[3,26]},["Control","Extend"]]},{"ModuleRef":[{"start":[4,5],"name":"C:\\Users\\I344006\\purescript\\juspay_rotatecube\\bower_components\\purescript-control\\src\\Control\\Comonad.purs","end":[4,24]},["Data","Functor"]]}],"efImports":[{"eiModule":["Prim"],"eiImportType":{"Implicit":[]},"eiImportedAs":null},{"eiModule":["Prim"],"eiImportType":{"Implicit":[]},"eiImportedAs":["Prim"]},{"eiModule":["Control","Extend"],"eiImportType":{"Explicit":[{"TypeClassRef":[{"start":[7,24],"name":"C:\\Users\\I344006\\purescript\\juspay_rotatecube\\bower_components\\purescript-control\\src\\Control\\Comonad.purs","end":[7,36]},"Extend"]},{"ValueRef":[{"start":[7,38],"name":"C:\\Users\\I344006\\purescript\\juspay_rotatecube\\bower_components\\purescript-control\\src\\Control\\Comonad.purs","end":[7,47]},{"Ident":"duplicate"}]},{"ValueRef":[{"start":[7,49],"name":"C:\\Users\\I344006\\purescript\\juspay_rotatecube\\bower_components\\purescript-control\\src\\Control\\Comonad.purs","end":[7,55]},{"Ident":"extend"}]},{"ValueOpRef":[{"start":[7,57],"name":"C:\\Users\\I344006\\purescript\\juspay_rotatecube\\bower_components\\purescript-control\\src\\Control\\Comonad.purs","end":[7,62]},"<<="]},{"ValueOpRef":[{"start":[7,64],"name":"C:\\Users\\I344006\\purescript\\juspay_rotatecube\\bower_components\\purescript-control\\src\\Control\\Comonad.purs","end":[7,69]},"=<="]},{"ValueOpRef":[{"start":[7,71],"name":"C:\\Users\\I344006\\purescript\\juspay_rotatecube\\bower_components\\purescript-control\\src\\Control\\Comonad.purs","end":[7,76]},"=>="]},{"ValueOpRef":[{"start":[7,78],"name":"C:\\Users\\I344006\\purescript\\juspay_rotatecube\\bower_components\\purescript-control\\src\\Control\\Comonad.purs","end":[7,83]},"=>>"]}]},"eiImportedAs":null},{"eiModule":["Data","Functor"],"eiImportType":{"Explicit":[{"TypeClassRef":[{"start":[9,22],"name":"C:\\Users\\I344006\\purescript\\juspay_rotatecube\\bower_components\\purescript-control\\src\\Control\\Comonad.purs","end":[9,35]},"Functor"]},{"ValueRef":[{"start":[9,37],"name":"C:\\Users\\I344006\\purescript\\juspay_rotatecube\\bower_components\\purescript-control\\src\\Control\\Comonad.purs","end":[9,40]},{"Ident":"map"}]},{"ValueRef":[{"start":[9,42],"name":"C:\\Users\\I344006\\purescript\\juspay_rotatecube\\bower_components\\purescript-control\\src\\Control\\Comonad.purs","end":[9,46]},{"Ident":"void"}]},{"ValueOpRef":[{"start":[9,48],"name":"C:\\Users\\I344006\\purescript\\juspay_rotatecube\\bower_components\\purescript-control\\src\\Control\\Comonad.purs","end":[9,52]},"$>"]},{"ValueOpRef":[{"start":[9,54],"name":"C:\\Users\\I344006\\purescript\\juspay_rotatecube\\bower_components\\purescript-control\\src\\Control\\Comonad.purs","end":[9,59]},"<#>"]},{"ValueOpRef":[{"start":[9,61],"name":"C:\\Users\\I344006\\purescript\\juspay_rotatecube\\bower_components\\purescript-control\\src\\Control\\Comonad.purs","end":[9,65]},"<$"]},{"ValueOpRef":[{"start":[9,67],"name":"C:\\Users\\I344006\\purescript\\juspay_rotatecube\\bower_components\\purescript-control\\src\\Control\\Comonad.purs","end":[9,72]},"<$>"]}]},"eiImportedAs":null}],"efFixities":[],"efTypeFixities":[],"efDeclarations":[{"EDType":{"edTypeName":"Comonad","edTypeKind":{"tag":"FunKind","contents":[{"tag":"FunKind","contents":[{"tag":"NamedKind","contents":[["Prim"],"Type"]},{"tag":"NamedKind","contents":[["Prim"],"Type"]}]},{"tag":"NamedKind","contents":[["Prim"],"Type"]}]},"edTypeDeclarationKind":"TypeSynonym"}},{"EDTypeSynonym":{"edTypeSynonymName":"Comonad","edTypeSynonymArguments":[["w",null]],"edTypeSynonymType":{"tag":"TypeApp","contents":[{"tag":"TypeConstructor","contents":[["Prim"],"Record"]},{"tag":"RCons","contents":["extract",{"tag":"ForAll","contents":["a",{"tag":"TypeApp","contents":[{"tag":"TypeApp","contents":[{"tag":"TypeConstructor","contents":[["Prim"],"Function"]},{"tag":"TypeApp","contents":[{"tag":"TypeVar","contents":"w"},{"tag":"TypeVar","contents":"a"}]}]},{"tag":"TypeVar","contents":"a"}]},null]},{"tag":"RCons","contents":["Extend0",{"tag":"TypeApp","contents":[{"tag":"TypeApp","contents":[{"tag":"TypeConstructor","contents":[["Prim"],"Function"]},{"tag":"TypeApp","contents":[{"tag":"TypeConstructor","contents":[["Prim"],"Record"]},{"tag":"REmpty"}]}]},{"tag":"TypeApp","contents":[{"tag":"TypeConstructor","contents":[["Control","Extend"],"Extend"]},{"tag":"TypeVar","contents":"w"}]}]},{"tag":"REmpty"}]}]}]}}},{"EDClass":{"edClassName":"Comonad","edClassTypeArguments":[["w",null]],"edClassMembers":[[{"Ident":"extract"},{"tag":"ForAll","contents":["a",{"tag":"TypeApp","contents":[{"tag":"TypeApp","contents":[{"tag":"TypeConstructor","contents":[["Prim"],"Function"]},{"tag":"TypeApp","contents":[{"tag":"TypeVar","contents":"w"},{"tag":"TypeVar","contents":"a"}]}]},{"tag":"TypeVar","contents":"a"}]},null]}]],"edClassConstraints":[{"constraintClass":[["Control","Extend"],"Extend"],"constraintArgs":[{"tag":"TypeVar","contents":"w"}],"constraintData":null}],"edFunctionalDependencies":[]}},{"EDValue":{"edValueName":{"Ident":"extract"},"edValueType":{"tag":"ForAll","contents":["w",{"tag":"ForAll","contents":["a",{"tag":"ConstrainedType","contents":[{"constraintClass":[["Control","Comonad"],"Comonad"],"constraintArgs":[{"tag":"TypeVar","contents":"w"}],"constraintData":null},{"tag":"TypeApp","contents":[{"tag":"TypeApp","contents":[{"tag":"TypeConstructor","contents":[["Prim"],"Function"]},{"tag":"TypeApp","contents":[{"tag":"TypeVar","contents":"w"},{"tag":"TypeVar","contents":"a"}]}]},{"tag":"TypeVar","contents":"a"}]}]},0]},1]}}}],"efSourceSpan":{"start":[1,1],"name":"C:\\Users\\I344006\\purescript\\juspay_rotatecube\\bower_components\\purescript-control\\src\\Control\\Comonad.purs","end":[21,31]}}