{"efVersion":"0.11.6","efModuleName":["Data","Argonaut","Gen"],"efExports":[{"ValueRef":[{"start":[1,1],"name":"C:\\Users\\I344006\\purescript\\juspay_rotatecube\\bower_components\\purescript-argonaut-core\\src\\Data\\Argonaut\\Gen.purs","end":[56,48]},{"Ident":"genJson"}]}],"efImports":[{"eiModule":["Prim"],"eiImportType":{"Implicit":[]},"eiImportedAs":null},{"eiModule":["Prim"],"eiImportType":{"Implicit":[]},"eiImportedAs":["Prim"]},{"eiModule":["Prelude"],"eiImportType":{"Implicit":[]},"eiImportedAs":null},{"eiModule":["Control","Lazy"],"eiImportType":{"Explicit":[{"TypeClassRef":[{"start":[5,22],"name":"C:\\Users\\I344006\\purescript\\juspay_rotatecube\\bower_components\\purescript-argonaut-core\\src\\Data\\Argonaut\\Gen.purs","end":[5,32]},"Lazy"]},{"ValueRef":[{"start":[5,34],"name":"C:\\Users\\I344006\\purescript\\juspay_rotatecube\\bower_components\\purescript-argonaut-core\\src\\Data\\Argonaut\\Gen.purs","end":[5,39]},{"Ident":"defer"}]}]},"eiImportedAs":null},{"eiModule":["Control","Monad","Gen"],"eiImportType":{"Explicit":[{"TypeClassRef":[{"start":[6,27],"name":"C:\\Users\\I344006\\purescript\\juspay_rotatecube\\bower_components\\purescript-argonaut-core\\src\\Data\\Argonaut\\Gen.purs","end":[6,41]},"MonadGen"]}]},"eiImportedAs":null},{"eiModule":["Control","Monad","Gen"],"eiImportType":{"Implicit":[]},"eiImportedAs":["Gen"]},{"eiModule":["Control","Monad","Rec","Class"],"eiImportType":{"Explicit":[{"TypeClassRef":[{"start":[8,33],"name":"C:\\Users\\I344006\\purescript\\juspay_rotatecube\\bower_components\\purescript-argonaut-core\\src\\Data\\Argonaut\\Gen.purs","end":[8,47]},"MonadRec"]}]},"eiImportedAs":null},{"eiModule":["Data","Argonaut","Core"],"eiImportType":{"Implicit":[]},"eiImportedAs":["J"]},{"eiModule":["Data","Array"],"eiImportType":{"Implicit":[]},"eiImportedAs":["A"]},{"eiModule":["Data","Char"],"eiImportType":{"Implicit":[]},"eiImportedAs":["C"]},{"eiModule":["Data","NonEmpty"],"eiImportType":{"Explicit":[{"ValueOpRef":[{"start":[13,23],"name":"C:\\Users\\I344006\\purescript\\juspay_rotatecube\\bower_components\\purescript-argonaut-core\\src\\Data\\Argonaut\\Gen.purs","end":[13,27]},":|"]}]},"eiImportedAs":null},{"eiModule":["Data","String"],"eiImportType":{"Implicit":[]},"eiImportedAs":["S"]},{"eiModule":["Data","StrMap"],"eiImportType":{"Implicit":[]},"eiImportedAs":["SM"]}],"efFixities":[],"efTypeFixities":[],"efDeclarations":[{"EDValue":{"edValueName":{"Ident":"genJson"},"edValueType":{"tag":"ForAll","contents":["m",{"tag":"ConstrainedType","contents":[{"constraintClass":[["Control","Monad","Gen","Class"],"MonadGen"],"constraintArgs":[{"tag":"TypeVar","contents":"m"}],"constraintData":null},{"tag":"ConstrainedType","contents":[{"constraintClass":[["Control","Monad","Rec","Class"],"MonadRec"],"constraintArgs":[{"tag":"TypeVar","contents":"m"}],"constraintData":null},{"tag":"ConstrainedType","contents":[{"constraintClass":[["Control","Lazy"],"Lazy"],"constraintArgs":[{"tag":"TypeApp","contents":[{"tag":"TypeVar","contents":"m"},{"tag":"TypeConstructor","contents":[["Data","Argonaut","Core"],"Json"]}]}],"constraintData":null},{"tag":"TypeApp","contents":[{"tag":"TypeVar","contents":"m"},{"tag":"TypeConstructor","contents":[["Data","Argonaut","Core"],"Json"]}]}]}]}]},0]}}}],"efSourceSpan":{"start":[1,1],"name":"C:\\Users\\I344006\\purescript\\juspay_rotatecube\\bower_components\\purescript-argonaut-core\\src\\Data\\Argonaut\\Gen.purs","end":[56,48]}}