{"efVersion":"0.11.6","efModuleName":["Data","Argonaut","Parser"],"efExports":[{"ValueRef":[{"start":[1,1],"name":"C:\\Users\\I344006\\purescript\\juspay_rotatecube\\bower_components\\purescript-argonaut-core\\src\\Data\\Argonaut\\Parser.purs","end":[10,46]},{"Ident":"jsonParser"}]}],"efImports":[{"eiModule":["Prim"],"eiImportType":{"Implicit":[]},"eiImportedAs":null},{"eiModule":["Prim"],"eiImportType":{"Implicit":[]},"eiImportedAs":["Prim"]},{"eiModule":["Data","Argonaut","Core"],"eiImportType":{"Explicit":[{"TypeRef":[{"start":[3,28],"name":"C:\\Users\\I344006\\purescript\\juspay_rotatecube\\bower_components\\purescript-argonaut-core\\src\\Data\\Argonaut\\Parser.purs","end":[3,32]},"Json",[]]}]},"eiImportedAs":null},{"eiModule":["Data","Either"],"eiImportType":{"Explicit":[{"TypeRef":[{"start":[4,21],"name":"C:\\Users\\I344006\\purescript\\juspay_rotatecube\\bower_components\\purescript-argonaut-core\\src\\Data\\Argonaut\\Parser.purs","end":[4,31]},"Either",null]}]},"eiImportedAs":null},{"eiModule":["Data","Function","Uncurried"],"eiImportType":{"Explicit":[{"TypeRef":[{"start":[5,33],"name":"C:\\Users\\I344006\\purescript\\juspay_rotatecube\\bower_components\\purescript-argonaut-core\\src\\Data\\Argonaut\\Parser.purs","end":[5,36]},"Fn3",[]]},{"ValueRef":[{"start":[5,38],"name":"C:\\Users\\I344006\\purescript\\juspay_rotatecube\\bower_components\\purescript-argonaut-core\\src\\Data\\Argonaut\\Parser.purs","end":[5,44]},{"Ident":"runFn3"}]}]},"eiImportedAs":null}],"efFixities":[],"efTypeFixities":[],"efDeclarations":[{"EDValue":{"edValueName":{"Ident":"jsonParser"},"edValueType":{"tag":"TypeApp","contents":[{"tag":"TypeApp","contents":[{"tag":"TypeConstructor","contents":[["Prim"],"Function"]},{"tag":"TypeConstructor","contents":[["Prim"],"String"]}]},{"tag":"TypeApp","contents":[{"tag":"TypeApp","contents":[{"tag":"TypeConstructor","contents":[["Data","Either"],"Either"]},{"tag":"TypeConstructor","contents":[["Prim"],"String"]}]},{"tag":"TypeConstructor","contents":[["Data","Argonaut","Core"],"Json"]}]}]}}}],"efSourceSpan":{"start":[1,1],"name":"C:\\Users\\I344006\\purescript\\juspay_rotatecube\\bower_components\\purescript-argonaut-core\\src\\Data\\Argonaut\\Parser.purs","end":[10,46]}}