{"efVersion":"0.11.6","efModuleName":["Data","Generic","Rep"],"efExports":[{"TypeRef":[{"start":[1,1],"name":"C:\\Users\\I344006\\purescript\\juspay_rotatecube\\bower_components\\purescript-generics-rep\\src\\Data\\Generic\\Rep.purs","end":[56,48]},"Argument",["Argument"]]},{"TypeRef":[{"start":[1,1],"name":"C:\\Users\\I344006\\purescript\\juspay_rotatecube\\bower_components\\purescript-generics-rep\\src\\Data\\Generic\\Rep.purs","end":[56,48]},"Constructor",["Constructor"]]},{"TypeRef":[{"start":[1,1],"name":"C:\\Users\\I344006\\purescript\\juspay_rotatecube\\bower_components\\purescript-generics-rep\\src\\Data\\Generic\\Rep.purs","end":[56,48]},"Field",["Field"]]},{"TypeRef":[{"start":[1,1],"name":"C:\\Users\\I344006\\purescript\\juspay_rotatecube\\bower_components\\purescript-generics-rep\\src\\Data\\Generic\\Rep.purs","end":[56,48]},"NoArguments",["NoArguments"]]},{"TypeRef":[{"start":[1,1],"name":"C:\\Users\\I344006\\purescript\\juspay_rotatecube\\bower_components\\purescript-generics-rep\\src\\Data\\Generic\\Rep.purs","end":[56,48]},"NoConstructors",[]]},{"TypeRef":[{"start":[1,1],"name":"C:\\Users\\I344006\\purescript\\juspay_rotatecube\\bower_components\\purescript-generics-rep\\src\\Data\\Generic\\Rep.purs","end":[56,48]},"Product",["Product"]]},{"TypeRef":[{"start":[1,1],"name":"C:\\Users\\I344006\\purescript\\juspay_rotatecube\\bower_components\\purescript-generics-rep\\src\\Data\\Generic\\Rep.purs","end":[56,48]},"Rec",["Rec"]]},{"TypeRef":[{"start":[1,1],"name":"C:\\Users\\I344006\\purescript\\juspay_rotatecube\\bower_components\\purescript-generics-rep\\src\\Data\\Generic\\Rep.purs","end":[56,48]},"Sum",["Inl","Inr"]]},{"TypeClassRef":[{"start":[1,1],"name":"C:\\Users\\I344006\\purescript\\juspay_rotatecube\\bower_components\\purescript-generics-rep\\src\\Data\\Generic\\Rep.purs","end":[56,48]},"Generic"]},{"ValueRef":[{"start":[1,1],"name":"C:\\Users\\I344006\\purescript\\juspay_rotatecube\\bower_components\\purescript-generics-rep\\src\\Data\\Generic\\Rep.purs","end":[56,48]},{"Ident":"from"}]},{"ValueRef":[{"start":[1,1],"name":"C:\\Users\\I344006\\purescript\\juspay_rotatecube\\bower_components\\purescript-generics-rep\\src\\Data\\Generic\\Rep.purs","end":[56,48]},{"Ident":"to"}]},{"TypeInstanceRef":[{"start":[0,0],"name":"<generated>","end":[0,0]},{"Ident":"genericMaybe"}]}],"efImports":[{"eiModule":["Prim"],"eiImportType":{"Implicit":[]},"eiImportedAs":null},{"eiModule":["Prim"],"eiImportType":{"Implicit":[]},"eiImportedAs":["Prim"]},{"eiModule":["Data","Maybe"],"eiImportType":{"Explicit":[{"TypeRef":[{"start":[15,20],"name":"C:\\Users\\I344006\\purescript\\juspay_rotatecube\\bower_components\\purescript-generics-rep\\src\\Data\\Generic\\Rep.purs","end":[15,29]},"Maybe",null]}]},"eiImportedAs":null}],"efFixities":[],"efTypeFixities":[],"efDeclarations":[{"EDType":{"edTypeName":"Argument","edTypeKind":{"tag":"FunKind","contents":[{"tag":"NamedKind","contents":[["Prim"],"Type"]},{"tag":"NamedKind","contents":[["Prim"],"Type"]}]},"edTypeDeclarationKind":{"DataType":{"args":[["a",{"tag":"NamedKind","contents":[["Prim"],"Type"]}]],"ctors":[["Argument",[{"tag":"TypeVar","contents":"a"}]]]}}}},{"EDDataConstructor":{"edDataCtorName":"Argument","edDataCtorOrigin":"newtype","edDataCtorTypeCtor":"Argument","edDataCtorType":{"tag":"ForAll","contents":["a",{"tag":"TypeApp","contents":[{"tag":"TypeApp","contents":[{"tag":"TypeConstructor","contents":[["Prim"],"Function"]},{"tag":"TypeVar","contents":"a"}]},{"tag":"TypeApp","contents":[{"tag":"TypeConstructor","contents":[["Data","Generic","Rep"],"Argument"]},{"tag":"TypeVar","contents":"a"}]}]},null]},"edDataCtorFields":[{"Ident":"value0"}]}},{"EDType":{"edTypeName":"Constructor","edTypeKind":{"tag":"FunKind","contents":[{"tag":"NamedKind","contents":[["Prim"],"Symbol"]},{"tag":"FunKind","contents":[{"tag":"NamedKind","contents":[["Prim"],"Type"]},{"tag":"NamedKind","contents":[["Prim"],"Type"]}]}]},"edTypeDeclarationKind":{"DataType":{"args":[["name",{"tag":"NamedKind","contents":[["Prim"],"Symbol"]}],["a",{"tag":"NamedKind","contents":[["Prim"],"Type"]}]],"ctors":[["Constructor",[{"tag":"TypeVar","contents":"a"}]]]}}}},{"EDDataConstructor":{"edDataCtorName":"Constructor","edDataCtorOrigin":"newtype","edDataCtorTypeCtor":"Constructor","edDataCtorType":{"tag":"ForAll","contents":["a",{"tag":"ForAll","contents":["name",{"tag":"TypeApp","contents":[{"tag":"TypeApp","contents":[{"tag":"TypeConstructor","contents":[["Prim"],"Function"]},{"tag":"TypeVar","contents":"a"}]},{"tag":"TypeApp","contents":[{"tag":"TypeApp","contents":[{"tag":"TypeConstructor","contents":[["Data","Generic","Rep"],"Constructor"]},{"tag":"TypeVar","contents":"name"}]},{"tag":"TypeVar","contents":"a"}]}]},null]},null]},"edDataCtorFields":[{"Ident":"value0"}]}},{"EDType":{"edTypeName":"Field","edTypeKind":{"tag":"FunKind","contents":[{"tag":"NamedKind","contents":[["Prim"],"Symbol"]},{"tag":"FunKind","contents":[{"tag":"NamedKind","contents":[["Prim"],"Type"]},{"tag":"NamedKind","contents":[["Prim"],"Type"]}]}]},"edTypeDeclarationKind":{"DataType":{"args":[["field",{"tag":"NamedKind","contents":[["Prim"],"Symbol"]}],["a",{"tag":"NamedKind","contents":[["Prim"],"Type"]}]],"ctors":[["Field",[{"tag":"TypeVar","contents":"a"}]]]}}}},{"EDDataConstructor":{"edDataCtorName":"Field","edDataCtorOrigin":"newtype","edDataCtorTypeCtor":"Field","edDataCtorType":{"tag":"ForAll","contents":["a",{"tag":"ForAll","contents":["field",{"tag":"TypeApp","contents":[{"tag":"TypeApp","contents":[{"tag":"TypeConstructor","contents":[["Prim"],"Function"]},{"tag":"TypeVar","contents":"a"}]},{"tag":"TypeApp","contents":[{"tag":"TypeApp","contents":[{"tag":"TypeConstructor","contents":[["Data","Generic","Rep"],"Field"]},{"tag":"TypeVar","contents":"field"}]},{"tag":"TypeVar","contents":"a"}]}]},null]},null]},"edDataCtorFields":[{"Ident":"value0"}]}},{"EDType":{"edTypeName":"NoArguments","edTypeKind":{"tag":"NamedKind","contents":[["Prim"],"Type"]},"edTypeDeclarationKind":{"DataType":{"args":[],"ctors":[["NoArguments",[]]]}}}},{"EDDataConstructor":{"edDataCtorName":"NoArguments","edDataCtorOrigin":"data","edDataCtorTypeCtor":"NoArguments","edDataCtorType":{"tag":"TypeConstructor","contents":[["Data","Generic","Rep"],"NoArguments"]},"edDataCtorFields":[]}},{"EDType":{"edTypeName":"NoConstructors","edTypeKind":{"tag":"NamedKind","contents":[["Prim"],"Type"]},"edTypeDeclarationKind":{"DataType":{"args":[],"ctors":[]}}}},{"EDType":{"edTypeName":"Product","edTypeKind":{"tag":"FunKind","contents":[{"tag":"NamedKind","contents":[["Prim"],"Type"]},{"tag":"FunKind","contents":[{"tag":"NamedKind","contents":[["Prim"],"Type"]},{"tag":"NamedKind","contents":[["Prim"],"Type"]}]}]},"edTypeDeclarationKind":{"DataType":{"args":[["a",{"tag":"NamedKind","contents":[["Prim"],"Type"]}],["b",{"tag":"NamedKind","contents":[["Prim"],"Type"]}]],"ctors":[["Product",[{"tag":"TypeVar","contents":"a"},{"tag":"TypeVar","contents":"b"}]]]}}}},{"EDDataConstructor":{"edDataCtorName":"Product","edDataCtorOrigin":"data","edDataCtorTypeCtor":"Product","edDataCtorType":{"tag":"ForAll","contents":["b",{"tag":"ForAll","contents":["a",{"tag":"TypeApp","contents":[{"tag":"TypeApp","contents":[{"tag":"TypeConstructor","contents":[["Prim"],"Function"]},{"tag":"TypeVar","contents":"a"}]},{"tag":"TypeApp","contents":[{"tag":"TypeApp","contents":[{"tag":"TypeConstructor","contents":[["Prim"],"Function"]},{"tag":"TypeVar","contents":"b"}]},{"tag":"TypeApp","contents":[{"tag":"TypeApp","contents":[{"tag":"TypeConstructor","contents":[["Data","Generic","Rep"],"Product"]},{"tag":"TypeVar","contents":"a"}]},{"tag":"TypeVar","contents":"b"}]}]}]},null]},null]},"edDataCtorFields":[{"Ident":"value0"},{"Ident":"value1"}]}},{"EDType":{"edTypeName":"Rec","edTypeKind":{"tag":"FunKind","contents":[{"tag":"NamedKind","contents":[["Prim"],"Type"]},{"tag":"NamedKind","contents":[["Prim"],"Type"]}]},"edTypeDeclarationKind":{"DataType":{"args":[["fields",{"tag":"NamedKind","contents":[["Prim"],"Type"]}]],"ctors":[["Rec",[{"tag":"TypeVar","contents":"fields"}]]]}}}},{"EDDataConstructor":{"edDataCtorName":"Rec","edDataCtorOrigin":"newtype","edDataCtorTypeCtor":"Rec","edDataCtorType":{"tag":"ForAll","contents":["fields",{"tag":"TypeApp","contents":[{"tag":"TypeApp","contents":[{"tag":"TypeConstructor","contents":[["Prim"],"Function"]},{"tag":"TypeVar","contents":"fields"}]},{"tag":"TypeApp","contents":[{"tag":"TypeConstructor","contents":[["Data","Generic","Rep"],"Rec"]},{"tag":"TypeVar","contents":"fields"}]}]},null]},"edDataCtorFields":[{"Ident":"value0"}]}},{"EDType":{"edTypeName":"Sum","edTypeKind":{"tag":"FunKind","contents":[{"tag":"NamedKind","contents":[["Prim"],"Type"]},{"tag":"FunKind","contents":[{"tag":"NamedKind","contents":[["Prim"],"Type"]},{"tag":"NamedKind","contents":[["Prim"],"Type"]}]}]},"edTypeDeclarationKind":{"DataType":{"args":[["a",{"tag":"NamedKind","contents":[["Prim"],"Type"]}],["b",{"tag":"NamedKind","contents":[["Prim"],"Type"]}]],"ctors":[["Inl",[{"tag":"TypeVar","contents":"a"}]],["Inr",[{"tag":"TypeVar","contents":"b"}]]]}}}},{"EDDataConstructor":{"edDataCtorName":"Inl","edDataCtorOrigin":"data","edDataCtorTypeCtor":"Sum","edDataCtorType":{"tag":"ForAll","contents":["b",{"tag":"ForAll","contents":["a",{"tag":"TypeApp","contents":[{"tag":"TypeApp","contents":[{"tag":"TypeConstructor","contents":[["Prim"],"Function"]},{"tag":"TypeVar","contents":"a"}]},{"tag":"TypeApp","contents":[{"tag":"TypeApp","contents":[{"tag":"TypeConstructor","contents":[["Data","Generic","Rep"],"Sum"]},{"tag":"TypeVar","contents":"a"}]},{"tag":"TypeVar","contents":"b"}]}]},null]},null]},"edDataCtorFields":[{"Ident":"value0"}]}},{"EDDataConstructor":{"edDataCtorName":"Inr","edDataCtorOrigin":"data","edDataCtorTypeCtor":"Sum","edDataCtorType":{"tag":"ForAll","contents":["b",{"tag":"ForAll","contents":["a",{"tag":"TypeApp","contents":[{"tag":"TypeApp","contents":[{"tag":"TypeConstructor","contents":[["Prim"],"Function"]},{"tag":"TypeVar","contents":"b"}]},{"tag":"TypeApp","contents":[{"tag":"TypeApp","contents":[{"tag":"TypeConstructor","contents":[["Data","Generic","Rep"],"Sum"]},{"tag":"TypeVar","contents":"a"}]},{"tag":"TypeVar","contents":"b"}]}]},null]},null]},"edDataCtorFields":[{"Ident":"value0"}]}},{"EDType":{"edTypeName":"Generic","edTypeKind":{"tag":"FunKind","contents":[{"tag":"NamedKind","contents":[["Prim"],"Type"]},{"tag":"FunKind","contents":[{"tag":"NamedKind","contents":[["Prim"],"Type"]},{"tag":"NamedKind","contents":[["Prim"],"Type"]}]}]},"edTypeDeclarationKind":"TypeSynonym"}},{"EDTypeSynonym":{"edTypeSynonymName":"Generic","edTypeSynonymArguments":[["a",null],["rep",null]],"edTypeSynonymType":{"tag":"TypeApp","contents":[{"tag":"TypeConstructor","contents":[["Prim"],"Record"]},{"tag":"RCons","contents":["to",{"tag":"TypeApp","contents":[{"tag":"TypeApp","contents":[{"tag":"TypeConstructor","contents":[["Prim"],"Function"]},{"tag":"TypeVar","contents":"rep"}]},{"tag":"TypeVar","contents":"a"}]},{"tag":"RCons","contents":["from",{"tag":"TypeApp","contents":[{"tag":"TypeApp","contents":[{"tag":"TypeConstructor","contents":[["Prim"],"Function"]},{"tag":"TypeVar","contents":"a"}]},{"tag":"TypeVar","contents":"rep"}]},{"tag":"REmpty"}]}]}]}}},{"EDClass":{"edClassName":"Generic","edClassTypeArguments":[["a",null],["rep",null]],"edClassMembers":[[{"Ident":"to"},{"tag":"TypeApp","contents":[{"tag":"TypeApp","contents":[{"tag":"TypeConstructor","contents":[["Prim"],"Function"]},{"tag":"TypeVar","contents":"rep"}]},{"tag":"TypeVar","contents":"a"}]}],[{"Ident":"from"},{"tag":"TypeApp","contents":[{"tag":"TypeApp","contents":[{"tag":"TypeConstructor","contents":[["Prim"],"Function"]},{"tag":"TypeVar","contents":"a"}]},{"tag":"TypeVar","contents":"rep"}]}]],"edClassConstraints":[],"edFunctionalDependencies":[{"determiners":[0],"determined":[1]}]}},{"EDValue":{"edValueName":{"Ident":"from"},"edValueType":{"tag":"ForAll","contents":["a",{"tag":"ForAll","contents":["rep",{"tag":"ConstrainedType","contents":[{"constraintClass":[["Data","Generic","Rep"],"Generic"],"constraintArgs":[{"tag":"TypeVar","contents":"a"},{"tag":"TypeVar","contents":"rep"}],"constraintData":null},{"tag":"TypeApp","contents":[{"tag":"TypeApp","contents":[{"tag":"TypeConstructor","contents":[["Prim"],"Function"]},{"tag":"TypeVar","contents":"a"}]},{"tag":"TypeVar","contents":"rep"}]}]},5]},6]}}},{"EDValue":{"edValueName":{"Ident":"to"},"edValueType":{"tag":"ForAll","contents":["a",{"tag":"ForAll","contents":["rep",{"tag":"ConstrainedType","contents":[{"constraintClass":[["Data","Generic","Rep"],"Generic"],"constraintArgs":[{"tag":"TypeVar","contents":"a"},{"tag":"TypeVar","contents":"rep"}],"constraintData":null},{"tag":"TypeApp","contents":[{"tag":"TypeApp","contents":[{"tag":"TypeConstructor","contents":[["Prim"],"Function"]},{"tag":"TypeVar","contents":"rep"}]},{"tag":"TypeVar","contents":"a"}]}]},0]},1]}}},{"EDInstance":{"edInstanceClassName":[["Data","Generic","Rep"],"Generic"],"edInstanceName":{"Ident":"genericMaybe"},"edInstanceTypes":[{"tag":"TypeApp","contents":[{"tag":"TypeConstructor","contents":[["Data","Maybe"],"Maybe"]},{"tag":"TypeVar","contents":"a"}]},{"tag":"TypeApp","contents":[{"tag":"TypeApp","contents":[{"tag":"TypeConstructor","contents":[["Data","Generic","Rep"],"Sum"]},{"tag":"TypeApp","contents":[{"tag":"TypeApp","contents":[{"tag":"TypeConstructor","contents":[["Data","Generic","Rep"],"Constructor"]},{"tag":"TypeLevelString","contents":"Nothing"}]},{"tag":"TypeConstructor","contents":[["Data","Generic","Rep"],"NoArguments"]}]}]},{"tag":"TypeApp","contents":[{"tag":"TypeApp","contents":[{"tag":"TypeConstructor","contents":[["Data","Generic","Rep"],"Constructor"]},{"tag":"TypeLevelString","contents":"Just"}]},{"tag":"TypeApp","contents":[{"tag":"TypeConstructor","contents":[["Data","Generic","Rep"],"Argument"]},{"tag":"TypeVar","contents":"a"}]}]}]}],"edInstanceConstraints":[]}}],"efSourceSpan":{"start":[1,1],"name":"C:\\Users\\I344006\\purescript\\juspay_rotatecube\\bower_components\\purescript-generics-rep\\src\\Data\\Generic\\Rep.purs","end":[56,48]}}