{"efVersion":"0.11.6","efModuleName":["Data","Map"],"efExports":[{"TypeRef":[{"start":[1,1],"name":"C:\\Users\\I344006\\purescript\\juspay_rotatecube\\bower_components\\purescript-maps\\src\\Data\\Map.purs","end":[609,42]},"Map",[]]},{"ValueRef":[{"start":[1,1],"name":"C:\\Users\\I344006\\purescript\\juspay_rotatecube\\bower_components\\purescript-maps\\src\\Data\\Map.purs","end":[609,42]},{"Ident":"alter"}]},{"ValueRef":[{"start":[1,1],"name":"C:\\Users\\I344006\\purescript\\juspay_rotatecube\\bower_components\\purescript-maps\\src\\Data\\Map.purs","end":[609,42]},{"Ident":"checkValid"}]},{"ValueRef":[{"start":[1,1],"name":"C:\\Users\\I344006\\purescript\\juspay_rotatecube\\bower_components\\purescript-maps\\src\\Data\\Map.purs","end":[609,42]},{"Ident":"delete"}]},{"ValueRef":[{"start":[1,1],"name":"C:\\Users\\I344006\\purescript\\juspay_rotatecube\\bower_components\\purescript-maps\\src\\Data\\Map.purs","end":[609,42]},{"Ident":"empty"}]},{"ValueRef":[{"start":[1,1],"name":"C:\\Users\\I344006\\purescript\\juspay_rotatecube\\bower_components\\purescript-maps\\src\\Data\\Map.purs","end":[609,42]},{"Ident":"filter"}]},{"ValueRef":[{"start":[1,1],"name":"C:\\Users\\I344006\\purescript\\juspay_rotatecube\\bower_components\\purescript-maps\\src\\Data\\Map.purs","end":[609,42]},{"Ident":"filterKeys"}]},{"ValueRef":[{"start":[1,1],"name":"C:\\Users\\I344006\\purescript\\juspay_rotatecube\\bower_components\\purescript-maps\\src\\Data\\Map.purs","end":[609,42]},{"Ident":"filterWithKey"}]},{"ValueRef":[{"start":[1,1],"name":"C:\\Users\\I344006\\purescript\\juspay_rotatecube\\bower_components\\purescript-maps\\src\\Data\\Map.purs","end":[609,42]},{"Ident":"findMax"}]},{"ValueRef":[{"start":[1,1],"name":"C:\\Users\\I344006\\purescript\\juspay_rotatecube\\bower_components\\purescript-maps\\src\\Data\\Map.purs","end":[609,42]},{"Ident":"findMin"}]},{"ValueRef":[{"start":[1,1],"name":"C:\\Users\\I344006\\purescript\\juspay_rotatecube\\bower_components\\purescript-maps\\src\\Data\\Map.purs","end":[609,42]},{"Ident":"foldSubmap"}]},{"ValueRef":[{"start":[1,1],"name":"C:\\Users\\I344006\\purescript\\juspay_rotatecube\\bower_components\\purescript-maps\\src\\Data\\Map.purs","end":[609,42]},{"Ident":"fromFoldable"}]},{"ValueRef":[{"start":[1,1],"name":"C:\\Users\\I344006\\purescript\\juspay_rotatecube\\bower_components\\purescript-maps\\src\\Data\\Map.purs","end":[609,42]},{"Ident":"fromFoldableWith"}]},{"ValueRef":[{"start":[1,1],"name":"C:\\Users\\I344006\\purescript\\juspay_rotatecube\\bower_components\\purescript-maps\\src\\Data\\Map.purs","end":[609,42]},{"Ident":"insert"}]},{"ValueRef":[{"start":[1,1],"name":"C:\\Users\\I344006\\purescript\\juspay_rotatecube\\bower_components\\purescript-maps\\src\\Data\\Map.purs","end":[609,42]},{"Ident":"isEmpty"}]},{"ValueRef":[{"start":[1,1],"name":"C:\\Users\\I344006\\purescript\\juspay_rotatecube\\bower_components\\purescript-maps\\src\\Data\\Map.purs","end":[609,42]},{"Ident":"isSubmap"}]},{"ValueRef":[{"start":[1,1],"name":"C:\\Users\\I344006\\purescript\\juspay_rotatecube\\bower_components\\purescript-maps\\src\\Data\\Map.purs","end":[609,42]},{"Ident":"keys"}]},{"ValueRef":[{"start":[1,1],"name":"C:\\Users\\I344006\\purescript\\juspay_rotatecube\\bower_components\\purescript-maps\\src\\Data\\Map.purs","end":[609,42]},{"Ident":"lookup"}]},{"ValueRef":[{"start":[1,1],"name":"C:\\Users\\I344006\\purescript\\juspay_rotatecube\\bower_components\\purescript-maps\\src\\Data\\Map.purs","end":[609,42]},{"Ident":"lookupGE"}]},{"ValueRef":[{"start":[1,1],"name":"C:\\Users\\I344006\\purescript\\juspay_rotatecube\\bower_components\\purescript-maps\\src\\Data\\Map.purs","end":[609,42]},{"Ident":"lookupGT"}]},{"ValueRef":[{"start":[1,1],"name":"C:\\Users\\I344006\\purescript\\juspay_rotatecube\\bower_components\\purescript-maps\\src\\Data\\Map.purs","end":[609,42]},{"Ident":"lookupLE"}]},{"ValueRef":[{"start":[1,1],"name":"C:\\Users\\I344006\\purescript\\juspay_rotatecube\\bower_components\\purescript-maps\\src\\Data\\Map.purs","end":[609,42]},{"Ident":"lookupLT"}]},{"ValueRef":[{"start":[1,1],"name":"C:\\Users\\I344006\\purescript\\juspay_rotatecube\\bower_components\\purescript-maps\\src\\Data\\Map.purs","end":[609,42]},{"Ident":"mapWithKey"}]},{"ValueRef":[{"start":[1,1],"name":"C:\\Users\\I344006\\purescript\\juspay_rotatecube\\bower_components\\purescript-maps\\src\\Data\\Map.purs","end":[609,42]},{"Ident":"member"}]},{"ValueRef":[{"start":[1,1],"name":"C:\\Users\\I344006\\purescript\\juspay_rotatecube\\bower_components\\purescript-maps\\src\\Data\\Map.purs","end":[609,42]},{"Ident":"pop"}]},{"ValueRef":[{"start":[1,1],"name":"C:\\Users\\I344006\\purescript\\juspay_rotatecube\\bower_components\\purescript-maps\\src\\Data\\Map.purs","end":[609,42]},{"Ident":"showTree"}]},{"ValueRef":[{"start":[1,1],"name":"C:\\Users\\I344006\\purescript\\juspay_rotatecube\\bower_components\\purescript-maps\\src\\Data\\Map.purs","end":[609,42]},{"Ident":"singleton"}]},{"ValueRef":[{"start":[1,1],"name":"C:\\Users\\I344006\\purescript\\juspay_rotatecube\\bower_components\\purescript-maps\\src\\Data\\Map.purs","end":[609,42]},{"Ident":"size"}]},{"ValueRef":[{"start":[1,1],"name":"C:\\Users\\I344006\\purescript\\juspay_rotatecube\\bower_components\\purescript-maps\\src\\Data\\Map.purs","end":[609,42]},{"Ident":"submap"}]},{"ValueRef":[{"start":[1,1],"name":"C:\\Users\\I344006\\purescript\\juspay_rotatecube\\bower_components\\purescript-maps\\src\\Data\\Map.purs","end":[609,42]},{"Ident":"toAscUnfoldable"}]},{"ValueRef":[{"start":[1,1],"name":"C:\\Users\\I344006\\purescript\\juspay_rotatecube\\bower_components\\purescript-maps\\src\\Data\\Map.purs","end":[609,42]},{"Ident":"toUnfoldable"}]},{"ValueRef":[{"start":[1,1],"name":"C:\\Users\\I344006\\purescript\\juspay_rotatecube\\bower_components\\purescript-maps\\src\\Data\\Map.purs","end":[609,42]},{"Ident":"union"}]},{"ValueRef":[{"start":[1,1],"name":"C:\\Users\\I344006\\purescript\\juspay_rotatecube\\bower_components\\purescript-maps\\src\\Data\\Map.purs","end":[609,42]},{"Ident":"unionWith"}]},{"ValueRef":[{"start":[1,1],"name":"C:\\Users\\I344006\\purescript\\juspay_rotatecube\\bower_components\\purescript-maps\\src\\Data\\Map.purs","end":[609,42]},{"Ident":"unions"}]},{"ValueRef":[{"start":[1,1],"name":"C:\\Users\\I344006\\purescript\\juspay_rotatecube\\bower_components\\purescript-maps\\src\\Data\\Map.purs","end":[609,42]},{"Ident":"update"}]},{"ValueRef":[{"start":[1,1],"name":"C:\\Users\\I344006\\purescript\\juspay_rotatecube\\bower_components\\purescript-maps\\src\\Data\\Map.purs","end":[609,42]},{"Ident":"values"}]},{"TypeInstanceRef":[{"start":[0,0],"name":"<generated>","end":[0,0]},{"Ident":"eq1Map"}]},{"TypeInstanceRef":[{"start":[0,0],"name":"<generated>","end":[0,0]},{"Ident":"eqMap"}]},{"TypeInstanceRef":[{"start":[0,0],"name":"<generated>","end":[0,0]},{"Ident":"ord1Map"}]},{"TypeInstanceRef":[{"start":[0,0],"name":"<generated>","end":[0,0]},{"Ident":"ordMap"}]},{"TypeInstanceRef":[{"start":[0,0],"name":"<generated>","end":[0,0]},{"Ident":"showMap"}]},{"TypeInstanceRef":[{"start":[0,0],"name":"<generated>","end":[0,0]},{"Ident":"semigroupMap"}]},{"TypeInstanceRef":[{"start":[0,0],"name":"<generated>","end":[0,0]},{"Ident":"monoidMap"}]},{"TypeInstanceRef":[{"start":[0,0],"name":"<generated>","end":[0,0]},{"Ident":"functorMap"}]},{"TypeInstanceRef":[{"start":[0,0],"name":"<generated>","end":[0,0]},{"Ident":"foldableMap"}]},{"TypeInstanceRef":[{"start":[0,0],"name":"<generated>","end":[0,0]},{"Ident":"traversableMap"}]}],"efImports":[{"eiModule":["Prim"],"eiImportType":{"Implicit":[]},"eiImportedAs":null},{"eiModule":["Prim"],"eiImportType":{"Implicit":[]},"eiImportedAs":["Prim"]},{"eiModule":["Prelude"],"eiImportType":{"Implicit":[]},"eiImportedAs":null},{"eiModule":["Data","Eq"],"eiImportType":{"Explicit":[{"TypeClassRef":[{"start":[44,17],"name":"C:\\Users\\I344006\\purescript\\juspay_rotatecube\\bower_components\\purescript-maps\\src\\Data\\Map.purs","end":[44,26]},"Eq1"]}]},"eiImportedAs":null},{"eiModule":["Data","Foldable"],"eiImportType":{"Explicit":[{"ValueRef":[{"start":[45,23],"name":"C:\\Users\\I344006\\purescript\\juspay_rotatecube\\bower_components\\purescript-maps\\src\\Data\\Map.purs","end":[45,28]},{"Ident":"foldl"}]},{"ValueRef":[{"start":[45,30],"name":"C:\\Users\\I344006\\purescript\\juspay_rotatecube\\bower_components\\purescript-maps\\src\\Data\\Map.purs","end":[45,37]},{"Ident":"foldMap"}]},{"ValueRef":[{"start":[45,39],"name":"C:\\Users\\I344006\\purescript\\juspay_rotatecube\\bower_components\\purescript-maps\\src\\Data\\Map.purs","end":[45,44]},{"Ident":"foldr"}]},{"TypeClassRef":[{"start":[45,46],"name":"C:\\Users\\I344006\\purescript\\juspay_rotatecube\\bower_components\\purescript-maps\\src\\Data\\Map.purs","end":[45,60]},"Foldable"]}]},"eiImportedAs":null},{"eiModule":["Data","List"],"eiImportType":{"Explicit":[{"TypeRef":[{"start":[46,19],"name":"C:\\Users\\I344006\\purescript\\juspay_rotatecube\\bower_components\\purescript-maps\\src\\Data\\Map.purs","end":[46,27]},"List",null]},{"ValueOpRef":[{"start":[46,29],"name":"C:\\Users\\I344006\\purescript\\juspay_rotatecube\\bower_components\\purescript-maps\\src\\Data\\Map.purs","end":[46,32]},":"]},{"ValueRef":[{"start":[46,34],"name":"C:\\Users\\I344006\\purescript\\juspay_rotatecube\\bower_components\\purescript-maps\\src\\Data\\Map.purs","end":[46,40]},{"Ident":"length"}]},{"ValueRef":[{"start":[46,42],"name":"C:\\Users\\I344006\\purescript\\juspay_rotatecube\\bower_components\\purescript-maps\\src\\Data\\Map.purs","end":[46,45]},{"Ident":"nub"}]}]},"eiImportedAs":null},{"eiModule":["Data","List","Lazy"],"eiImportType":{"Implicit":[]},"eiImportedAs":["LL"]},{"eiModule":["Data","Maybe"],"eiImportType":{"Explicit":[{"TypeRef":[{"start":[48,20],"name":"C:\\Users\\I344006\\purescript\\juspay_rotatecube\\bower_components\\purescript-maps\\src\\Data\\Map.purs","end":[48,29]},"Maybe",null]},{"ValueRef":[{"start":[48,31],"name":"C:\\Users\\I344006\\purescript\\juspay_rotatecube\\bower_components\\purescript-maps\\src\\Data\\Map.purs","end":[48,36]},{"Ident":"maybe"}]},{"ValueRef":[{"start":[48,38],"name":"C:\\Users\\I344006\\purescript\\juspay_rotatecube\\bower_components\\purescript-maps\\src\\Data\\Map.purs","end":[48,44]},{"Ident":"isJust"}]},{"ValueRef":[{"start":[48,46],"name":"C:\\Users\\I344006\\purescript\\juspay_rotatecube\\bower_components\\purescript-maps\\src\\Data\\Map.purs","end":[48,55]},{"Ident":"fromMaybe"}]}]},"eiImportedAs":null},{"eiModule":["Data","Monoid"],"eiImportType":{"Explicit":[{"TypeClassRef":[{"start":[49,21],"name":"C:\\Users\\I344006\\purescript\\juspay_rotatecube\\bower_components\\purescript-maps\\src\\Data\\Map.purs","end":[49,33]},"Monoid"]},{"ValueRef":[{"start":[49,35],"name":"C:\\Users\\I344006\\purescript\\juspay_rotatecube\\bower_components\\purescript-maps\\src\\Data\\Map.purs","end":[49,41]},{"Ident":"mempty"}]}]},"eiImportedAs":null},{"eiModule":["Data","Ord"],"eiImportType":{"Explicit":[{"TypeClassRef":[{"start":[50,18],"name":"C:\\Users\\I344006\\purescript\\juspay_rotatecube\\bower_components\\purescript-maps\\src\\Data\\Map.purs","end":[50,28]},"Ord1"]}]},"eiImportedAs":null},{"eiModule":["Data","Traversable"],"eiImportType":{"Explicit":[{"ValueRef":[{"start":[51,26],"name":"C:\\Users\\I344006\\purescript\\juspay_rotatecube\\bower_components\\purescript-maps\\src\\Data\\Map.purs","end":[51,34]},{"Ident":"traverse"}]},{"TypeClassRef":[{"start":[51,36],"name":"C:\\Users\\I344006\\purescript\\juspay_rotatecube\\bower_components\\purescript-maps\\src\\Data\\Map.purs","end":[51,53]},"Traversable"]}]},"eiImportedAs":null},{"eiModule":["Data","Tuple"],"eiImportType":{"Explicit":[{"TypeRef":[{"start":[52,20],"name":"C:\\Users\\I344006\\purescript\\juspay_rotatecube\\bower_components\\purescript-maps\\src\\Data\\Map.purs","end":[52,32]},"Tuple",["Tuple"]]},{"ValueRef":[{"start":[52,34],"name":"C:\\Users\\I344006\\purescript\\juspay_rotatecube\\bower_components\\purescript-maps\\src\\Data\\Map.purs","end":[52,37]},{"Ident":"snd"}]},{"ValueRef":[{"start":[52,39],"name":"C:\\Users\\I344006\\purescript\\juspay_rotatecube\\bower_components\\purescript-maps\\src\\Data\\Map.purs","end":[52,46]},{"Ident":"uncurry"}]}]},"eiImportedAs":null},{"eiModule":["Data","Unfoldable"],"eiImportType":{"Explicit":[{"TypeClassRef":[{"start":[53,25],"name":"C:\\Users\\I344006\\purescript\\juspay_rotatecube\\bower_components\\purescript-maps\\src\\Data\\Map.purs","end":[53,41]},"Unfoldable"]},{"ValueRef":[{"start":[53,43],"name":"C:\\Users\\I344006\\purescript\\juspay_rotatecube\\bower_components\\purescript-maps\\src\\Data\\Map.purs","end":[53,50]},{"Ident":"unfoldr"}]}]},"eiImportedAs":null},{"eiModule":["Partial","Unsafe"],"eiImportType":{"Explicit":[{"ValueRef":[{"start":[54,24],"name":"C:\\Users\\I344006\\purescript\\juspay_rotatecube\\bower_components\\purescript-maps\\src\\Data\\Map.purs","end":[54,37]},{"Ident":"unsafePartial"}]}]},"eiImportedAs":null}],"efFixities":[],"efTypeFixities":[],"efDeclarations":[{"EDType":{"edTypeName":"Map","edTypeKind":{"tag":"FunKind","contents":[{"tag":"NamedKind","contents":[["Prim"],"Type"]},{"tag":"FunKind","contents":[{"tag":"NamedKind","contents":[["Prim"],"Type"]},{"tag":"NamedKind","contents":[["Prim"],"Type"]}]}]},"edTypeDeclarationKind":{"DataType":{"args":[["k",{"tag":"NamedKind","contents":[["Prim"],"Type"]}],["v",{"tag":"NamedKind","contents":[["Prim"],"Type"]}]],"ctors":[["Leaf",[]],["Two",[{"tag":"TypeApp","contents":[{"tag":"TypeApp","contents":[{"tag":"TypeConstructor","contents":[["Data","Map"],"Map"]},{"tag":"TypeVar","contents":"k"}]},{"tag":"TypeVar","contents":"v"}]},{"tag":"TypeVar","contents":"k"},{"tag":"TypeVar","contents":"v"},{"tag":"TypeApp","contents":[{"tag":"TypeApp","contents":[{"tag":"TypeConstructor","contents":[["Data","Map"],"Map"]},{"tag":"TypeVar","contents":"k"}]},{"tag":"TypeVar","contents":"v"}]}]],["Three",[{"tag":"TypeApp","contents":[{"tag":"TypeApp","contents":[{"tag":"TypeConstructor","contents":[["Data","Map"],"Map"]},{"tag":"TypeVar","contents":"k"}]},{"tag":"TypeVar","contents":"v"}]},{"tag":"TypeVar","contents":"k"},{"tag":"TypeVar","contents":"v"},{"tag":"TypeApp","contents":[{"tag":"TypeApp","contents":[{"tag":"TypeConstructor","contents":[["Data","Map"],"Map"]},{"tag":"TypeVar","contents":"k"}]},{"tag":"TypeVar","contents":"v"}]},{"tag":"TypeVar","contents":"k"},{"tag":"TypeVar","contents":"v"},{"tag":"TypeApp","contents":[{"tag":"TypeApp","contents":[{"tag":"TypeConstructor","contents":[["Data","Map"],"Map"]},{"tag":"TypeVar","contents":"k"}]},{"tag":"TypeVar","contents":"v"}]}]]]}}}},{"EDValue":{"edValueName":{"Ident":"alter"},"edValueType":{"tag":"ForAll","contents":["v",{"tag":"ForAll","contents":["k",{"tag":"ConstrainedType","contents":[{"constraintClass":[["Data","Ord"],"Ord"],"constraintArgs":[{"tag":"TypeVar","contents":"k"}],"constraintData":null},{"tag":"TypeApp","contents":[{"tag":"TypeApp","contents":[{"tag":"TypeConstructor","contents":[["Prim"],"Function"]},{"tag":"TypeApp","contents":[{"tag":"TypeApp","contents":[{"tag":"TypeConstructor","contents":[["Prim"],"Function"]},{"tag":"TypeApp","contents":[{"tag":"TypeConstructor","contents":[["Data","Maybe"],"Maybe"]},{"tag":"TypeVar","contents":"v"}]}]},{"tag":"TypeApp","contents":[{"tag":"TypeConstructor","contents":[["Data","Maybe"],"Maybe"]},{"tag":"TypeVar","contents":"v"}]}]}]},{"tag":"TypeApp","contents":[{"tag":"TypeApp","contents":[{"tag":"TypeConstructor","contents":[["Prim"],"Function"]},{"tag":"TypeVar","contents":"k"}]},{"tag":"TypeApp","contents":[{"tag":"TypeApp","contents":[{"tag":"TypeConstructor","contents":[["Prim"],"Function"]},{"tag":"TypeApp","contents":[{"tag":"TypeApp","contents":[{"tag":"TypeConstructor","contents":[["Data","Map"],"Map"]},{"tag":"TypeVar","contents":"k"}]},{"tag":"TypeVar","contents":"v"}]}]},{"tag":"TypeApp","contents":[{"tag":"TypeApp","contents":[{"tag":"TypeConstructor","contents":[["Data","Map"],"Map"]},{"tag":"TypeVar","contents":"k"}]},{"tag":"TypeVar","contents":"v"}]}]}]}]}]},354]},355]}}},{"EDValue":{"edValueName":{"Ident":"checkValid"},"edValueType":{"tag":"ForAll","contents":["v",{"tag":"ForAll","contents":["k",{"tag":"TypeApp","contents":[{"tag":"TypeApp","contents":[{"tag":"TypeConstructor","contents":[["Prim"],"Function"]},{"tag":"TypeApp","contents":[{"tag":"TypeApp","contents":[{"tag":"TypeConstructor","contents":[["Data","Map"],"Map"]},{"tag":"TypeVar","contents":"k"}]},{"tag":"TypeVar","contents":"v"}]}]},{"tag":"TypeConstructor","contents":[["Prim"],"Boolean"]}]},350]},351]}}},{"EDValue":{"edValueName":{"Ident":"delete"},"edValueType":{"tag":"ForAll","contents":["v",{"tag":"ForAll","contents":["k",{"tag":"ConstrainedType","contents":[{"constraintClass":[["Data","Ord"],"Ord"],"constraintArgs":[{"tag":"TypeVar","contents":"k"}],"constraintData":null},{"tag":"TypeApp","contents":[{"tag":"TypeApp","contents":[{"tag":"TypeConstructor","contents":[["Prim"],"Function"]},{"tag":"TypeVar","contents":"k"}]},{"tag":"TypeApp","contents":[{"tag":"TypeApp","contents":[{"tag":"TypeConstructor","contents":[["Prim"],"Function"]},{"tag":"TypeApp","contents":[{"tag":"TypeApp","contents":[{"tag":"TypeConstructor","contents":[["Data","Map"],"Map"]},{"tag":"TypeVar","contents":"k"}]},{"tag":"TypeVar","contents":"v"}]}]},{"tag":"TypeApp","contents":[{"tag":"TypeApp","contents":[{"tag":"TypeConstructor","contents":[["Data","Map"],"Map"]},{"tag":"TypeVar","contents":"k"}]},{"tag":"TypeVar","contents":"v"}]}]}]}]},346]},347]}}},{"EDValue":{"edValueName":{"Ident":"empty"},"edValueType":{"tag":"ForAll","contents":["v",{"tag":"ForAll","contents":["k",{"tag":"TypeApp","contents":[{"tag":"TypeApp","contents":[{"tag":"TypeConstructor","contents":[["Data","Map"],"Map"]},{"tag":"TypeVar","contents":"k"}]},{"tag":"TypeVar","contents":"v"}]},318]},319]}}},{"EDValue":{"edValueName":{"Ident":"filter"},"edValueType":{"tag":"ForAll","contents":["v",{"tag":"ForAll","contents":["k",{"tag":"ConstrainedType","contents":[{"constraintClass":[["Data","Ord"],"Ord"],"constraintArgs":[{"tag":"TypeVar","contents":"k"}],"constraintData":null},{"tag":"TypeApp","contents":[{"tag":"TypeApp","contents":[{"tag":"TypeConstructor","contents":[["Prim"],"Function"]},{"tag":"TypeApp","contents":[{"tag":"TypeApp","contents":[{"tag":"TypeConstructor","contents":[["Prim"],"Function"]},{"tag":"TypeVar","contents":"v"}]},{"tag":"TypeConstructor","contents":[["Prim"],"Boolean"]}]}]},{"tag":"TypeApp","contents":[{"tag":"TypeApp","contents":[{"tag":"TypeConstructor","contents":[["Prim"],"Function"]},{"tag":"TypeApp","contents":[{"tag":"TypeApp","contents":[{"tag":"TypeConstructor","contents":[["Data","Map"],"Map"]},{"tag":"TypeVar","contents":"k"}]},{"tag":"TypeVar","contents":"v"}]}]},{"tag":"TypeApp","contents":[{"tag":"TypeApp","contents":[{"tag":"TypeConstructor","contents":[["Data","Map"],"Map"]},{"tag":"TypeVar","contents":"k"}]},{"tag":"TypeVar","contents":"v"}]}]}]}]},334]},335]}}},{"EDValue":{"edValueName":{"Ident":"filterKeys"},"edValueType":{"tag":"ForAll","contents":["k",{"tag":"ConstrainedType","contents":[{"constraintClass":[["Data","Ord"],"Ord"],"constraintArgs":[{"tag":"TypeVar","contents":"k"}],"constraintData":null},{"tag":"TypeApp","contents":[{"tag":"TypeApp","contents":[{"tag":"TypeConstructor","contents":[["Prim"],"Function"]},{"tag":"TypeApp","contents":[{"tag":"TypeApp","contents":[{"tag":"TypeConstructor","contents":[["Prim"],"Function"]},{"tag":"TypeVar","contents":"k"}]},{"tag":"TypeConstructor","contents":[["Prim"],"Boolean"]}]}]},{"tag":"ForAll","contents":["a",{"tag":"TypeApp","contents":[{"tag":"TypeApp","contents":[{"tag":"TypeConstructor","contents":[["Prim"],"Function"]},{"tag":"TypeApp","contents":[{"tag":"TypeApp","contents":[{"tag":"TypeConstructor","contents":[["Data","Map"],"Map"]},{"tag":"TypeVar","contents":"k"}]},{"tag":"TypeVar","contents":"a"}]}]},{"tag":"TypeApp","contents":[{"tag":"TypeApp","contents":[{"tag":"TypeConstructor","contents":[["Data","Map"],"Map"]},{"tag":"TypeVar","contents":"k"}]},{"tag":"TypeVar","contents":"a"}]}]},338]}]}]},339]}}},{"EDValue":{"edValueName":{"Ident":"filterWithKey"},"edValueType":{"tag":"ForAll","contents":["v",{"tag":"ForAll","contents":["k",{"tag":"ConstrainedType","contents":[{"constraintClass":[["Data","Ord"],"Ord"],"constraintArgs":[{"tag":"TypeVar","contents":"k"}],"constraintData":null},{"tag":"TypeApp","contents":[{"tag":"TypeApp","contents":[{"tag":"TypeConstructor","contents":[["Prim"],"Function"]},{"tag":"TypeApp","contents":[{"tag":"TypeApp","contents":[{"tag":"TypeConstructor","contents":[["Prim"],"Function"]},{"tag":"TypeVar","contents":"k"}]},{"tag":"TypeApp","contents":[{"tag":"TypeApp","contents":[{"tag":"TypeConstructor","contents":[["Prim"],"Function"]},{"tag":"TypeVar","contents":"v"}]},{"tag":"TypeConstructor","contents":[["Prim"],"Boolean"]}]}]}]},{"tag":"TypeApp","contents":[{"tag":"TypeApp","contents":[{"tag":"TypeConstructor","contents":[["Prim"],"Function"]},{"tag":"TypeApp","contents":[{"tag":"TypeApp","contents":[{"tag":"TypeConstructor","contents":[["Data","Map"],"Map"]},{"tag":"TypeVar","contents":"k"}]},{"tag":"TypeVar","contents":"v"}]}]},{"tag":"TypeApp","contents":[{"tag":"TypeApp","contents":[{"tag":"TypeConstructor","contents":[["Data","Map"],"Map"]},{"tag":"TypeVar","contents":"k"}]},{"tag":"TypeVar","contents":"v"}]}]}]}]},330]},331]}}},{"EDValue":{"edValueName":{"Ident":"findMax"},"edValueType":{"tag":"ForAll","contents":["v",{"tag":"ForAll","contents":["k",{"tag":"TypeApp","contents":[{"tag":"TypeApp","contents":[{"tag":"TypeConstructor","contents":[["Prim"],"Function"]},{"tag":"TypeApp","contents":[{"tag":"TypeApp","contents":[{"tag":"TypeConstructor","contents":[["Data","Map"],"Map"]},{"tag":"TypeVar","contents":"k"}]},{"tag":"TypeVar","contents":"v"}]}]},{"tag":"TypeApp","contents":[{"tag":"TypeConstructor","contents":[["Data","Maybe"],"Maybe"]},{"tag":"TypeApp","contents":[{"tag":"TypeConstructor","contents":[["Prim"],"Record"]},{"tag":"RCons","contents":["key",{"tag":"TypeVar","contents":"k"},{"tag":"RCons","contents":["value",{"tag":"TypeVar","contents":"v"},{"tag":"REmpty"}]}]}]}]}]},299]},300]}}},{"EDValue":{"edValueName":{"Ident":"findMin"},"edValueType":{"tag":"ForAll","contents":["v",{"tag":"ForAll","contents":["k",{"tag":"TypeApp","contents":[{"tag":"TypeApp","contents":[{"tag":"TypeConstructor","contents":[["Prim"],"Function"]},{"tag":"TypeApp","contents":[{"tag":"TypeApp","contents":[{"tag":"TypeConstructor","contents":[["Data","Map"],"Map"]},{"tag":"TypeVar","contents":"k"}]},{"tag":"TypeVar","contents":"v"}]}]},{"tag":"TypeApp","contents":[{"tag":"TypeConstructor","contents":[["Data","Maybe"],"Maybe"]},{"tag":"TypeApp","contents":[{"tag":"TypeConstructor","contents":[["Prim"],"Record"]},{"tag":"RCons","contents":["key",{"tag":"TypeVar","contents":"k"},{"tag":"RCons","contents":["value",{"tag":"TypeVar","contents":"v"},{"tag":"REmpty"}]}]}]}]}]},288]},289]}}},{"EDValue":{"edValueName":{"Ident":"foldSubmap"},"edValueType":{"tag":"ForAll","contents":["m",{"tag":"ForAll","contents":["v",{"tag":"ForAll","contents":["k",{"tag":"ConstrainedType","contents":[{"constraintClass":[["Data","Ord"],"Ord"],"constraintArgs":[{"tag":"TypeVar","contents":"k"}],"constraintData":null},{"tag":"ConstrainedType","contents":[{"constraintClass":[["Data","Monoid"],"Monoid"],"constraintArgs":[{"tag":"TypeVar","contents":"m"}],"constraintData":null},{"tag":"TypeApp","contents":[{"tag":"TypeApp","contents":[{"tag":"TypeConstructor","contents":[["Prim"],"Function"]},{"tag":"TypeApp","contents":[{"tag":"TypeConstructor","contents":[["Data","Maybe"],"Maybe"]},{"tag":"TypeVar","contents":"k"}]}]},{"tag":"TypeApp","contents":[{"tag":"TypeApp","contents":[{"tag":"TypeConstructor","contents":[["Prim"],"Function"]},{"tag":"TypeApp","contents":[{"tag":"TypeConstructor","contents":[["Data","Maybe"],"Maybe"]},{"tag":"TypeVar","contents":"k"}]}]},{"tag":"TypeApp","contents":[{"tag":"TypeApp","contents":[{"tag":"TypeConstructor","contents":[["Prim"],"Function"]},{"tag":"TypeApp","contents":[{"tag":"TypeApp","contents":[{"tag":"TypeConstructor","contents":[["Prim"],"Function"]},{"tag":"TypeVar","contents":"k"}]},{"tag":"TypeApp","contents":[{"tag":"TypeApp","contents":[{"tag":"TypeConstructor","contents":[["Prim"],"Function"]},{"tag":"TypeVar","contents":"v"}]},{"tag":"TypeVar","contents":"m"}]}]}]},{"tag":"TypeApp","contents":[{"tag":"TypeApp","contents":[{"tag":"TypeConstructor","contents":[["Prim"],"Function"]},{"tag":"TypeApp","contents":[{"tag":"TypeApp","contents":[{"tag":"TypeConstructor","contents":[["Data","Map"],"Map"]},{"tag":"TypeVar","contents":"k"}]},{"tag":"TypeVar","contents":"v"}]}]},{"tag":"TypeVar","contents":"m"}]}]}]}]}]}]},278]},279]},280]}}},{"EDValue":{"edValueName":{"Ident":"fromFoldable"},"edValueType":{"tag":"ForAll","contents":["v",{"tag":"ForAll","contents":["k",{"tag":"ForAll","contents":["f",{"tag":"ConstrainedType","contents":[{"constraintClass":[["Data","Ord"],"Ord"],"constraintArgs":[{"tag":"TypeVar","contents":"k"}],"constraintData":null},{"tag":"ConstrainedType","contents":[{"constraintClass":[["Data","Foldable"],"Foldable"],"constraintArgs":[{"tag":"TypeVar","contents":"f"}],"constraintData":null},{"tag":"TypeApp","contents":[{"tag":"TypeApp","contents":[{"tag":"TypeConstructor","contents":[["Prim"],"Function"]},{"tag":"TypeApp","contents":[{"tag":"TypeVar","contents":"f"},{"tag":"TypeApp","contents":[{"tag":"TypeApp","contents":[{"tag":"TypeConstructor","contents":[["Data","Tuple"],"Tuple"]},{"tag":"TypeVar","contents":"k"}]},{"tag":"TypeVar","contents":"v"}]}]}]},{"tag":"TypeApp","contents":[{"tag":"TypeApp","contents":[{"tag":"TypeConstructor","contents":[["Data","Map"],"Map"]},{"tag":"TypeVar","contents":"k"}]},{"tag":"TypeVar","contents":"v"}]}]}]}]},324]},325]},326]}}},{"EDValue":{"edValueName":{"Ident":"fromFoldableWith"},"edValueType":{"tag":"ForAll","contents":["v",{"tag":"ForAll","contents":["k",{"tag":"ForAll","contents":["f",{"tag":"ConstrainedType","contents":[{"constraintClass":[["Data","Ord"],"Ord"],"constraintArgs":[{"tag":"TypeVar","contents":"k"}],"constraintData":null},{"tag":"ConstrainedType","contents":[{"constraintClass":[["Data","Foldable"],"Foldable"],"constraintArgs":[{"tag":"TypeVar","contents":"f"}],"constraintData":null},{"tag":"TypeApp","contents":[{"tag":"TypeApp","contents":[{"tag":"TypeConstructor","contents":[["Prim"],"Function"]},{"tag":"TypeApp","contents":[{"tag":"TypeApp","contents":[{"tag":"TypeConstructor","contents":[["Prim"],"Function"]},{"tag":"TypeVar","contents":"v"}]},{"tag":"TypeApp","contents":[{"tag":"TypeApp","contents":[{"tag":"TypeConstructor","contents":[["Prim"],"Function"]},{"tag":"TypeVar","contents":"v"}]},{"tag":"TypeVar","contents":"v"}]}]}]},{"tag":"TypeApp","contents":[{"tag":"TypeApp","contents":[{"tag":"TypeConstructor","contents":[["Prim"],"Function"]},{"tag":"TypeApp","contents":[{"tag":"TypeVar","contents":"f"},{"tag":"TypeApp","contents":[{"tag":"TypeApp","contents":[{"tag":"TypeConstructor","contents":[["Data","Tuple"],"Tuple"]},{"tag":"TypeVar","contents":"k"}]},{"tag":"TypeVar","contents":"v"}]}]}]},{"tag":"TypeApp","contents":[{"tag":"TypeApp","contents":[{"tag":"TypeConstructor","contents":[["Data","Map"],"Map"]},{"tag":"TypeVar","contents":"k"}]},{"tag":"TypeVar","contents":"v"}]}]}]}]}]},358]},359]},360]}}},{"EDValue":{"edValueName":{"Ident":"insert"},"edValueType":{"tag":"ForAll","contents":["v",{"tag":"ForAll","contents":["k",{"tag":"ConstrainedType","contents":[{"constraintClass":[["Data","Ord"],"Ord"],"constraintArgs":[{"tag":"TypeVar","contents":"k"}],"constraintData":null},{"tag":"TypeApp","contents":[{"tag":"TypeApp","contents":[{"tag":"TypeConstructor","contents":[["Prim"],"Function"]},{"tag":"TypeVar","contents":"k"}]},{"tag":"TypeApp","contents":[{"tag":"TypeApp","contents":[{"tag":"TypeConstructor","contents":[["Prim"],"Function"]},{"tag":"TypeVar","contents":"v"}]},{"tag":"TypeApp","contents":[{"tag":"TypeApp","contents":[{"tag":"TypeConstructor","contents":[["Prim"],"Function"]},{"tag":"TypeApp","contents":[{"tag":"TypeApp","contents":[{"tag":"TypeConstructor","contents":[["Data","Map"],"Map"]},{"tag":"TypeVar","contents":"k"}]},{"tag":"TypeVar","contents":"v"}]}]},{"tag":"TypeApp","contents":[{"tag":"TypeApp","contents":[{"tag":"TypeConstructor","contents":[["Data","Map"],"Map"]},{"tag":"TypeVar","contents":"k"}]},{"tag":"TypeVar","contents":"v"}]}]}]}]}]},198]},199]}}},{"EDValue":{"edValueName":{"Ident":"isEmpty"},"edValueType":{"tag":"ForAll","contents":["v",{"tag":"ForAll","contents":["k",{"tag":"TypeApp","contents":[{"tag":"TypeApp","contents":[{"tag":"TypeConstructor","contents":[["Prim"],"Function"]},{"tag":"TypeApp","contents":[{"tag":"TypeApp","contents":[{"tag":"TypeConstructor","contents":[["Data","Map"],"Map"]},{"tag":"TypeVar","contents":"k"}]},{"tag":"TypeVar","contents":"v"}]}]},{"tag":"TypeConstructor","contents":[["Prim"],"Boolean"]}]},172]},173]}}},{"EDValue":{"edValueName":{"Ident":"isSubmap"},"edValueType":{"tag":"ForAll","contents":["v",{"tag":"ForAll","contents":["k",{"tag":"ConstrainedType","contents":[{"constraintClass":[["Data","Ord"],"Ord"],"constraintArgs":[{"tag":"TypeVar","contents":"k"}],"constraintData":null},{"tag":"ConstrainedType","contents":[{"constraintClass":[["Data","Eq"],"Eq"],"constraintArgs":[{"tag":"TypeVar","contents":"v"}],"constraintData":null},{"tag":"TypeApp","contents":[{"tag":"TypeApp","contents":[{"tag":"TypeConstructor","contents":[["Prim"],"Function"]},{"tag":"TypeApp","contents":[{"tag":"TypeApp","contents":[{"tag":"TypeConstructor","contents":[["Data","Map"],"Map"]},{"tag":"TypeVar","contents":"k"}]},{"tag":"TypeVar","contents":"v"}]}]},{"tag":"TypeApp","contents":[{"tag":"TypeApp","contents":[{"tag":"TypeConstructor","contents":[["Prim"],"Function"]},{"tag":"TypeApp","contents":[{"tag":"TypeApp","contents":[{"tag":"TypeConstructor","contents":[["Data","Map"],"Map"]},{"tag":"TypeVar","contents":"k"}]},{"tag":"TypeVar","contents":"v"}]}]},{"tag":"TypeConstructor","contents":[["Prim"],"Boolean"]}]}]}]}]},168]},169]}}},{"EDValue":{"edValueName":{"Ident":"keys"},"edValueType":{"tag":"ForAll","contents":["v",{"tag":"ForAll","contents":["k",{"tag":"TypeApp","contents":[{"tag":"TypeApp","contents":[{"tag":"TypeConstructor","contents":[["Prim"],"Function"]},{"tag":"TypeApp","contents":[{"tag":"TypeApp","contents":[{"tag":"TypeConstructor","contents":[["Data","Map"],"Map"]},{"tag":"TypeVar","contents":"k"}]},{"tag":"TypeVar","contents":"v"}]}]},{"tag":"TypeApp","contents":[{"tag":"TypeConstructor","contents":[["Data","List","Types"],"List"]},{"tag":"TypeVar","contents":"k"}]}]},153]},154]}}},{"EDValue":{"edValueName":{"Ident":"lookup"},"edValueType":{"tag":"ForAll","contents":["v",{"tag":"ForAll","contents":["k",{"tag":"ConstrainedType","contents":[{"constraintClass":[["Data","Ord"],"Ord"],"constraintArgs":[{"tag":"TypeVar","contents":"k"}],"constraintData":null},{"tag":"TypeApp","contents":[{"tag":"TypeApp","contents":[{"tag":"TypeConstructor","contents":[["Prim"],"Function"]},{"tag":"TypeVar","contents":"k"}]},{"tag":"TypeApp","contents":[{"tag":"TypeApp","contents":[{"tag":"TypeConstructor","contents":[["Prim"],"Function"]},{"tag":"TypeApp","contents":[{"tag":"TypeApp","contents":[{"tag":"TypeConstructor","contents":[["Data","Map"],"Map"]},{"tag":"TypeVar","contents":"k"}]},{"tag":"TypeVar","contents":"v"}]}]},{"tag":"TypeApp","contents":[{"tag":"TypeConstructor","contents":[["Data","Maybe"],"Maybe"]},{"tag":"TypeVar","contents":"v"}]}]}]}]},145]},146]}}},{"EDValue":{"edValueName":{"Ident":"lookupGE"},"edValueType":{"tag":"ForAll","contents":["v",{"tag":"ForAll","contents":["k",{"tag":"ConstrainedType","contents":[{"constraintClass":[["Data","Ord"],"Ord"],"constraintArgs":[{"tag":"TypeVar","contents":"k"}],"constraintData":null},{"tag":"TypeApp","contents":[{"tag":"TypeApp","contents":[{"tag":"TypeConstructor","contents":[["Prim"],"Function"]},{"tag":"TypeVar","contents":"k"}]},{"tag":"TypeApp","contents":[{"tag":"TypeApp","contents":[{"tag":"TypeConstructor","contents":[["Prim"],"Function"]},{"tag":"TypeApp","contents":[{"tag":"TypeApp","contents":[{"tag":"TypeConstructor","contents":[["Data","Map"],"Map"]},{"tag":"TypeVar","contents":"k"}]},{"tag":"TypeVar","contents":"v"}]}]},{"tag":"TypeApp","contents":[{"tag":"TypeConstructor","contents":[["Data","Maybe"],"Maybe"]},{"tag":"TypeApp","contents":[{"tag":"TypeConstructor","contents":[["Prim"],"Record"]},{"tag":"RCons","contents":["key",{"tag":"TypeVar","contents":"k"},{"tag":"RCons","contents":["value",{"tag":"TypeVar","contents":"v"},{"tag":"REmpty"}]}]}]}]}]}]}]},139]},140]}}},{"EDValue":{"edValueName":{"Ident":"lookupGT"},"edValueType":{"tag":"ForAll","contents":["v",{"tag":"ForAll","contents":["k",{"tag":"ConstrainedType","contents":[{"constraintClass":[["Data","Ord"],"Ord"],"constraintArgs":[{"tag":"TypeVar","contents":"k"}],"constraintData":null},{"tag":"TypeApp","contents":[{"tag":"TypeApp","contents":[{"tag":"TypeConstructor","contents":[["Prim"],"Function"]},{"tag":"TypeVar","contents":"k"}]},{"tag":"TypeApp","contents":[{"tag":"TypeApp","contents":[{"tag":"TypeConstructor","contents":[["Prim"],"Function"]},{"tag":"TypeApp","contents":[{"tag":"TypeApp","contents":[{"tag":"TypeConstructor","contents":[["Data","Map"],"Map"]},{"tag":"TypeVar","contents":"k"}]},{"tag":"TypeVar","contents":"v"}]}]},{"tag":"TypeApp","contents":[{"tag":"TypeConstructor","contents":[["Data","Maybe"],"Maybe"]},{"tag":"TypeApp","contents":[{"tag":"TypeConstructor","contents":[["Prim"],"Record"]},{"tag":"RCons","contents":["key",{"tag":"TypeVar","contents":"k"},{"tag":"RCons","contents":["value",{"tag":"TypeVar","contents":"v"},{"tag":"REmpty"}]}]}]}]}]}]}]},293]},294]}}},{"EDValue":{"edValueName":{"Ident":"lookupLE"},"edValueType":{"tag":"ForAll","contents":["v",{"tag":"ForAll","contents":["k",{"tag":"ConstrainedType","contents":[{"constraintClass":[["Data","Ord"],"Ord"],"constraintArgs":[{"tag":"TypeVar","contents":"k"}],"constraintData":null},{"tag":"TypeApp","contents":[{"tag":"TypeApp","contents":[{"tag":"TypeConstructor","contents":[["Prim"],"Function"]},{"tag":"TypeVar","contents":"k"}]},{"tag":"TypeApp","contents":[{"tag":"TypeApp","contents":[{"tag":"TypeConstructor","contents":[["Prim"],"Function"]},{"tag":"TypeApp","contents":[{"tag":"TypeApp","contents":[{"tag":"TypeConstructor","contents":[["Data","Map"],"Map"]},{"tag":"TypeVar","contents":"k"}]},{"tag":"TypeVar","contents":"v"}]}]},{"tag":"TypeApp","contents":[{"tag":"TypeConstructor","contents":[["Data","Maybe"],"Maybe"]},{"tag":"TypeApp","contents":[{"tag":"TypeConstructor","contents":[["Prim"],"Record"]},{"tag":"RCons","contents":["key",{"tag":"TypeVar","contents":"k"},{"tag":"RCons","contents":["value",{"tag":"TypeVar","contents":"v"},{"tag":"REmpty"}]}]}]}]}]}]}]},133]},134]}}},{"EDValue":{"edValueName":{"Ident":"lookupLT"},"edValueType":{"tag":"ForAll","contents":["v",{"tag":"ForAll","contents":["k",{"tag":"ConstrainedType","contents":[{"constraintClass":[["Data","Ord"],"Ord"],"constraintArgs":[{"tag":"TypeVar","contents":"k"}],"constraintData":null},{"tag":"TypeApp","contents":[{"tag":"TypeApp","contents":[{"tag":"TypeConstructor","contents":[["Prim"],"Function"]},{"tag":"TypeVar","contents":"k"}]},{"tag":"TypeApp","contents":[{"tag":"TypeApp","contents":[{"tag":"TypeConstructor","contents":[["Prim"],"Function"]},{"tag":"TypeApp","contents":[{"tag":"TypeApp","contents":[{"tag":"TypeConstructor","contents":[["Data","Map"],"Map"]},{"tag":"TypeVar","contents":"k"}]},{"tag":"TypeVar","contents":"v"}]}]},{"tag":"TypeApp","contents":[{"tag":"TypeConstructor","contents":[["Data","Maybe"],"Maybe"]},{"tag":"TypeApp","contents":[{"tag":"TypeConstructor","contents":[["Prim"],"Record"]},{"tag":"RCons","contents":["key",{"tag":"TypeVar","contents":"k"},{"tag":"RCons","contents":["value",{"tag":"TypeVar","contents":"v"},{"tag":"REmpty"}]}]}]}]}]}]}]},304]},305]}}},{"EDValue":{"edValueName":{"Ident":"mapWithKey"},"edValueType":{"tag":"ForAll","contents":["v'",{"tag":"ForAll","contents":["v",{"tag":"ForAll","contents":["k",{"tag":"TypeApp","contents":[{"tag":"TypeApp","contents":[{"tag":"TypeConstructor","contents":[["Prim"],"Function"]},{"tag":"TypeApp","contents":[{"tag":"TypeApp","contents":[{"tag":"TypeConstructor","contents":[["Prim"],"Function"]},{"tag":"TypeVar","contents":"k"}]},{"tag":"TypeApp","contents":[{"tag":"TypeApp","contents":[{"tag":"TypeConstructor","contents":[["Prim"],"Function"]},{"tag":"TypeVar","contents":"v"}]},{"tag":"TypeVar","contents":"v'"}]}]}]},{"tag":"TypeApp","contents":[{"tag":"TypeApp","contents":[{"tag":"TypeConstructor","contents":[["Prim"],"Function"]},{"tag":"TypeApp","contents":[{"tag":"TypeApp","contents":[{"tag":"TypeConstructor","contents":[["Data","Map"],"Map"]},{"tag":"TypeVar","contents":"k"}]},{"tag":"TypeVar","contents":"v"}]}]},{"tag":"TypeApp","contents":[{"tag":"TypeApp","contents":[{"tag":"TypeConstructor","contents":[["Data","Map"],"Map"]},{"tag":"TypeVar","contents":"k"}]},{"tag":"TypeVar","contents":"v'"}]}]}]},110]},111]},112]}}},{"EDValue":{"edValueName":{"Ident":"member"},"edValueType":{"tag":"ForAll","contents":["v",{"tag":"ForAll","contents":["k",{"tag":"ConstrainedType","contents":[{"constraintClass":[["Data","Ord"],"Ord"],"constraintArgs":[{"tag":"TypeVar","contents":"k"}],"constraintData":null},{"tag":"TypeApp","contents":[{"tag":"TypeApp","contents":[{"tag":"TypeConstructor","contents":[["Prim"],"Function"]},{"tag":"TypeVar","contents":"k"}]},{"tag":"TypeApp","contents":[{"tag":"TypeApp","contents":[{"tag":"TypeConstructor","contents":[["Prim"],"Function"]},{"tag":"TypeApp","contents":[{"tag":"TypeApp","contents":[{"tag":"TypeConstructor","contents":[["Data","Map"],"Map"]},{"tag":"TypeVar","contents":"k"}]},{"tag":"TypeVar","contents":"v"}]}]},{"tag":"TypeConstructor","contents":[["Prim"],"Boolean"]}]}]}]},149]},150]}}},{"EDValue":{"edValueName":{"Ident":"pop"},"edValueType":{"tag":"ForAll","contents":["v",{"tag":"ForAll","contents":["k",{"tag":"ConstrainedType","contents":[{"constraintClass":[["Data","Ord"],"Ord"],"constraintArgs":[{"tag":"TypeVar","contents":"k"}],"constraintData":null},{"tag":"TypeApp","contents":[{"tag":"TypeApp","contents":[{"tag":"TypeConstructor","contents":[["Prim"],"Function"]},{"tag":"TypeVar","contents":"k"}]},{"tag":"TypeApp","contents":[{"tag":"TypeApp","contents":[{"tag":"TypeConstructor","contents":[["Prim"],"Function"]},{"tag":"TypeApp","contents":[{"tag":"TypeApp","contents":[{"tag":"TypeConstructor","contents":[["Data","Map"],"Map"]},{"tag":"TypeVar","contents":"k"}]},{"tag":"TypeVar","contents":"v"}]}]},{"tag":"TypeApp","contents":[{"tag":"TypeConstructor","contents":[["Data","Maybe"],"Maybe"]},{"tag":"TypeApp","contents":[{"tag":"TypeApp","contents":[{"tag":"TypeConstructor","contents":[["Data","Tuple"],"Tuple"]},{"tag":"TypeVar","contents":"v"}]},{"tag":"TypeApp","contents":[{"tag":"TypeApp","contents":[{"tag":"TypeConstructor","contents":[["Data","Map"],"Map"]},{"tag":"TypeVar","contents":"k"}]},{"tag":"TypeVar","contents":"v"}]}]}]}]}]}]},207]},208]}}},{"EDValue":{"edValueName":{"Ident":"showTree"},"edValueType":{"tag":"ForAll","contents":["v",{"tag":"ForAll","contents":["k",{"tag":"ConstrainedType","contents":[{"constraintClass":[["Data","Show"],"Show"],"constraintArgs":[{"tag":"TypeVar","contents":"k"}],"constraintData":null},{"tag":"ConstrainedType","contents":[{"constraintClass":[["Data","Show"],"Show"],"constraintArgs":[{"tag":"TypeVar","contents":"v"}],"constraintData":null},{"tag":"TypeApp","contents":[{"tag":"TypeApp","contents":[{"tag":"TypeConstructor","contents":[["Prim"],"Function"]},{"tag":"TypeApp","contents":[{"tag":"TypeApp","contents":[{"tag":"TypeConstructor","contents":[["Data","Map"],"Map"]},{"tag":"TypeVar","contents":"k"}]},{"tag":"TypeVar","contents":"v"}]}]},{"tag":"TypeConstructor","contents":[["Prim"],"String"]}]}]}]},83]},84]}}},{"EDValue":{"edValueName":{"Ident":"singleton"},"edValueType":{"tag":"ForAll","contents":["v",{"tag":"ForAll","contents":["k",{"tag":"TypeApp","contents":[{"tag":"TypeApp","contents":[{"tag":"TypeConstructor","contents":[["Prim"],"Function"]},{"tag":"TypeVar","contents":"k"}]},{"tag":"TypeApp","contents":[{"tag":"TypeApp","contents":[{"tag":"TypeConstructor","contents":[["Prim"],"Function"]},{"tag":"TypeVar","contents":"v"}]},{"tag":"TypeApp","contents":[{"tag":"TypeApp","contents":[{"tag":"TypeConstructor","contents":[["Data","Map"],"Map"]},{"tag":"TypeVar","contents":"k"}]},{"tag":"TypeVar","contents":"v"}]}]}]},53]},54]}}},{"EDValue":{"edValueName":{"Ident":"size"},"edValueType":{"tag":"ForAll","contents":["v",{"tag":"ForAll","contents":["k",{"tag":"TypeApp","contents":[{"tag":"TypeApp","contents":[{"tag":"TypeConstructor","contents":[["Prim"],"Function"]},{"tag":"TypeApp","contents":[{"tag":"TypeApp","contents":[{"tag":"TypeConstructor","contents":[["Data","Map"],"Map"]},{"tag":"TypeVar","contents":"k"}]},{"tag":"TypeVar","contents":"v"}]}]},{"tag":"TypeConstructor","contents":[["Prim"],"Int"]}]},39]},40]}}},{"EDValue":{"edValueName":{"Ident":"submap"},"edValueType":{"tag":"ForAll","contents":["v",{"tag":"ForAll","contents":["k",{"tag":"ConstrainedType","contents":[{"constraintClass":[["Data","Ord"],"Ord"],"constraintArgs":[{"tag":"TypeVar","contents":"k"}],"constraintData":null},{"tag":"TypeApp","contents":[{"tag":"TypeApp","contents":[{"tag":"TypeConstructor","contents":[["Prim"],"Function"]},{"tag":"TypeApp","contents":[{"tag":"TypeConstructor","contents":[["Data","Maybe"],"Maybe"]},{"tag":"TypeVar","contents":"k"}]}]},{"tag":"TypeApp","contents":[{"tag":"TypeApp","contents":[{"tag":"TypeConstructor","contents":[["Prim"],"Function"]},{"tag":"TypeApp","contents":[{"tag":"TypeConstructor","contents":[["Data","Maybe"],"Maybe"]},{"tag":"TypeVar","contents":"k"}]}]},{"tag":"TypeApp","contents":[{"tag":"TypeApp","contents":[{"tag":"TypeConstructor","contents":[["Prim"],"Function"]},{"tag":"TypeApp","contents":[{"tag":"TypeApp","contents":[{"tag":"TypeConstructor","contents":[["Data","Map"],"Map"]},{"tag":"TypeVar","contents":"k"}]},{"tag":"TypeVar","contents":"v"}]}]},{"tag":"TypeApp","contents":[{"tag":"TypeApp","contents":[{"tag":"TypeConstructor","contents":[["Data","Map"],"Map"]},{"tag":"TypeVar","contents":"k"}]},{"tag":"TypeVar","contents":"v"}]}]}]}]}]},284]},285]}}},{"EDValue":{"edValueName":{"Ident":"toAscUnfoldable"},"edValueType":{"tag":"ForAll","contents":["v",{"tag":"ForAll","contents":["k",{"tag":"ForAll","contents":["f",{"tag":"ConstrainedType","contents":[{"constraintClass":[["Data","Unfoldable"],"Unfoldable"],"constraintArgs":[{"tag":"TypeVar","contents":"f"}],"constraintData":null},{"tag":"TypeApp","contents":[{"tag":"TypeApp","contents":[{"tag":"TypeConstructor","contents":[["Prim"],"Function"]},{"tag":"TypeApp","contents":[{"tag":"TypeApp","contents":[{"tag":"TypeConstructor","contents":[["Data","Map"],"Map"]},{"tag":"TypeVar","contents":"k"}]},{"tag":"TypeVar","contents":"v"}]}]},{"tag":"TypeApp","contents":[{"tag":"TypeVar","contents":"f"},{"tag":"TypeApp","contents":[{"tag":"TypeApp","contents":[{"tag":"TypeConstructor","contents":[["Data","Tuple"],"Tuple"]},{"tag":"TypeVar","contents":"k"}]},{"tag":"TypeVar","contents":"v"}]}]}]}]},61]},62]},63]}}},{"EDValue":{"edValueName":{"Ident":"toUnfoldable"},"edValueType":{"tag":"ForAll","contents":["v",{"tag":"ForAll","contents":["k",{"tag":"ForAll","contents":["f",{"tag":"ConstrainedType","contents":[{"constraintClass":[["Data","Unfoldable"],"Unfoldable"],"constraintArgs":[{"tag":"TypeVar","contents":"f"}],"constraintData":null},{"tag":"TypeApp","contents":[{"tag":"TypeApp","contents":[{"tag":"TypeConstructor","contents":[["Prim"],"Function"]},{"tag":"TypeApp","contents":[{"tag":"TypeApp","contents":[{"tag":"TypeConstructor","contents":[["Data","Map"],"Map"]},{"tag":"TypeVar","contents":"k"}]},{"tag":"TypeVar","contents":"v"}]}]},{"tag":"TypeApp","contents":[{"tag":"TypeVar","contents":"f"},{"tag":"TypeApp","contents":[{"tag":"TypeApp","contents":[{"tag":"TypeConstructor","contents":[["Data","Tuple"],"Tuple"]},{"tag":"TypeVar","contents":"k"}]},{"tag":"TypeVar","contents":"v"}]}]}]}]},74]},75]},76]}}},{"EDValue":{"edValueName":{"Ident":"union"},"edValueType":{"tag":"ForAll","contents":["v",{"tag":"ForAll","contents":["k",{"tag":"ConstrainedType","contents":[{"constraintClass":[["Data","Ord"],"Ord"],"constraintArgs":[{"tag":"TypeVar","contents":"k"}],"constraintData":null},{"tag":"TypeApp","contents":[{"tag":"TypeApp","contents":[{"tag":"TypeConstructor","contents":[["Prim"],"Function"]},{"tag":"TypeApp","contents":[{"tag":"TypeApp","contents":[{"tag":"TypeConstructor","contents":[["Data","Map"],"Map"]},{"tag":"TypeVar","contents":"k"}]},{"tag":"TypeVar","contents":"v"}]}]},{"tag":"TypeApp","contents":[{"tag":"TypeApp","contents":[{"tag":"TypeConstructor","contents":[["Prim"],"Function"]},{"tag":"TypeApp","contents":[{"tag":"TypeApp","contents":[{"tag":"TypeConstructor","contents":[["Data","Map"],"Map"]},{"tag":"TypeVar","contents":"k"}]},{"tag":"TypeVar","contents":"v"}]}]},{"tag":"TypeApp","contents":[{"tag":"TypeApp","contents":[{"tag":"TypeConstructor","contents":[["Data","Map"],"Map"]},{"tag":"TypeVar","contents":"k"}]},{"tag":"TypeVar","contents":"v"}]}]}]}]},370]},371]}}},{"EDValue":{"edValueName":{"Ident":"unionWith"},"edValueType":{"tag":"ForAll","contents":["v",{"tag":"ForAll","contents":["k",{"tag":"ConstrainedType","contents":[{"constraintClass":[["Data","Ord"],"Ord"],"constraintArgs":[{"tag":"TypeVar","contents":"k"}],"constraintData":null},{"tag":"TypeApp","contents":[{"tag":"TypeApp","contents":[{"tag":"TypeConstructor","contents":[["Prim"],"Function"]},{"tag":"TypeApp","contents":[{"tag":"TypeApp","contents":[{"tag":"TypeConstructor","contents":[["Prim"],"Function"]},{"tag":"TypeVar","contents":"v"}]},{"tag":"TypeApp","contents":[{"tag":"TypeApp","contents":[{"tag":"TypeConstructor","contents":[["Prim"],"Function"]},{"tag":"TypeVar","contents":"v"}]},{"tag":"TypeVar","contents":"v"}]}]}]},{"tag":"TypeApp","contents":[{"tag":"TypeApp","contents":[{"tag":"TypeConstructor","contents":[["Prim"],"Function"]},{"tag":"TypeApp","contents":[{"tag":"TypeApp","contents":[{"tag":"TypeConstructor","contents":[["Data","Map"],"Map"]},{"tag":"TypeVar","contents":"k"}]},{"tag":"TypeVar","contents":"v"}]}]},{"tag":"TypeApp","contents":[{"tag":"TypeApp","contents":[{"tag":"TypeConstructor","contents":[["Prim"],"Function"]},{"tag":"TypeApp","contents":[{"tag":"TypeApp","contents":[{"tag":"TypeConstructor","contents":[["Data","Map"],"Map"]},{"tag":"TypeVar","contents":"k"}]},{"tag":"TypeVar","contents":"v"}]}]},{"tag":"TypeApp","contents":[{"tag":"TypeApp","contents":[{"tag":"TypeConstructor","contents":[["Data","Map"],"Map"]},{"tag":"TypeVar","contents":"k"}]},{"tag":"TypeVar","contents":"v"}]}]}]}]}]},365]},366]}}},{"EDValue":{"edValueName":{"Ident":"unions"},"edValueType":{"tag":"ForAll","contents":["f",{"tag":"ForAll","contents":["v",{"tag":"ForAll","contents":["k",{"tag":"ConstrainedType","contents":[{"constraintClass":[["Data","Ord"],"Ord"],"constraintArgs":[{"tag":"TypeVar","contents":"k"}],"constraintData":null},{"tag":"ConstrainedType","contents":[{"constraintClass":[["Data","Foldable"],"Foldable"],"constraintArgs":[{"tag":"TypeVar","contents":"f"}],"constraintData":null},{"tag":"TypeApp","contents":[{"tag":"TypeApp","contents":[{"tag":"TypeConstructor","contents":[["Prim"],"Function"]},{"tag":"TypeApp","contents":[{"tag":"TypeVar","contents":"f"},{"tag":"TypeApp","contents":[{"tag":"TypeApp","contents":[{"tag":"TypeConstructor","contents":[["Data","Map"],"Map"]},{"tag":"TypeVar","contents":"k"}]},{"tag":"TypeVar","contents":"v"}]}]}]},{"tag":"TypeApp","contents":[{"tag":"TypeApp","contents":[{"tag":"TypeConstructor","contents":[["Data","Map"],"Map"]},{"tag":"TypeVar","contents":"k"}]},{"tag":"TypeVar","contents":"v"}]}]}]}]},378]},379]},380]}}},{"EDValue":{"edValueName":{"Ident":"update"},"edValueType":{"tag":"ForAll","contents":["v",{"tag":"ForAll","contents":["k",{"tag":"ConstrainedType","contents":[{"constraintClass":[["Data","Ord"],"Ord"],"constraintArgs":[{"tag":"TypeVar","contents":"k"}],"constraintData":null},{"tag":"TypeApp","contents":[{"tag":"TypeApp","contents":[{"tag":"TypeConstructor","contents":[["Prim"],"Function"]},{"tag":"TypeApp","contents":[{"tag":"TypeApp","contents":[{"tag":"TypeConstructor","contents":[["Prim"],"Function"]},{"tag":"TypeVar","contents":"v"}]},{"tag":"TypeApp","contents":[{"tag":"TypeConstructor","contents":[["Data","Maybe"],"Maybe"]},{"tag":"TypeVar","contents":"v"}]}]}]},{"tag":"TypeApp","contents":[{"tag":"TypeApp","contents":[{"tag":"TypeConstructor","contents":[["Prim"],"Function"]},{"tag":"TypeVar","contents":"k"}]},{"tag":"TypeApp","contents":[{"tag":"TypeApp","contents":[{"tag":"TypeConstructor","contents":[["Prim"],"Function"]},{"tag":"TypeApp","contents":[{"tag":"TypeApp","contents":[{"tag":"TypeConstructor","contents":[["Data","Map"],"Map"]},{"tag":"TypeVar","contents":"k"}]},{"tag":"TypeVar","contents":"v"}]}]},{"tag":"TypeApp","contents":[{"tag":"TypeApp","contents":[{"tag":"TypeConstructor","contents":[["Data","Map"],"Map"]},{"tag":"TypeVar","contents":"k"}]},{"tag":"TypeVar","contents":"v"}]}]}]}]}]},384]},385]}}},{"EDValue":{"edValueName":{"Ident":"values"},"edValueType":{"tag":"ForAll","contents":["v",{"tag":"ForAll","contents":["k",{"tag":"TypeApp","contents":[{"tag":"TypeApp","contents":[{"tag":"TypeConstructor","contents":[["Prim"],"Function"]},{"tag":"TypeApp","contents":[{"tag":"TypeApp","contents":[{"tag":"TypeConstructor","contents":[["Data","Map"],"Map"]},{"tag":"TypeVar","contents":"k"}]},{"tag":"TypeVar","contents":"v"}]}]},{"tag":"TypeApp","contents":[{"tag":"TypeConstructor","contents":[["Data","List","Types"],"List"]},{"tag":"TypeVar","contents":"v"}]}]},0]},1]}}},{"EDInstance":{"edInstanceClassName":[["Data","Eq"],"Eq1"],"edInstanceName":{"Ident":"eq1Map"},"edInstanceTypes":[{"tag":"TypeApp","contents":[{"tag":"TypeConstructor","contents":[["Data","Map"],"Map"]},{"tag":"TypeVar","contents":"k"}]}],"edInstanceConstraints":[{"constraintClass":[["Data","Eq"],"Eq"],"constraintArgs":[{"tag":"TypeVar","contents":"k"}],"constraintData":null}]}},{"EDInstance":{"edInstanceClassName":[["Data","Eq"],"Eq"],"edInstanceName":{"Ident":"eqMap"},"edInstanceTypes":[{"tag":"TypeApp","contents":[{"tag":"TypeApp","contents":[{"tag":"TypeConstructor","contents":[["Data","Map"],"Map"]},{"tag":"TypeVar","contents":"k"}]},{"tag":"TypeVar","contents":"v"}]}],"edInstanceConstraints":[{"constraintClass":[["Data","Eq"],"Eq"],"constraintArgs":[{"tag":"TypeVar","contents":"k"}],"constraintData":null},{"constraintClass":[["Data","Eq"],"Eq"],"constraintArgs":[{"tag":"TypeVar","contents":"v"}],"constraintData":null}]}},{"EDInstance":{"edInstanceClassName":[["Data","Ord"],"Ord1"],"edInstanceName":{"Ident":"ord1Map"},"edInstanceTypes":[{"tag":"TypeApp","contents":[{"tag":"TypeConstructor","contents":[["Data","Map"],"Map"]},{"tag":"TypeVar","contents":"k"}]}],"edInstanceConstraints":[{"constraintClass":[["Data","Ord"],"Ord"],"constraintArgs":[{"tag":"TypeVar","contents":"k"}],"constraintData":null}]}},{"EDInstance":{"edInstanceClassName":[["Data","Ord"],"Ord"],"edInstanceName":{"Ident":"ordMap"},"edInstanceTypes":[{"tag":"TypeApp","contents":[{"tag":"TypeApp","contents":[{"tag":"TypeConstructor","contents":[["Data","Map"],"Map"]},{"tag":"TypeVar","contents":"k"}]},{"tag":"TypeVar","contents":"v"}]}],"edInstanceConstraints":[{"constraintClass":[["Data","Ord"],"Ord"],"constraintArgs":[{"tag":"TypeVar","contents":"k"}],"constraintData":null},{"constraintClass":[["Data","Ord"],"Ord"],"constraintArgs":[{"tag":"TypeVar","contents":"v"}],"constraintData":null}]}},{"EDInstance":{"edInstanceClassName":[["Data","Show"],"Show"],"edInstanceName":{"Ident":"showMap"},"edInstanceTypes":[{"tag":"TypeApp","contents":[{"tag":"TypeApp","contents":[{"tag":"TypeConstructor","contents":[["Data","Map"],"Map"]},{"tag":"TypeVar","contents":"k"}]},{"tag":"TypeVar","contents":"v"}]}],"edInstanceConstraints":[{"constraintClass":[["Data","Show"],"Show"],"constraintArgs":[{"tag":"TypeVar","contents":"k"}],"constraintData":null},{"constraintClass":[["Data","Show"],"Show"],"constraintArgs":[{"tag":"TypeVar","contents":"v"}],"constraintData":null}]}},{"EDInstance":{"edInstanceClassName":[["Data","Semigroup"],"Semigroup"],"edInstanceName":{"Ident":"semigroupMap"},"edInstanceTypes":[{"tag":"TypeApp","contents":[{"tag":"TypeApp","contents":[{"tag":"TypeConstructor","contents":[["Data","Map"],"Map"]},{"tag":"TypeVar","contents":"k"}]},{"tag":"TypeVar","contents":"v"}]}],"edInstanceConstraints":[{"constraintClass":[["Data","Ord"],"Ord"],"constraintArgs":[{"tag":"TypeVar","contents":"k"}],"constraintData":null}]}},{"EDInstance":{"edInstanceClassName":[["Data","Monoid"],"Monoid"],"edInstanceName":{"Ident":"monoidMap"},"edInstanceTypes":[{"tag":"TypeApp","contents":[{"tag":"TypeApp","contents":[{"tag":"TypeConstructor","contents":[["Data","Map"],"Map"]},{"tag":"TypeVar","contents":"k"}]},{"tag":"TypeVar","contents":"v"}]}],"edInstanceConstraints":[{"constraintClass":[["Data","Ord"],"Ord"],"constraintArgs":[{"tag":"TypeVar","contents":"k"}],"constraintData":null}]}},{"EDInstance":{"edInstanceClassName":[["Data","Functor"],"Functor"],"edInstanceName":{"Ident":"functorMap"},"edInstanceTypes":[{"tag":"TypeApp","contents":[{"tag":"TypeConstructor","contents":[["Data","Map"],"Map"]},{"tag":"TypeVar","contents":"k"}]}],"edInstanceConstraints":[]}},{"EDInstance":{"edInstanceClassName":[["Data","Foldable"],"Foldable"],"edInstanceName":{"Ident":"foldableMap"},"edInstanceTypes":[{"tag":"TypeApp","contents":[{"tag":"TypeConstructor","contents":[["Data","Map"],"Map"]},{"tag":"TypeVar","contents":"k"}]}],"edInstanceConstraints":[]}},{"EDInstance":{"edInstanceClassName":[["Data","Traversable"],"Traversable"],"edInstanceName":{"Ident":"traversableMap"},"edInstanceTypes":[{"tag":"TypeApp","contents":[{"tag":"TypeConstructor","contents":[["Data","Map"],"Map"]},{"tag":"TypeVar","contents":"k"}]}],"edInstanceConstraints":[]}}],"efSourceSpan":{"start":[1,1],"name":"C:\\Users\\I344006\\purescript\\juspay_rotatecube\\bower_components\\purescript-maps\\src\\Data\\Map.purs","end":[609,42]}}