{"efVersion":"0.11.6","efModuleName":["Data","List","Types"],"efExports":[{"TypeRef":[{"start":[1,1],"name":"C:\\Users\\I344006\\purescript\\juspay_rotatecube\\bower_components\\purescript-lists\\src\\Data\\List\\Types.purs","end":[191,25]},"List",["Nil","Cons"]]},{"TypeRef":[{"start":[1,1],"name":"C:\\Users\\I344006\\purescript\\juspay_rotatecube\\bower_components\\purescript-lists\\src\\Data\\List\\Types.purs","end":[191,25]},"NonEmptyList",["NonEmptyList"]]},{"ValueRef":[{"start":[1,1],"name":"C:\\Users\\I344006\\purescript\\juspay_rotatecube\\bower_components\\purescript-lists\\src\\Data\\List\\Types.purs","end":[191,25]},{"Ident":"nelCons"}]},{"ValueRef":[{"start":[1,1],"name":"C:\\Users\\I344006\\purescript\\juspay_rotatecube\\bower_components\\purescript-lists\\src\\Data\\List\\Types.purs","end":[191,25]},{"Ident":"toList"}]},{"ValueOpRef":[{"start":[1,1],"name":"C:\\Users\\I344006\\purescript\\juspay_rotatecube\\bower_components\\purescript-lists\\src\\Data\\List\\Types.purs","end":[191,25]},":"]},{"TypeInstanceRef":[{"start":[0,0],"name":"<generated>","end":[0,0]},{"Ident":"showList"}]},{"TypeInstanceRef":[{"start":[0,0],"name":"<generated>","end":[0,0]},{"Ident":"eqList"}]},{"TypeInstanceRef":[{"start":[0,0],"name":"<generated>","end":[0,0]},{"Ident":"eq1List"}]},{"TypeInstanceRef":[{"start":[0,0],"name":"<generated>","end":[0,0]},{"Ident":"ordList"}]},{"TypeInstanceRef":[{"start":[0,0],"name":"<generated>","end":[0,0]},{"Ident":"ord1List"}]},{"TypeInstanceRef":[{"start":[0,0],"name":"<generated>","end":[0,0]},{"Ident":"semigroupList"}]},{"TypeInstanceRef":[{"start":[0,0],"name":"<generated>","end":[0,0]},{"Ident":"monoidList"}]},{"TypeInstanceRef":[{"start":[0,0],"name":"<generated>","end":[0,0]},{"Ident":"functorList"}]},{"TypeInstanceRef":[{"start":[0,0],"name":"<generated>","end":[0,0]},{"Ident":"foldableList"}]},{"TypeInstanceRef":[{"start":[0,0],"name":"<generated>","end":[0,0]},{"Ident":"unfoldableList"}]},{"TypeInstanceRef":[{"start":[0,0],"name":"<generated>","end":[0,0]},{"Ident":"traversableList"}]},{"TypeInstanceRef":[{"start":[0,0],"name":"<generated>","end":[0,0]},{"Ident":"applyList"}]},{"TypeInstanceRef":[{"start":[0,0],"name":"<generated>","end":[0,0]},{"Ident":"applicativeList"}]},{"TypeInstanceRef":[{"start":[0,0],"name":"<generated>","end":[0,0]},{"Ident":"bindList"}]},{"TypeInstanceRef":[{"start":[0,0],"name":"<generated>","end":[0,0]},{"Ident":"monadList"}]},{"TypeInstanceRef":[{"start":[0,0],"name":"<generated>","end":[0,0]},{"Ident":"altList"}]},{"TypeInstanceRef":[{"start":[0,0],"name":"<generated>","end":[0,0]},{"Ident":"plusList"}]},{"TypeInstanceRef":[{"start":[0,0],"name":"<generated>","end":[0,0]},{"Ident":"alternativeList"}]},{"TypeInstanceRef":[{"start":[0,0],"name":"<generated>","end":[0,0]},{"Ident":"monadZeroList"}]},{"TypeInstanceRef":[{"start":[0,0],"name":"<generated>","end":[0,0]},{"Ident":"monadPlusList"}]},{"TypeInstanceRef":[{"start":[0,0],"name":"<generated>","end":[0,0]},{"Ident":"extendList"}]},{"TypeInstanceRef":[{"start":[0,0],"name":"<generated>","end":[0,0]},{"Ident":"newtypeNonEmptyList"}]},{"TypeInstanceRef":[{"start":[0,0],"name":"<generated>","end":[0,0]},{"Ident":"eqNonEmptyList"}]},{"TypeInstanceRef":[{"start":[0,0],"name":"<generated>","end":[0,0]},{"Ident":"ordNonEmptyList"}]},{"TypeInstanceRef":[{"start":[0,0],"name":"<generated>","end":[0,0]},{"Ident":"showNonEmptyList"}]},{"TypeInstanceRef":[{"start":[0,0],"name":"<generated>","end":[0,0]},{"Ident":"functorNonEmptyList"}]},{"TypeInstanceRef":[{"start":[0,0],"name":"<generated>","end":[0,0]},{"Ident":"applyNonEmptyList"}]},{"TypeInstanceRef":[{"start":[0,0],"name":"<generated>","end":[0,0]},{"Ident":"applicativeNonEmptyList"}]},{"TypeInstanceRef":[{"start":[0,0],"name":"<generated>","end":[0,0]},{"Ident":"bindNonEmptyList"}]},{"TypeInstanceRef":[{"start":[0,0],"name":"<generated>","end":[0,0]},{"Ident":"monadNonEmptyList"}]},{"TypeInstanceRef":[{"start":[0,0],"name":"<generated>","end":[0,0]},{"Ident":"altNonEmptyList"}]},{"TypeInstanceRef":[{"start":[0,0],"name":"<generated>","end":[0,0]},{"Ident":"extendNonEmptyList"}]},{"TypeInstanceRef":[{"start":[0,0],"name":"<generated>","end":[0,0]},{"Ident":"comonadNonEmptyList"}]},{"TypeInstanceRef":[{"start":[0,0],"name":"<generated>","end":[0,0]},{"Ident":"semigroupNonEmptyList"}]},{"TypeInstanceRef":[{"start":[0,0],"name":"<generated>","end":[0,0]},{"Ident":"foldableNonEmptyList"}]},{"TypeInstanceRef":[{"start":[0,0],"name":"<generated>","end":[0,0]},{"Ident":"traversableNonEmptyList"}]},{"TypeInstanceRef":[{"start":[0,0],"name":"<generated>","end":[0,0]},{"Ident":"foldable1NonEmptyList"}]},{"TypeInstanceRef":[{"start":[0,0],"name":"<generated>","end":[0,0]},{"Ident":"traversable1NonEmptyList"}]}],"efImports":[{"eiModule":["Prim"],"eiImportType":{"Implicit":[]},"eiImportedAs":null},{"eiModule":["Prim"],"eiImportType":{"Implicit":[]},"eiImportedAs":["Prim"]},{"eiModule":["Prelude"],"eiImportType":{"Implicit":[]},"eiImportedAs":null},{"eiModule":["Control","Alt"],"eiImportType":{"Explicit":[{"TypeClassRef":[{"start":[5,21],"name":"C:\\Users\\I344006\\purescript\\juspay_rotatecube\\bower_components\\purescript-lists\\src\\Data\\List\\Types.purs","end":[5,30]},"Alt"]}]},"eiImportedAs":null},{"eiModule":["Control","Alternative"],"eiImportType":{"Explicit":[{"TypeClassRef":[{"start":[6,29],"name":"C:\\Users\\I344006\\purescript\\juspay_rotatecube\\bower_components\\purescript-lists\\src\\Data\\List\\Types.purs","end":[6,46]},"Alternative"]}]},"eiImportedAs":null},{"eiModule":["Control","Apply"],"eiImportType":{"Explicit":[{"ValueRef":[{"start":[7,23],"name":"C:\\Users\\I344006\\purescript\\juspay_rotatecube\\bower_components\\purescript-lists\\src\\Data\\List\\Types.purs","end":[7,28]},{"Ident":"lift2"}]}]},"eiImportedAs":null},{"eiModule":["Control","Comonad"],"eiImportType":{"Explicit":[{"TypeClassRef":[{"start":[8,25],"name":"C:\\Users\\I344006\\purescript\\juspay_rotatecube\\bower_components\\purescript-lists\\src\\Data\\List\\Types.purs","end":[8,38]},"Comonad"]}]},"eiImportedAs":null},{"eiModule":["Control","Extend"],"eiImportType":{"Explicit":[{"TypeClassRef":[{"start":[9,24],"name":"C:\\Users\\I344006\\purescript\\juspay_rotatecube\\bower_components\\purescript-lists\\src\\Data\\List\\Types.purs","end":[9,36]},"Extend"]}]},"eiImportedAs":null},{"eiModule":["Control","MonadPlus"],"eiImportType":{"Explicit":[{"TypeClassRef":[{"start":[10,27],"name":"C:\\Users\\I344006\\purescript\\juspay_rotatecube\\bower_components\\purescript-lists\\src\\Data\\List\\Types.purs","end":[10,42]},"MonadPlus"]}]},"eiImportedAs":null},{"eiModule":["Control","MonadZero"],"eiImportType":{"Explicit":[{"TypeClassRef":[{"start":[11,27],"name":"C:\\Users\\I344006\\purescript\\juspay_rotatecube\\bower_components\\purescript-lists\\src\\Data\\List\\Types.purs","end":[11,42]},"MonadZero"]}]},"eiImportedAs":null},{"eiModule":["Control","Plus"],"eiImportType":{"Explicit":[{"TypeClassRef":[{"start":[12,22],"name":"C:\\Users\\I344006\\purescript\\juspay_rotatecube\\bower_components\\purescript-lists\\src\\Data\\List\\Types.purs","end":[12,32]},"Plus"]}]},"eiImportedAs":null},{"eiModule":["Data","Eq"],"eiImportType":{"Explicit":[{"TypeClassRef":[{"start":[14,17],"name":"C:\\Users\\I344006\\purescript\\juspay_rotatecube\\bower_components\\purescript-lists\\src\\Data\\List\\Types.purs","end":[14,26]},"Eq1"]},{"ValueRef":[{"start":[14,28],"name":"C:\\Users\\I344006\\purescript\\juspay_rotatecube\\bower_components\\purescript-lists\\src\\Data\\List\\Types.purs","end":[14,31]},{"Ident":"eq1"}]}]},"eiImportedAs":null},{"eiModule":["Data","Foldable"],"eiImportType":{"Explicit":[{"TypeClassRef":[{"start":[15,23],"name":"C:\\Users\\I344006\\purescript\\juspay_rotatecube\\bower_components\\purescript-lists\\src\\Data\\List\\Types.purs","end":[15,37]},"Foldable"]},{"ValueRef":[{"start":[15,39],"name":"C:\\Users\\I344006\\purescript\\juspay_rotatecube\\bower_components\\purescript-lists\\src\\Data\\List\\Types.purs","end":[15,44]},{"Ident":"foldl"}]},{"ValueRef":[{"start":[15,46],"name":"C:\\Users\\I344006\\purescript\\juspay_rotatecube\\bower_components\\purescript-lists\\src\\Data\\List\\Types.purs","end":[15,51]},{"Ident":"foldr"}]},{"ValueRef":[{"start":[15,53],"name":"C:\\Users\\I344006\\purescript\\juspay_rotatecube\\bower_components\\purescript-lists\\src\\Data\\List\\Types.purs","end":[15,64]},{"Ident":"intercalate"}]}]},"eiImportedAs":null},{"eiModule":["Data","Maybe"],"eiImportType":{"Explicit":[{"TypeRef":[{"start":[16,20],"name":"C:\\Users\\I344006\\purescript\\juspay_rotatecube\\bower_components\\purescript-lists\\src\\Data\\List\\Types.purs","end":[16,29]},"Maybe",null]}]},"eiImportedAs":null},{"eiModule":["Data","Monoid"],"eiImportType":{"Explicit":[{"TypeClassRef":[{"start":[17,21],"name":"C:\\Users\\I344006\\purescript\\juspay_rotatecube\\bower_components\\purescript-lists\\src\\Data\\List\\Types.purs","end":[17,33]},"Monoid"]},{"ValueRef":[{"start":[17,35],"name":"C:\\Users\\I344006\\purescript\\juspay_rotatecube\\bower_components\\purescript-lists\\src\\Data\\List\\Types.purs","end":[17,41]},{"Ident":"mempty"}]}]},"eiImportedAs":null},{"eiModule":["Data","Newtype"],"eiImportType":{"Explicit":[{"TypeClassRef":[{"start":[18,22],"name":"C:\\Users\\I344006\\purescript\\juspay_rotatecube\\bower_components\\purescript-lists\\src\\Data\\List\\Types.purs","end":[18,35]},"Newtype"]}]},"eiImportedAs":null},{"eiModule":["Data","NonEmpty"],"eiImportType":{"Explicit":[{"TypeRef":[{"start":[19,23],"name":"C:\\Users\\I344006\\purescript\\juspay_rotatecube\\bower_components\\purescript-lists\\src\\Data\\List\\Types.purs","end":[19,31]},"NonEmpty",[]]},{"ValueOpRef":[{"start":[19,33],"name":"C:\\Users\\I344006\\purescript\\juspay_rotatecube\\bower_components\\purescript-lists\\src\\Data\\List\\Types.purs","end":[19,37]},":|"]}]},"eiImportedAs":null},{"eiModule":["Data","NonEmpty"],"eiImportType":{"Implicit":[]},"eiImportedAs":["NE"]},{"eiModule":["Data","Ord"],"eiImportType":{"Explicit":[{"TypeClassRef":[{"start":[21,18],"name":"C:\\Users\\I344006\\purescript\\juspay_rotatecube\\bower_components\\purescript-lists\\src\\Data\\List\\Types.purs","end":[21,28]},"Ord1"]},{"ValueRef":[{"start":[21,30],"name":"C:\\Users\\I344006\\purescript\\juspay_rotatecube\\bower_components\\purescript-lists\\src\\Data\\List\\Types.purs","end":[21,38]},{"Ident":"compare1"}]}]},"eiImportedAs":null},{"eiModule":["Data","Semigroup","Foldable"],"eiImportType":{"Explicit":[{"TypeClassRef":[{"start":[22,33],"name":"C:\\Users\\I344006\\purescript\\juspay_rotatecube\\bower_components\\purescript-lists\\src\\Data\\List\\Types.purs","end":[22,48]},"Foldable1"]}]},"eiImportedAs":null},{"eiModule":["Data","Semigroup","Traversable"],"eiImportType":{"Explicit":[{"TypeClassRef":[{"start":[23,36],"name":"C:\\Users\\I344006\\purescript\\juspay_rotatecube\\bower_components\\purescript-lists\\src\\Data\\List\\Types.purs","end":[23,54]},"Traversable1"]},{"ValueRef":[{"start":[23,56],"name":"C:\\Users\\I344006\\purescript\\juspay_rotatecube\\bower_components\\purescript-lists\\src\\Data\\List\\Types.purs","end":[23,65]},{"Ident":"traverse1"}]}]},"eiImportedAs":null},{"eiModule":["Data","Traversable"],"eiImportType":{"Explicit":[{"TypeClassRef":[{"start":[24,26],"name":"C:\\Users\\I344006\\purescript\\juspay_rotatecube\\bower_components\\purescript-lists\\src\\Data\\List\\Types.purs","end":[24,43]},"Traversable"]},{"ValueRef":[{"start":[24,45],"name":"C:\\Users\\I344006\\purescript\\juspay_rotatecube\\bower_components\\purescript-lists\\src\\Data\\List\\Types.purs","end":[24,53]},{"Ident":"traverse"}]}]},"eiImportedAs":null},{"eiModule":["Data","Tuple"],"eiImportType":{"Explicit":[{"TypeRef":[{"start":[25,20],"name":"C:\\Users\\I344006\\purescript\\juspay_rotatecube\\bower_components\\purescript-lists\\src\\Data\\List\\Types.purs","end":[25,29]},"Tuple",null]}]},"eiImportedAs":null},{"eiModule":["Data","Unfoldable"],"eiImportType":{"Explicit":[{"TypeClassRef":[{"start":[26,25],"name":"C:\\Users\\I344006\\purescript\\juspay_rotatecube\\bower_components\\purescript-lists\\src\\Data\\List\\Types.purs","end":[26,41]},"Unfoldable"]}]},"eiImportedAs":null}],"efFixities":[{"efAssociativity":"infixr","efPrecedence":6,"efOperator":":","efAlias":[["Data","List","Types"],{"Right":"Cons"}]}],"efTypeFixities":[],"efDeclarations":[{"EDType":{"edTypeName":"List","edTypeKind":{"tag":"FunKind","contents":[{"tag":"NamedKind","contents":[["Prim"],"Type"]},{"tag":"NamedKind","contents":[["Prim"],"Type"]}]},"edTypeDeclarationKind":{"DataType":{"args":[["a",{"tag":"NamedKind","contents":[["Prim"],"Type"]}]],"ctors":[["Nil",[]],["Cons",[{"tag":"TypeVar","contents":"a"},{"tag":"TypeApp","contents":[{"tag":"TypeConstructor","contents":[["Data","List","Types"],"List"]},{"tag":"TypeVar","contents":"a"}]}]]]}}}},{"EDDataConstructor":{"edDataCtorName":"Nil","edDataCtorOrigin":"data","edDataCtorTypeCtor":"List","edDataCtorType":{"tag":"ForAll","contents":["a",{"tag":"TypeApp","contents":[{"tag":"TypeConstructor","contents":[["Data","List","Types"],"List"]},{"tag":"TypeVar","contents":"a"}]},null]},"edDataCtorFields":[]}},{"EDDataConstructor":{"edDataCtorName":"Cons","edDataCtorOrigin":"data","edDataCtorTypeCtor":"List","edDataCtorType":{"tag":"ForAll","contents":["a",{"tag":"TypeApp","contents":[{"tag":"TypeApp","contents":[{"tag":"TypeConstructor","contents":[["Prim"],"Function"]},{"tag":"TypeVar","contents":"a"}]},{"tag":"TypeApp","contents":[{"tag":"TypeApp","contents":[{"tag":"TypeConstructor","contents":[["Prim"],"Function"]},{"tag":"TypeApp","contents":[{"tag":"TypeConstructor","contents":[["Data","List","Types"],"List"]},{"tag":"TypeVar","contents":"a"}]}]},{"tag":"TypeApp","contents":[{"tag":"TypeConstructor","contents":[["Data","List","Types"],"List"]},{"tag":"TypeVar","contents":"a"}]}]}]},null]},"edDataCtorFields":[{"Ident":"value0"},{"Ident":"value1"}]}},{"EDType":{"edTypeName":"NonEmptyList","edTypeKind":{"tag":"FunKind","contents":[{"tag":"NamedKind","contents":[["Prim"],"Type"]},{"tag":"NamedKind","contents":[["Prim"],"Type"]}]},"edTypeDeclarationKind":{"DataType":{"args":[["a",{"tag":"NamedKind","contents":[["Prim"],"Type"]}]],"ctors":[["NonEmptyList",[{"tag":"TypeApp","contents":[{"tag":"TypeApp","contents":[{"tag":"TypeConstructor","contents":[["Data","NonEmpty"],"NonEmpty"]},{"tag":"TypeConstructor","contents":[["Data","List","Types"],"List"]}]},{"tag":"TypeVar","contents":"a"}]}]]]}}}},{"EDDataConstructor":{"edDataCtorName":"NonEmptyList","edDataCtorOrigin":"newtype","edDataCtorTypeCtor":"NonEmptyList","edDataCtorType":{"tag":"ForAll","contents":["a",{"tag":"TypeApp","contents":[{"tag":"TypeApp","contents":[{"tag":"TypeConstructor","contents":[["Prim"],"Function"]},{"tag":"TypeApp","contents":[{"tag":"TypeApp","contents":[{"tag":"TypeConstructor","contents":[["Data","NonEmpty"],"NonEmpty"]},{"tag":"TypeConstructor","contents":[["Data","List","Types"],"List"]}]},{"tag":"TypeVar","contents":"a"}]}]},{"tag":"TypeApp","contents":[{"tag":"TypeConstructor","contents":[["Data","List","Types"],"NonEmptyList"]},{"tag":"TypeVar","contents":"a"}]}]},null]},"edDataCtorFields":[{"Ident":"value0"}]}},{"EDValue":{"edValueName":{"Ident":"nelCons"},"edValueType":{"tag":"ForAll","contents":["a",{"tag":"TypeApp","contents":[{"tag":"TypeApp","contents":[{"tag":"TypeConstructor","contents":[["Prim"],"Function"]},{"tag":"TypeVar","contents":"a"}]},{"tag":"TypeApp","contents":[{"tag":"TypeApp","contents":[{"tag":"TypeConstructor","contents":[["Prim"],"Function"]},{"tag":"TypeApp","contents":[{"tag":"TypeConstructor","contents":[["Data","List","Types"],"NonEmptyList"]},{"tag":"TypeVar","contents":"a"}]}]},{"tag":"TypeApp","contents":[{"tag":"TypeConstructor","contents":[["Data","List","Types"],"NonEmptyList"]},{"tag":"TypeVar","contents":"a"}]}]}]},68]}}},{"EDValue":{"edValueName":{"Ident":"toList"},"edValueType":{"tag":"ForAll","contents":["a",{"tag":"TypeApp","contents":[{"tag":"TypeApp","contents":[{"tag":"TypeConstructor","contents":[["Prim"],"Function"]},{"tag":"TypeApp","contents":[{"tag":"TypeConstructor","contents":[["Data","List","Types"],"NonEmptyList"]},{"tag":"TypeVar","contents":"a"}]}]},{"tag":"TypeApp","contents":[{"tag":"TypeConstructor","contents":[["Data","List","Types"],"List"]},{"tag":"TypeVar","contents":"a"}]}]},41]}}},{"EDInstance":{"edInstanceClassName":[["Data","Show"],"Show"],"edInstanceName":{"Ident":"showList"},"edInstanceTypes":[{"tag":"TypeApp","contents":[{"tag":"TypeConstructor","contents":[["Data","List","Types"],"List"]},{"tag":"TypeVar","contents":"a"}]}],"edInstanceConstraints":[{"constraintClass":[["Data","Show"],"Show"],"constraintArgs":[{"tag":"TypeVar","contents":"a"}],"constraintData":null}]}},{"EDInstance":{"edInstanceClassName":[["Data","Eq"],"Eq"],"edInstanceName":{"Ident":"eqList"},"edInstanceTypes":[{"tag":"TypeApp","contents":[{"tag":"TypeConstructor","contents":[["Data","List","Types"],"List"]},{"tag":"TypeVar","contents":"a"}]}],"edInstanceConstraints":[{"constraintClass":[["Data","Eq"],"Eq"],"constraintArgs":[{"tag":"TypeVar","contents":"a"}],"constraintData":null}]}},{"EDInstance":{"edInstanceClassName":[["Data","Eq"],"Eq1"],"edInstanceName":{"Ident":"eq1List"},"edInstanceTypes":[{"tag":"TypeConstructor","contents":[["Data","List","Types"],"List"]}],"edInstanceConstraints":[]}},{"EDInstance":{"edInstanceClassName":[["Data","Ord"],"Ord"],"edInstanceName":{"Ident":"ordList"},"edInstanceTypes":[{"tag":"TypeApp","contents":[{"tag":"TypeConstructor","contents":[["Data","List","Types"],"List"]},{"tag":"TypeVar","contents":"a"}]}],"edInstanceConstraints":[{"constraintClass":[["Data","Ord"],"Ord"],"constraintArgs":[{"tag":"TypeVar","contents":"a"}],"constraintData":null}]}},{"EDInstance":{"edInstanceClassName":[["Data","Ord"],"Ord1"],"edInstanceName":{"Ident":"ord1List"},"edInstanceTypes":[{"tag":"TypeConstructor","contents":[["Data","List","Types"],"List"]}],"edInstanceConstraints":[]}},{"EDInstance":{"edInstanceClassName":[["Data","Semigroup"],"Semigroup"],"edInstanceName":{"Ident":"semigroupList"},"edInstanceTypes":[{"tag":"TypeApp","contents":[{"tag":"TypeConstructor","contents":[["Data","List","Types"],"List"]},{"tag":"TypeVar","contents":"a"}]}],"edInstanceConstraints":[]}},{"EDInstance":{"edInstanceClassName":[["Data","Monoid"],"Monoid"],"edInstanceName":{"Ident":"monoidList"},"edInstanceTypes":[{"tag":"TypeApp","contents":[{"tag":"TypeConstructor","contents":[["Data","List","Types"],"List"]},{"tag":"TypeVar","contents":"a"}]}],"edInstanceConstraints":[]}},{"EDInstance":{"edInstanceClassName":[["Data","Functor"],"Functor"],"edInstanceName":{"Ident":"functorList"},"edInstanceTypes":[{"tag":"TypeConstructor","contents":[["Data","List","Types"],"List"]}],"edInstanceConstraints":[]}},{"EDInstance":{"edInstanceClassName":[["Data","Foldable"],"Foldable"],"edInstanceName":{"Ident":"foldableList"},"edInstanceTypes":[{"tag":"TypeConstructor","contents":[["Data","List","Types"],"List"]}],"edInstanceConstraints":[]}},{"EDInstance":{"edInstanceClassName":[["Data","Unfoldable"],"Unfoldable"],"edInstanceName":{"Ident":"unfoldableList"},"edInstanceTypes":[{"tag":"TypeConstructor","contents":[["Data","List","Types"],"List"]}],"edInstanceConstraints":[]}},{"EDInstance":{"edInstanceClassName":[["Data","Traversable"],"Traversable"],"edInstanceName":{"Ident":"traversableList"},"edInstanceTypes":[{"tag":"TypeConstructor","contents":[["Data","List","Types"],"List"]}],"edInstanceConstraints":[]}},{"EDInstance":{"edInstanceClassName":[["Control","Apply"],"Apply"],"edInstanceName":{"Ident":"applyList"},"edInstanceTypes":[{"tag":"TypeConstructor","contents":[["Data","List","Types"],"List"]}],"edInstanceConstraints":[]}},{"EDInstance":{"edInstanceClassName":[["Control","Applicative"],"Applicative"],"edInstanceName":{"Ident":"applicativeList"},"edInstanceTypes":[{"tag":"TypeConstructor","contents":[["Data","List","Types"],"List"]}],"edInstanceConstraints":[]}},{"EDInstance":{"edInstanceClassName":[["Control","Bind"],"Bind"],"edInstanceName":{"Ident":"bindList"},"edInstanceTypes":[{"tag":"TypeConstructor","contents":[["Data","List","Types"],"List"]}],"edInstanceConstraints":[]}},{"EDInstance":{"edInstanceClassName":[["Control","Monad"],"Monad"],"edInstanceName":{"Ident":"monadList"},"edInstanceTypes":[{"tag":"TypeConstructor","contents":[["Data","List","Types"],"List"]}],"edInstanceConstraints":[]}},{"EDInstance":{"edInstanceClassName":[["Control","Alt"],"Alt"],"edInstanceName":{"Ident":"altList"},"edInstanceTypes":[{"tag":"TypeConstructor","contents":[["Data","List","Types"],"List"]}],"edInstanceConstraints":[]}},{"EDInstance":{"edInstanceClassName":[["Control","Plus"],"Plus"],"edInstanceName":{"Ident":"plusList"},"edInstanceTypes":[{"tag":"TypeConstructor","contents":[["Data","List","Types"],"List"]}],"edInstanceConstraints":[]}},{"EDInstance":{"edInstanceClassName":[["Control","Alternative"],"Alternative"],"edInstanceName":{"Ident":"alternativeList"},"edInstanceTypes":[{"tag":"TypeConstructor","contents":[["Data","List","Types"],"List"]}],"edInstanceConstraints":[]}},{"EDInstance":{"edInstanceClassName":[["Control","MonadZero"],"MonadZero"],"edInstanceName":{"Ident":"monadZeroList"},"edInstanceTypes":[{"tag":"TypeConstructor","contents":[["Data","List","Types"],"List"]}],"edInstanceConstraints":[]}},{"EDInstance":{"edInstanceClassName":[["Control","MonadPlus"],"MonadPlus"],"edInstanceName":{"Ident":"monadPlusList"},"edInstanceTypes":[{"tag":"TypeConstructor","contents":[["Data","List","Types"],"List"]}],"edInstanceConstraints":[]}},{"EDInstance":{"edInstanceClassName":[["Control","Extend"],"Extend"],"edInstanceName":{"Ident":"extendList"},"edInstanceTypes":[{"tag":"TypeConstructor","contents":[["Data","List","Types"],"List"]}],"edInstanceConstraints":[]}},{"EDInstance":{"edInstanceClassName":[["Data","Newtype"],"Newtype"],"edInstanceName":{"Ident":"newtypeNonEmptyList"},"edInstanceTypes":[{"tag":"TypeApp","contents":[{"tag":"TypeConstructor","contents":[["Data","List","Types"],"NonEmptyList"]},{"tag":"TypeVar","contents":"a"}]},{"tag":"TypeApp","contents":[{"tag":"TypeApp","contents":[{"tag":"TypeConstructor","contents":[["Data","NonEmpty"],"NonEmpty"]},{"tag":"TypeConstructor","contents":[["Data","List","Types"],"List"]}]},{"tag":"TypeVar","contents":"a"}]}],"edInstanceConstraints":[]}},{"EDInstance":{"edInstanceClassName":[["Data","Eq"],"Eq"],"edInstanceName":{"Ident":"eqNonEmptyList"},"edInstanceTypes":[{"tag":"TypeApp","contents":[{"tag":"TypeConstructor","contents":[["Data","List","Types"],"NonEmptyList"]},{"tag":"TypeVar","contents":"a"}]}],"edInstanceConstraints":[{"constraintClass":[["Data","Eq"],"Eq"],"constraintArgs":[{"tag":"TypeVar","contents":"a"}],"constraintData":null}]}},{"EDInstance":{"edInstanceClassName":[["Data","Ord"],"Ord"],"edInstanceName":{"Ident":"ordNonEmptyList"},"edInstanceTypes":[{"tag":"TypeApp","contents":[{"tag":"TypeConstructor","contents":[["Data","List","Types"],"NonEmptyList"]},{"tag":"TypeVar","contents":"a"}]}],"edInstanceConstraints":[{"constraintClass":[["Data","Ord"],"Ord"],"constraintArgs":[{"tag":"TypeVar","contents":"a"}],"constraintData":null}]}},{"EDInstance":{"edInstanceClassName":[["Data","Show"],"Show"],"edInstanceName":{"Ident":"showNonEmptyList"},"edInstanceTypes":[{"tag":"TypeApp","contents":[{"tag":"TypeConstructor","contents":[["Data","List","Types"],"NonEmptyList"]},{"tag":"TypeVar","contents":"a"}]}],"edInstanceConstraints":[{"constraintClass":[["Data","Show"],"Show"],"constraintArgs":[{"tag":"TypeVar","contents":"a"}],"constraintData":null}]}},{"EDInstance":{"edInstanceClassName":[["Data","Functor"],"Functor"],"edInstanceName":{"Ident":"functorNonEmptyList"},"edInstanceTypes":[{"tag":"TypeConstructor","contents":[["Data","List","Types"],"NonEmptyList"]}],"edInstanceConstraints":[]}},{"EDInstance":{"edInstanceClassName":[["Control","Apply"],"Apply"],"edInstanceName":{"Ident":"applyNonEmptyList"},"edInstanceTypes":[{"tag":"TypeConstructor","contents":[["Data","List","Types"],"NonEmptyList"]}],"edInstanceConstraints":[]}},{"EDInstance":{"edInstanceClassName":[["Control","Applicative"],"Applicative"],"edInstanceName":{"Ident":"applicativeNonEmptyList"},"edInstanceTypes":[{"tag":"TypeConstructor","contents":[["Data","List","Types"],"NonEmptyList"]}],"edInstanceConstraints":[]}},{"EDInstance":{"edInstanceClassName":[["Control","Bind"],"Bind"],"edInstanceName":{"Ident":"bindNonEmptyList"},"edInstanceTypes":[{"tag":"TypeConstructor","contents":[["Data","List","Types"],"NonEmptyList"]}],"edInstanceConstraints":[]}},{"EDInstance":{"edInstanceClassName":[["Control","Monad"],"Monad"],"edInstanceName":{"Ident":"monadNonEmptyList"},"edInstanceTypes":[{"tag":"TypeConstructor","contents":[["Data","List","Types"],"NonEmptyList"]}],"edInstanceConstraints":[]}},{"EDInstance":{"edInstanceClassName":[["Control","Alt"],"Alt"],"edInstanceName":{"Ident":"altNonEmptyList"},"edInstanceTypes":[{"tag":"TypeConstructor","contents":[["Data","List","Types"],"NonEmptyList"]}],"edInstanceConstraints":[]}},{"EDInstance":{"edInstanceClassName":[["Control","Extend"],"Extend"],"edInstanceName":{"Ident":"extendNonEmptyList"},"edInstanceTypes":[{"tag":"TypeConstructor","contents":[["Data","List","Types"],"NonEmptyList"]}],"edInstanceConstraints":[]}},{"EDInstance":{"edInstanceClassName":[["Control","Comonad"],"Comonad"],"edInstanceName":{"Ident":"comonadNonEmptyList"},"edInstanceTypes":[{"tag":"TypeConstructor","contents":[["Data","List","Types"],"NonEmptyList"]}],"edInstanceConstraints":[]}},{"EDInstance":{"edInstanceClassName":[["Data","Semigroup"],"Semigroup"],"edInstanceName":{"Ident":"semigroupNonEmptyList"},"edInstanceTypes":[{"tag":"TypeApp","contents":[{"tag":"TypeConstructor","contents":[["Data","List","Types"],"NonEmptyList"]},{"tag":"TypeVar","contents":"a"}]}],"edInstanceConstraints":[]}},{"EDInstance":{"edInstanceClassName":[["Data","Foldable"],"Foldable"],"edInstanceName":{"Ident":"foldableNonEmptyList"},"edInstanceTypes":[{"tag":"TypeConstructor","contents":[["Data","List","Types"],"NonEmptyList"]}],"edInstanceConstraints":[]}},{"EDInstance":{"edInstanceClassName":[["Data","Traversable"],"Traversable"],"edInstanceName":{"Ident":"traversableNonEmptyList"},"edInstanceTypes":[{"tag":"TypeConstructor","contents":[["Data","List","Types"],"NonEmptyList"]}],"edInstanceConstraints":[]}},{"EDInstance":{"edInstanceClassName":[["Data","Semigroup","Foldable"],"Foldable1"],"edInstanceName":{"Ident":"foldable1NonEmptyList"},"edInstanceTypes":[{"tag":"TypeConstructor","contents":[["Data","List","Types"],"NonEmptyList"]}],"edInstanceConstraints":[]}},{"EDInstance":{"edInstanceClassName":[["Data","Semigroup","Traversable"],"Traversable1"],"edInstanceName":{"Ident":"traversable1NonEmptyList"},"edInstanceTypes":[{"tag":"TypeConstructor","contents":[["Data","List","Types"],"NonEmptyList"]}],"edInstanceConstraints":[]}}],"efSourceSpan":{"start":[1,1],"name":"C:\\Users\\I344006\\purescript\\juspay_rotatecube\\bower_components\\purescript-lists\\src\\Data\\List\\Types.purs","end":[191,25]}}