{"efVersion":"0.11.6","efModuleName":["Data","String","Regex","Unsafe"],"efExports":[{"ValueRef":[{"start":[1,1],"name":"C:\\Users\\I344006\\purescript\\juspay_rotatecube\\bower_components\\purescript-strings\\src\\Data\\String\\Regex\\Unsafe.purs","end":[14,53]},{"Ident":"unsafeRegex"}]}],"efImports":[{"eiModule":["Prim"],"eiImportType":{"Implicit":[]},"eiImportedAs":null},{"eiModule":["Prim"],"eiImportType":{"Implicit":[]},"eiImportedAs":["Prim"]},{"eiModule":["Data","Either"],"eiImportType":{"Explicit":[{"ValueRef":[{"start":[5,21],"name":"C:\\Users\\I344006\\purescript\\juspay_rotatecube\\bower_components\\purescript-strings\\src\\Data\\String\\Regex\\Unsafe.purs","end":[5,30]},{"Ident":"fromRight"}]}]},"eiImportedAs":null},{"eiModule":["Data","String","Regex"],"eiImportType":{"Explicit":[{"TypeRef":[{"start":[6,27],"name":"C:\\Users\\I344006\\purescript\\juspay_rotatecube\\bower_components\\purescript-strings\\src\\Data\\String\\Regex\\Unsafe.purs","end":[6,32]},"Regex",[]]},{"ValueRef":[{"start":[6,34],"name":"C:\\Users\\I344006\\purescript\\juspay_rotatecube\\bower_components\\purescript-strings\\src\\Data\\String\\Regex\\Unsafe.purs","end":[6,39]},{"Ident":"regex"}]}]},"eiImportedAs":null},{"eiModule":["Data","String","Regex","Flags"],"eiImportType":{"Explicit":[{"TypeRef":[{"start":[7,33],"name":"C:\\Users\\I344006\\purescript\\juspay_rotatecube\\bower_components\\purescript-strings\\src\\Data\\String\\Regex\\Unsafe.purs","end":[7,43]},"RegexFlags",[]]}]},"eiImportedAs":null},{"eiModule":["Partial","Unsafe"],"eiImportType":{"Explicit":[{"ValueRef":[{"start":[9,24],"name":"C:\\Users\\I344006\\purescript\\juspay_rotatecube\\bower_components\\purescript-strings\\src\\Data\\String\\Regex\\Unsafe.purs","end":[9,37]},{"Ident":"unsafePartial"}]}]},"eiImportedAs":null}],"efFixities":[],"efTypeFixities":[],"efDeclarations":[{"EDValue":{"edValueName":{"Ident":"unsafeRegex"},"edValueType":{"tag":"TypeApp","contents":[{"tag":"TypeApp","contents":[{"tag":"TypeConstructor","contents":[["Prim"],"Function"]},{"tag":"TypeConstructor","contents":[["Prim"],"String"]}]},{"tag":"TypeApp","contents":[{"tag":"TypeApp","contents":[{"tag":"TypeConstructor","contents":[["Prim"],"Function"]},{"tag":"TypeConstructor","contents":[["Data","String","Regex","Flags"],"RegexFlags"]}]},{"tag":"TypeConstructor","contents":[["Data","String","Regex"],"Regex"]}]}]}}}],"efSourceSpan":{"start":[1,1],"name":"C:\\Users\\I344006\\purescript\\juspay_rotatecube\\bower_components\\purescript-strings\\src\\Data\\String\\Regex\\Unsafe.purs","end":[14,53]}}