{"efVersion":"0.11.6","efModuleName":["Data","String","CodePoints"],"efExports":[{"TypeRef":[{"start":[1,1],"name":"C:\\Users\\I344006\\purescript\\juspay_rotatecube\\bower_components\\purescript-strings\\src\\Data\\String\\CodePoints.purs","end":[284,62]},"CodePoint",[]]},{"ReExportRef":[{"start":[1,1],"name":"C:\\Users\\I344006\\purescript\\juspay_rotatecube\\bower_components\\purescript-strings\\src\\Data\\String\\CodePoints.purs","end":[284,62]},["Data","String"],{"TypeRef":[{"start":[1,1],"name":"C:\\Users\\I344006\\purescript\\juspay_rotatecube\\bower_components\\purescript-strings\\src\\Data\\String\\CodePoints.purs","end":[284,62]},"Pattern",["Pattern"]]}]},{"ReExportRef":[{"start":[1,1],"name":"C:\\Users\\I344006\\purescript\\juspay_rotatecube\\bower_components\\purescript-strings\\src\\Data\\String\\CodePoints.purs","end":[284,62]},["Data","String"],{"TypeRef":[{"start":[1,1],"name":"C:\\Users\\I344006\\purescript\\juspay_rotatecube\\bower_components\\purescript-strings\\src\\Data\\String\\CodePoints.purs","end":[284,62]},"Replacement",["Replacement"]]}]},{"ReExportRef":[{"start":[1,1],"name":"C:\\Users\\I344006\\purescript\\juspay_rotatecube\\bower_components\\purescript-strings\\src\\Data\\String\\CodePoints.purs","end":[284,62]},["Data","String"],{"ValueRef":[{"start":[1,1],"name":"C:\\Users\\I344006\\purescript\\juspay_rotatecube\\bower_components\\purescript-strings\\src\\Data\\String\\CodePoints.purs","end":[284,62]},{"Ident":"charAt"}]}]},{"ReExportRef":[{"start":[1,1],"name":"C:\\Users\\I344006\\purescript\\juspay_rotatecube\\bower_components\\purescript-strings\\src\\Data\\String\\CodePoints.purs","end":[284,62]},["Data","String"],{"ValueRef":[{"start":[1,1],"name":"C:\\Users\\I344006\\purescript\\juspay_rotatecube\\bower_components\\purescript-strings\\src\\Data\\String\\CodePoints.purs","end":[284,62]},{"Ident":"charCodeAt"}]}]},{"ValueRef":[{"start":[1,1],"name":"C:\\Users\\I344006\\purescript\\juspay_rotatecube\\bower_components\\purescript-strings\\src\\Data\\String\\CodePoints.purs","end":[284,62]},{"Ident":"codePointAt"}]},{"ValueRef":[{"start":[1,1],"name":"C:\\Users\\I344006\\purescript\\juspay_rotatecube\\bower_components\\purescript-strings\\src\\Data\\String\\CodePoints.purs","end":[284,62]},{"Ident":"codePointFromInt"}]},{"ValueRef":[{"start":[1,1],"name":"C:\\Users\\I344006\\purescript\\juspay_rotatecube\\bower_components\\purescript-strings\\src\\Data\\String\\CodePoints.purs","end":[284,62]},{"Ident":"codePointToInt"}]},{"ReExportRef":[{"start":[1,1],"name":"C:\\Users\\I344006\\purescript\\juspay_rotatecube\\bower_components\\purescript-strings\\src\\Data\\String\\CodePoints.purs","end":[284,62]},["Data","String"],{"ValueRef":[{"start":[1,1],"name":"C:\\Users\\I344006\\purescript\\juspay_rotatecube\\bower_components\\purescript-strings\\src\\Data\\String\\CodePoints.purs","end":[284,62]},{"Ident":"contains"}]}]},{"ValueRef":[{"start":[1,1],"name":"C:\\Users\\I344006\\purescript\\juspay_rotatecube\\bower_components\\purescript-strings\\src\\Data\\String\\CodePoints.purs","end":[284,62]},{"Ident":"count"}]},{"ValueRef":[{"start":[1,1],"name":"C:\\Users\\I344006\\purescript\\juspay_rotatecube\\bower_components\\purescript-strings\\src\\Data\\String\\CodePoints.purs","end":[284,62]},{"Ident":"drop"}]},{"ValueRef":[{"start":[1,1],"name":"C:\\Users\\I344006\\purescript\\juspay_rotatecube\\bower_components\\purescript-strings\\src\\Data\\String\\CodePoints.purs","end":[284,62]},{"Ident":"dropWhile"}]},{"ReExportRef":[{"start":[1,1],"name":"C:\\Users\\I344006\\purescript\\juspay_rotatecube\\bower_components\\purescript-strings\\src\\Data\\String\\CodePoints.purs","end":[284,62]},["Data","String"],{"ValueRef":[{"start":[1,1],"name":"C:\\Users\\I344006\\purescript\\juspay_rotatecube\\bower_components\\purescript-strings\\src\\Data\\String\\CodePoints.purs","end":[284,62]},{"Ident":"fromCharArray"}]}]},{"ValueRef":[{"start":[1,1],"name":"C:\\Users\\I344006\\purescript\\juspay_rotatecube\\bower_components\\purescript-strings\\src\\Data\\String\\CodePoints.purs","end":[284,62]},{"Ident":"fromCodePointArray"}]},{"ValueRef":[{"start":[1,1],"name":"C:\\Users\\I344006\\purescript\\juspay_rotatecube\\bower_components\\purescript-strings\\src\\Data\\String\\CodePoints.purs","end":[284,62]},{"Ident":"indexOf"}]},{"ValueRef":[{"start":[1,1],"name":"C:\\Users\\I344006\\purescript\\juspay_rotatecube\\bower_components\\purescript-strings\\src\\Data\\String\\CodePoints.purs","end":[284,62]},{"Ident":"indexOf'"}]},{"ReExportRef":[{"start":[1,1],"name":"C:\\Users\\I344006\\purescript\\juspay_rotatecube\\bower_components\\purescript-strings\\src\\Data\\String\\CodePoints.purs","end":[284,62]},["Data","String"],{"ValueRef":[{"start":[1,1],"name":"C:\\Users\\I344006\\purescript\\juspay_rotatecube\\bower_components\\purescript-strings\\src\\Data\\String\\CodePoints.purs","end":[284,62]},{"Ident":"joinWith"}]}]},{"ValueRef":[{"start":[1,1],"name":"C:\\Users\\I344006\\purescript\\juspay_rotatecube\\bower_components\\purescript-strings\\src\\Data\\String\\CodePoints.purs","end":[284,62]},{"Ident":"lastIndexOf"}]},{"ValueRef":[{"start":[1,1],"name":"C:\\Users\\I344006\\purescript\\juspay_rotatecube\\bower_components\\purescript-strings\\src\\Data\\String\\CodePoints.purs","end":[284,62]},{"Ident":"lastIndexOf'"}]},{"ValueRef":[{"start":[1,1],"name":"C:\\Users\\I344006\\purescript\\juspay_rotatecube\\bower_components\\purescript-strings\\src\\Data\\String\\CodePoints.purs","end":[284,62]},{"Ident":"length"}]},{"ReExportRef":[{"start":[1,1],"name":"C:\\Users\\I344006\\purescript\\juspay_rotatecube\\bower_components\\purescript-strings\\src\\Data\\String\\CodePoints.purs","end":[284,62]},["Data","String"],{"ValueRef":[{"start":[1,1],"name":"C:\\Users\\I344006\\purescript\\juspay_rotatecube\\bower_components\\purescript-strings\\src\\Data\\String\\CodePoints.purs","end":[284,62]},{"Ident":"localeCompare"}]}]},{"ReExportRef":[{"start":[1,1],"name":"C:\\Users\\I344006\\purescript\\juspay_rotatecube\\bower_components\\purescript-strings\\src\\Data\\String\\CodePoints.purs","end":[284,62]},["Data","String"],{"ValueRef":[{"start":[1,1],"name":"C:\\Users\\I344006\\purescript\\juspay_rotatecube\\bower_components\\purescript-strings\\src\\Data\\String\\CodePoints.purs","end":[284,62]},{"Ident":"null"}]}]},{"ReExportRef":[{"start":[1,1],"name":"C:\\Users\\I344006\\purescript\\juspay_rotatecube\\bower_components\\purescript-strings\\src\\Data\\String\\CodePoints.purs","end":[284,62]},["Data","String"],{"ValueRef":[{"start":[1,1],"name":"C:\\Users\\I344006\\purescript\\juspay_rotatecube\\bower_components\\purescript-strings\\src\\Data\\String\\CodePoints.purs","end":[284,62]},{"Ident":"replace"}]}]},{"ReExportRef":[{"start":[1,1],"name":"C:\\Users\\I344006\\purescript\\juspay_rotatecube\\bower_components\\purescript-strings\\src\\Data\\String\\CodePoints.purs","end":[284,62]},["Data","String"],{"ValueRef":[{"start":[1,1],"name":"C:\\Users\\I344006\\purescript\\juspay_rotatecube\\bower_components\\purescript-strings\\src\\Data\\String\\CodePoints.purs","end":[284,62]},{"Ident":"replaceAll"}]}]},{"ValueRef":[{"start":[1,1],"name":"C:\\Users\\I344006\\purescript\\juspay_rotatecube\\bower_components\\purescript-strings\\src\\Data\\String\\CodePoints.purs","end":[284,62]},{"Ident":"singleton"}]},{"ReExportRef":[{"start":[1,1],"name":"C:\\Users\\I344006\\purescript\\juspay_rotatecube\\bower_components\\purescript-strings\\src\\Data\\String\\CodePoints.purs","end":[284,62]},["Data","String"],{"ValueRef":[{"start":[1,1],"name":"C:\\Users\\I344006\\purescript\\juspay_rotatecube\\bower_components\\purescript-strings\\src\\Data\\String\\CodePoints.purs","end":[284,62]},{"Ident":"split"}]}]},{"ValueRef":[{"start":[1,1],"name":"C:\\Users\\I344006\\purescript\\juspay_rotatecube\\bower_components\\purescript-strings\\src\\Data\\String\\CodePoints.purs","end":[284,62]},{"Ident":"splitAt"}]},{"ReExportRef":[{"start":[1,1],"name":"C:\\Users\\I344006\\purescript\\juspay_rotatecube\\bower_components\\purescript-strings\\src\\Data\\String\\CodePoints.purs","end":[284,62]},["Data","String"],{"ValueRef":[{"start":[1,1],"name":"C:\\Users\\I344006\\purescript\\juspay_rotatecube\\bower_components\\purescript-strings\\src\\Data\\String\\CodePoints.purs","end":[284,62]},{"Ident":"stripPrefix"}]}]},{"ReExportRef":[{"start":[1,1],"name":"C:\\Users\\I344006\\purescript\\juspay_rotatecube\\bower_components\\purescript-strings\\src\\Data\\String\\CodePoints.purs","end":[284,62]},["Data","String"],{"ValueRef":[{"start":[1,1],"name":"C:\\Users\\I344006\\purescript\\juspay_rotatecube\\bower_components\\purescript-strings\\src\\Data\\String\\CodePoints.purs","end":[284,62]},{"Ident":"stripSuffix"}]}]},{"ValueRef":[{"start":[1,1],"name":"C:\\Users\\I344006\\purescript\\juspay_rotatecube\\bower_components\\purescript-strings\\src\\Data\\String\\CodePoints.purs","end":[284,62]},{"Ident":"take"}]},{"ValueRef":[{"start":[1,1],"name":"C:\\Users\\I344006\\purescript\\juspay_rotatecube\\bower_components\\purescript-strings\\src\\Data\\String\\CodePoints.purs","end":[284,62]},{"Ident":"takeWhile"}]},{"ReExportRef":[{"start":[1,1],"name":"C:\\Users\\I344006\\purescript\\juspay_rotatecube\\bower_components\\purescript-strings\\src\\Data\\String\\CodePoints.purs","end":[284,62]},["Data","String"],{"ValueRef":[{"start":[1,1],"name":"C:\\Users\\I344006\\purescript\\juspay_rotatecube\\bower_components\\purescript-strings\\src\\Data\\String\\CodePoints.purs","end":[284,62]},{"Ident":"toChar"}]}]},{"ReExportRef":[{"start":[1,1],"name":"C:\\Users\\I344006\\purescript\\juspay_rotatecube\\bower_components\\purescript-strings\\src\\Data\\String\\CodePoints.purs","end":[284,62]},["Data","String"],{"ValueRef":[{"start":[1,1],"name":"C:\\Users\\I344006\\purescript\\juspay_rotatecube\\bower_components\\purescript-strings\\src\\Data\\String\\CodePoints.purs","end":[284,62]},{"Ident":"toCharArray"}]}]},{"ValueRef":[{"start":[1,1],"name":"C:\\Users\\I344006\\purescript\\juspay_rotatecube\\bower_components\\purescript-strings\\src\\Data\\String\\CodePoints.purs","end":[284,62]},{"Ident":"toCodePointArray"}]},{"ReExportRef":[{"start":[1,1],"name":"C:\\Users\\I344006\\purescript\\juspay_rotatecube\\bower_components\\purescript-strings\\src\\Data\\String\\CodePoints.purs","end":[284,62]},["Data","String"],{"ValueRef":[{"start":[1,1],"name":"C:\\Users\\I344006\\purescript\\juspay_rotatecube\\bower_components\\purescript-strings\\src\\Data\\String\\CodePoints.purs","end":[284,62]},{"Ident":"toLower"}]}]},{"ReExportRef":[{"start":[1,1],"name":"C:\\Users\\I344006\\purescript\\juspay_rotatecube\\bower_components\\purescript-strings\\src\\Data\\String\\CodePoints.purs","end":[284,62]},["Data","String"],{"ValueRef":[{"start":[1,1],"name":"C:\\Users\\I344006\\purescript\\juspay_rotatecube\\bower_components\\purescript-strings\\src\\Data\\String\\CodePoints.purs","end":[284,62]},{"Ident":"toUpper"}]}]},{"ReExportRef":[{"start":[1,1],"name":"C:\\Users\\I344006\\purescript\\juspay_rotatecube\\bower_components\\purescript-strings\\src\\Data\\String\\CodePoints.purs","end":[284,62]},["Data","String"],{"ValueRef":[{"start":[1,1],"name":"C:\\Users\\I344006\\purescript\\juspay_rotatecube\\bower_components\\purescript-strings\\src\\Data\\String\\CodePoints.purs","end":[284,62]},{"Ident":"trim"}]}]},{"ValueRef":[{"start":[1,1],"name":"C:\\Users\\I344006\\purescript\\juspay_rotatecube\\bower_components\\purescript-strings\\src\\Data\\String\\CodePoints.purs","end":[284,62]},{"Ident":"uncons"}]},{"ModuleRef":[{"start":[6,5],"name":"C:\\Users\\I344006\\purescript\\juspay_rotatecube\\bower_components\\purescript-strings\\src\\Data\\String\\CodePoints.purs","end":[6,27]},["StringReExports"]]},{"TypeInstanceRef":[{"start":[0,0],"name":"<generated>","end":[0,0]},{"Ident":"eqCodePoint"}]},{"TypeInstanceRef":[{"start":[0,0],"name":"<generated>","end":[0,0]},{"Ident":"ordCodePoint"}]}],"efImports":[{"eiModule":["Prim"],"eiImportType":{"Implicit":[]},"eiImportedAs":null},{"eiModule":["Prim"],"eiImportType":{"Implicit":[]},"eiImportedAs":["Prim"]},{"eiModule":["Prelude"],"eiImportType":{"Implicit":[]},"eiImportedAs":null},{"eiModule":["Data","Array"],"eiImportType":{"Implicit":[]},"eiImportedAs":["Array"]},{"eiModule":["Data","Char"],"eiImportType":{"Implicit":[]},"eiImportedAs":["Char"]},{"eiModule":["Data","Maybe"],"eiImportType":{"Explicit":[{"TypeRef":[{"start":[32,20],"name":"C:\\Users\\I344006\\purescript\\juspay_rotatecube\\bower_components\\purescript-strings\\src\\Data\\String\\CodePoints.purs","end":[32,40]},"Maybe",["Just","Nothing"]]}]},"eiImportedAs":null},{"eiModule":["Data","String"],"eiImportType":{"Implicit":[]},"eiImportedAs":["String"]},{"eiModule":["Data","String","Unsafe"],"eiImportType":{"Implicit":[]},"eiImportedAs":["Unsafe"]},{"eiModule":["Data","String"],"eiImportType":{"Explicit":[{"TypeRef":[{"start":[41,21],"name":"C:\\Users\\I344006\\purescript\\juspay_rotatecube\\bower_components\\purescript-strings\\src\\Data\\String\\CodePoints.purs","end":[41,32]},"Pattern",null]},{"TypeRef":[{"start":[41,34],"name":"C:\\Users\\I344006\\purescript\\juspay_rotatecube\\bower_components\\purescript-strings\\src\\Data\\String\\CodePoints.purs","end":[41,49]},"Replacement",null]},{"ValueRef":[{"start":[41,51],"name":"C:\\Users\\I344006\\purescript\\juspay_rotatecube\\bower_components\\purescript-strings\\src\\Data\\String\\CodePoints.purs","end":[41,57]},{"Ident":"charAt"}]},{"ValueRef":[{"start":[41,59],"name":"C:\\Users\\I344006\\purescript\\juspay_rotatecube\\bower_components\\purescript-strings\\src\\Data\\String\\CodePoints.purs","end":[41,69]},{"Ident":"charCodeAt"}]},{"ValueRef":[{"start":[41,71],"name":"C:\\Users\\I344006\\purescript\\juspay_rotatecube\\bower_components\\purescript-strings\\src\\Data\\String\\CodePoints.purs","end":[41,79]},{"Ident":"contains"}]},{"ValueRef":[{"start":[41,81],"name":"C:\\Users\\I344006\\purescript\\juspay_rotatecube\\bower_components\\purescript-strings\\src\\Data\\String\\CodePoints.purs","end":[41,94]},{"Ident":"fromCharArray"}]},{"ValueRef":[{"start":[41,96],"name":"C:\\Users\\I344006\\purescript\\juspay_rotatecube\\bower_components\\purescript-strings\\src\\Data\\String\\CodePoints.purs","end":[41,104]},{"Ident":"joinWith"}]},{"ValueRef":[{"start":[41,106],"name":"C:\\Users\\I344006\\purescript\\juspay_rotatecube\\bower_components\\purescript-strings\\src\\Data\\String\\CodePoints.purs","end":[41,119]},{"Ident":"localeCompare"}]},{"ValueRef":[{"start":[41,121],"name":"C:\\Users\\I344006\\purescript\\juspay_rotatecube\\bower_components\\purescript-strings\\src\\Data\\String\\CodePoints.purs","end":[41,125]},{"Ident":"null"}]},{"ValueRef":[{"start":[41,127],"name":"C:\\Users\\I344006\\purescript\\juspay_rotatecube\\bower_components\\purescript-strings\\src\\Data\\String\\CodePoints.purs","end":[41,134]},{"Ident":"replace"}]},{"ValueRef":[{"start":[41,136],"name":"C:\\Users\\I344006\\purescript\\juspay_rotatecube\\bower_components\\purescript-strings\\src\\Data\\String\\CodePoints.purs","end":[41,146]},{"Ident":"replaceAll"}]},{"ValueRef":[{"start":[41,148],"name":"C:\\Users\\I344006\\purescript\\juspay_rotatecube\\bower_components\\purescript-strings\\src\\Data\\String\\CodePoints.purs","end":[41,153]},{"Ident":"split"}]},{"ValueRef":[{"start":[41,155],"name":"C:\\Users\\I344006\\purescript\\juspay_rotatecube\\bower_components\\purescript-strings\\src\\Data\\String\\CodePoints.purs","end":[41,166]},{"Ident":"stripPrefix"}]},{"ValueRef":[{"start":[41,168],"name":"C:\\Users\\I344006\\purescript\\juspay_rotatecube\\bower_components\\purescript-strings\\src\\Data\\String\\CodePoints.purs","end":[41,179]},{"Ident":"stripSuffix"}]},{"ValueRef":[{"start":[41,181],"name":"C:\\Users\\I344006\\purescript\\juspay_rotatecube\\bower_components\\purescript-strings\\src\\Data\\String\\CodePoints.purs","end":[41,187]},{"Ident":"toChar"}]},{"ValueRef":[{"start":[41,189],"name":"C:\\Users\\I344006\\purescript\\juspay_rotatecube\\bower_components\\purescript-strings\\src\\Data\\String\\CodePoints.purs","end":[41,200]},{"Ident":"toCharArray"}]},{"ValueRef":[{"start":[41,202],"name":"C:\\Users\\I344006\\purescript\\juspay_rotatecube\\bower_components\\purescript-strings\\src\\Data\\String\\CodePoints.purs","end":[41,209]},{"Ident":"toLower"}]},{"ValueRef":[{"start":[41,211],"name":"C:\\Users\\I344006\\purescript\\juspay_rotatecube\\bower_components\\purescript-strings\\src\\Data\\String\\CodePoints.purs","end":[41,218]},{"Ident":"toUpper"}]},{"ValueRef":[{"start":[41,220],"name":"C:\\Users\\I344006\\purescript\\juspay_rotatecube\\bower_components\\purescript-strings\\src\\Data\\String\\CodePoints.purs","end":[41,224]},{"Ident":"trim"}]}]},"eiImportedAs":["StringReExports"]},{"eiModule":["Data","Tuple"],"eiImportType":{"Explicit":[{"TypeRef":[{"start":[42,20],"name":"C:\\Users\\I344006\\purescript\\juspay_rotatecube\\bower_components\\purescript-strings\\src\\Data\\String\\CodePoints.purs","end":[42,32]},"Tuple",["Tuple"]]}]},"eiImportedAs":null},{"eiModule":["Data","Unfoldable"],"eiImportType":{"Explicit":[{"ValueRef":[{"start":[43,25],"name":"C:\\Users\\I344006\\purescript\\juspay_rotatecube\\bower_components\\purescript-strings\\src\\Data\\String\\CodePoints.purs","end":[43,32]},{"Ident":"unfoldr"}]}]},"eiImportedAs":null}],"efFixities":[],"efTypeFixities":[],"efDeclarations":[{"EDType":{"edTypeName":"CodePoint","edTypeKind":{"tag":"NamedKind","contents":[["Prim"],"Type"]},"edTypeDeclarationKind":{"DataType":{"args":[],"ctors":[["CodePoint",[{"tag":"TypeConstructor","contents":[["Prim"],"Int"]}]]]}}}},{"EDValue":{"edValueName":{"Ident":"codePointAt"},"edValueType":{"tag":"TypeApp","contents":[{"tag":"TypeApp","contents":[{"tag":"TypeConstructor","contents":[["Prim"],"Function"]},{"tag":"TypeConstructor","contents":[["Prim"],"Int"]}]},{"tag":"TypeApp","contents":[{"tag":"TypeApp","contents":[{"tag":"TypeConstructor","contents":[["Prim"],"Function"]},{"tag":"TypeConstructor","contents":[["Prim"],"String"]}]},{"tag":"TypeApp","contents":[{"tag":"TypeConstructor","contents":[["Data","Maybe"],"Maybe"]},{"tag":"TypeConstructor","contents":[["Data","String","CodePoints"],"CodePoint"]}]}]}]}}},{"EDValue":{"edValueName":{"Ident":"codePointFromInt"},"edValueType":{"tag":"TypeApp","contents":[{"tag":"TypeApp","contents":[{"tag":"TypeConstructor","contents":[["Prim"],"Function"]},{"tag":"TypeConstructor","contents":[["Prim"],"Int"]}]},{"tag":"TypeApp","contents":[{"tag":"TypeConstructor","contents":[["Data","Maybe"],"Maybe"]},{"tag":"TypeConstructor","contents":[["Data","String","CodePoints"],"CodePoint"]}]}]}}},{"EDValue":{"edValueName":{"Ident":"codePointToInt"},"edValueType":{"tag":"TypeApp","contents":[{"tag":"TypeApp","contents":[{"tag":"TypeConstructor","contents":[["Prim"],"Function"]},{"tag":"TypeConstructor","contents":[["Data","String","CodePoints"],"CodePoint"]}]},{"tag":"TypeConstructor","contents":[["Prim"],"Int"]}]}}},{"EDValue":{"edValueName":{"Ident":"count"},"edValueType":{"tag":"TypeApp","contents":[{"tag":"TypeApp","contents":[{"tag":"TypeConstructor","contents":[["Prim"],"Function"]},{"tag":"TypeApp","contents":[{"tag":"TypeApp","contents":[{"tag":"TypeConstructor","contents":[["Prim"],"Function"]},{"tag":"TypeConstructor","contents":[["Data","String","CodePoints"],"CodePoint"]}]},{"tag":"TypeConstructor","contents":[["Prim"],"Boolean"]}]}]},{"tag":"TypeApp","contents":[{"tag":"TypeApp","contents":[{"tag":"TypeConstructor","contents":[["Prim"],"Function"]},{"tag":"TypeConstructor","contents":[["Prim"],"String"]}]},{"tag":"TypeConstructor","contents":[["Prim"],"Int"]}]}]}}},{"EDValue":{"edValueName":{"Ident":"drop"},"edValueType":{"tag":"TypeApp","contents":[{"tag":"TypeApp","contents":[{"tag":"TypeConstructor","contents":[["Prim"],"Function"]},{"tag":"TypeConstructor","contents":[["Prim"],"Int"]}]},{"tag":"TypeApp","contents":[{"tag":"TypeApp","contents":[{"tag":"TypeConstructor","contents":[["Prim"],"Function"]},{"tag":"TypeConstructor","contents":[["Prim"],"String"]}]},{"tag":"TypeConstructor","contents":[["Prim"],"String"]}]}]}}},{"EDValue":{"edValueName":{"Ident":"dropWhile"},"edValueType":{"tag":"TypeApp","contents":[{"tag":"TypeApp","contents":[{"tag":"TypeConstructor","contents":[["Prim"],"Function"]},{"tag":"TypeApp","contents":[{"tag":"TypeApp","contents":[{"tag":"TypeConstructor","contents":[["Prim"],"Function"]},{"tag":"TypeConstructor","contents":[["Data","String","CodePoints"],"CodePoint"]}]},{"tag":"TypeConstructor","contents":[["Prim"],"Boolean"]}]}]},{"tag":"TypeApp","contents":[{"tag":"TypeApp","contents":[{"tag":"TypeConstructor","contents":[["Prim"],"Function"]},{"tag":"TypeConstructor","contents":[["Prim"],"String"]}]},{"tag":"TypeConstructor","contents":[["Prim"],"String"]}]}]}}},{"EDValue":{"edValueName":{"Ident":"fromCodePointArray"},"edValueType":{"tag":"TypeApp","contents":[{"tag":"TypeApp","contents":[{"tag":"TypeConstructor","contents":[["Prim"],"Function"]},{"tag":"TypeApp","contents":[{"tag":"TypeConstructor","contents":[["Prim"],"Array"]},{"tag":"TypeConstructor","contents":[["Data","String","CodePoints"],"CodePoint"]}]}]},{"tag":"TypeConstructor","contents":[["Prim"],"String"]}]}}},{"EDValue":{"edValueName":{"Ident":"indexOf"},"edValueType":{"tag":"TypeApp","contents":[{"tag":"TypeApp","contents":[{"tag":"TypeConstructor","contents":[["Prim"],"Function"]},{"tag":"TypeConstructor","contents":[["Data","String"],"Pattern"]}]},{"tag":"TypeApp","contents":[{"tag":"TypeApp","contents":[{"tag":"TypeConstructor","contents":[["Prim"],"Function"]},{"tag":"TypeConstructor","contents":[["Prim"],"String"]}]},{"tag":"TypeApp","contents":[{"tag":"TypeConstructor","contents":[["Data","Maybe"],"Maybe"]},{"tag":"TypeConstructor","contents":[["Prim"],"Int"]}]}]}]}}},{"EDValue":{"edValueName":{"Ident":"indexOf'"},"edValueType":{"tag":"TypeApp","contents":[{"tag":"TypeApp","contents":[{"tag":"TypeConstructor","contents":[["Prim"],"Function"]},{"tag":"TypeConstructor","contents":[["Data","String"],"Pattern"]}]},{"tag":"TypeApp","contents":[{"tag":"TypeApp","contents":[{"tag":"TypeConstructor","contents":[["Prim"],"Function"]},{"tag":"TypeConstructor","contents":[["Prim"],"Int"]}]},{"tag":"TypeApp","contents":[{"tag":"TypeApp","contents":[{"tag":"TypeConstructor","contents":[["Prim"],"Function"]},{"tag":"TypeConstructor","contents":[["Prim"],"String"]}]},{"tag":"TypeApp","contents":[{"tag":"TypeConstructor","contents":[["Data","Maybe"],"Maybe"]},{"tag":"TypeConstructor","contents":[["Prim"],"Int"]}]}]}]}]}}},{"EDValue":{"edValueName":{"Ident":"lastIndexOf"},"edValueType":{"tag":"TypeApp","contents":[{"tag":"TypeApp","contents":[{"tag":"TypeConstructor","contents":[["Prim"],"Function"]},{"tag":"TypeConstructor","contents":[["Data","String"],"Pattern"]}]},{"tag":"TypeApp","contents":[{"tag":"TypeApp","contents":[{"tag":"TypeConstructor","contents":[["Prim"],"Function"]},{"tag":"TypeConstructor","contents":[["Prim"],"String"]}]},{"tag":"TypeApp","contents":[{"tag":"TypeConstructor","contents":[["Data","Maybe"],"Maybe"]},{"tag":"TypeConstructor","contents":[["Prim"],"Int"]}]}]}]}}},{"EDValue":{"edValueName":{"Ident":"lastIndexOf'"},"edValueType":{"tag":"TypeApp","contents":[{"tag":"TypeApp","contents":[{"tag":"TypeConstructor","contents":[["Prim"],"Function"]},{"tag":"TypeConstructor","contents":[["Data","String"],"Pattern"]}]},{"tag":"TypeApp","contents":[{"tag":"TypeApp","contents":[{"tag":"TypeConstructor","contents":[["Prim"],"Function"]},{"tag":"TypeConstructor","contents":[["Prim"],"Int"]}]},{"tag":"TypeApp","contents":[{"tag":"TypeApp","contents":[{"tag":"TypeConstructor","contents":[["Prim"],"Function"]},{"tag":"TypeConstructor","contents":[["Prim"],"String"]}]},{"tag":"TypeApp","contents":[{"tag":"TypeConstructor","contents":[["Data","Maybe"],"Maybe"]},{"tag":"TypeConstructor","contents":[["Prim"],"Int"]}]}]}]}]}}},{"EDValue":{"edValueName":{"Ident":"length"},"edValueType":{"tag":"TypeApp","contents":[{"tag":"TypeApp","contents":[{"tag":"TypeConstructor","contents":[["Prim"],"Function"]},{"tag":"TypeConstructor","contents":[["Prim"],"String"]}]},{"tag":"TypeConstructor","contents":[["Prim"],"Int"]}]}}},{"EDValue":{"edValueName":{"Ident":"singleton"},"edValueType":{"tag":"TypeApp","contents":[{"tag":"TypeApp","contents":[{"tag":"TypeConstructor","contents":[["Prim"],"Function"]},{"tag":"TypeConstructor","contents":[["Data","String","CodePoints"],"CodePoint"]}]},{"tag":"TypeConstructor","contents":[["Prim"],"String"]}]}}},{"EDValue":{"edValueName":{"Ident":"splitAt"},"edValueType":{"tag":"TypeApp","contents":[{"tag":"TypeApp","contents":[{"tag":"TypeConstructor","contents":[["Prim"],"Function"]},{"tag":"TypeConstructor","contents":[["Prim"],"Int"]}]},{"tag":"TypeApp","contents":[{"tag":"TypeApp","contents":[{"tag":"TypeConstructor","contents":[["Prim"],"Function"]},{"tag":"TypeConstructor","contents":[["Prim"],"String"]}]},{"tag":"TypeApp","contents":[{"tag":"TypeConstructor","contents":[["Data","Maybe"],"Maybe"]},{"tag":"TypeApp","contents":[{"tag":"TypeConstructor","contents":[["Prim"],"Record"]},{"tag":"RCons","contents":["before",{"tag":"TypeConstructor","contents":[["Prim"],"String"]},{"tag":"RCons","contents":["after",{"tag":"TypeConstructor","contents":[["Prim"],"String"]},{"tag":"REmpty"}]}]}]}]}]}]}}},{"EDValue":{"edValueName":{"Ident":"take"},"edValueType":{"tag":"TypeApp","contents":[{"tag":"TypeApp","contents":[{"tag":"TypeConstructor","contents":[["Prim"],"Function"]},{"tag":"TypeConstructor","contents":[["Prim"],"Int"]}]},{"tag":"TypeApp","contents":[{"tag":"TypeApp","contents":[{"tag":"TypeConstructor","contents":[["Prim"],"Function"]},{"tag":"TypeConstructor","contents":[["Prim"],"String"]}]},{"tag":"TypeConstructor","contents":[["Prim"],"String"]}]}]}}},{"EDValue":{"edValueName":{"Ident":"takeWhile"},"edValueType":{"tag":"TypeApp","contents":[{"tag":"TypeApp","contents":[{"tag":"TypeConstructor","contents":[["Prim"],"Function"]},{"tag":"TypeApp","contents":[{"tag":"TypeApp","contents":[{"tag":"TypeConstructor","contents":[["Prim"],"Function"]},{"tag":"TypeConstructor","contents":[["Data","String","CodePoints"],"CodePoint"]}]},{"tag":"TypeConstructor","contents":[["Prim"],"Boolean"]}]}]},{"tag":"TypeApp","contents":[{"tag":"TypeApp","contents":[{"tag":"TypeConstructor","contents":[["Prim"],"Function"]},{"tag":"TypeConstructor","contents":[["Prim"],"String"]}]},{"tag":"TypeConstructor","contents":[["Prim"],"String"]}]}]}}},{"EDValue":{"edValueName":{"Ident":"toCodePointArray"},"edValueType":{"tag":"TypeApp","contents":[{"tag":"TypeApp","contents":[{"tag":"TypeConstructor","contents":[["Prim"],"Function"]},{"tag":"TypeConstructor","contents":[["Prim"],"String"]}]},{"tag":"TypeApp","contents":[{"tag":"TypeConstructor","contents":[["Prim"],"Array"]},{"tag":"TypeConstructor","contents":[["Data","String","CodePoints"],"CodePoint"]}]}]}}},{"EDValue":{"edValueName":{"Ident":"uncons"},"edValueType":{"tag":"TypeApp","contents":[{"tag":"TypeApp","contents":[{"tag":"TypeConstructor","contents":[["Prim"],"Function"]},{"tag":"TypeConstructor","contents":[["Prim"],"String"]}]},{"tag":"TypeApp","contents":[{"tag":"TypeConstructor","contents":[["Data","Maybe"],"Maybe"]},{"tag":"TypeApp","contents":[{"tag":"TypeConstructor","contents":[["Prim"],"Record"]},{"tag":"RCons","contents":["head",{"tag":"TypeConstructor","contents":[["Data","String","CodePoints"],"CodePoint"]},{"tag":"RCons","contents":["tail",{"tag":"TypeConstructor","contents":[["Prim"],"String"]},{"tag":"REmpty"}]}]}]}]}]}}},{"EDInstance":{"edInstanceClassName":[["Data","Eq"],"Eq"],"edInstanceName":{"Ident":"eqCodePoint"},"edInstanceTypes":[{"tag":"TypeConstructor","contents":[["Data","String","CodePoints"],"CodePoint"]}],"edInstanceConstraints":[]}},{"EDInstance":{"edInstanceClassName":[["Data","Ord"],"Ord"],"edInstanceName":{"Ident":"ordCodePoint"},"edInstanceTypes":[{"tag":"TypeConstructor","contents":[["Data","String","CodePoints"],"CodePoint"]}],"edInstanceConstraints":[]}}],"efSourceSpan":{"start":[1,1],"name":"C:\\Users\\I344006\\purescript\\juspay_rotatecube\\bower_components\\purescript-strings\\src\\Data\\String\\CodePoints.purs","end":[284,62]}}