{"efVersion":"0.11.6","efModuleName":["Data","Profunctor","Costar"],"efExports":[{"TypeRef":[{"start":[1,1],"name":"C:\\Users\\I344006\\purescript\\juspay_rotatecube\\bower_components\\purescript-profunctor\\src\\Data\\Profunctor\\Costar.purs","end":[75,54]},"Costar",["Costar"]]},{"TypeInstanceRef":[{"start":[0,0],"name":"<generated>","end":[0,0]},{"Ident":"newtypeCostar"}]},{"TypeInstanceRef":[{"start":[0,0],"name":"<generated>","end":[0,0]},{"Ident":"semigroupoidCostar"}]},{"TypeInstanceRef":[{"start":[0,0],"name":"<generated>","end":[0,0]},{"Ident":"categoryCostar"}]},{"TypeInstanceRef":[{"start":[0,0],"name":"<generated>","end":[0,0]},{"Ident":"functorCostar"}]},{"TypeInstanceRef":[{"start":[0,0],"name":"<generated>","end":[0,0]},{"Ident":"invariantCostar"}]},{"TypeInstanceRef":[{"start":[0,0],"name":"<generated>","end":[0,0]},{"Ident":"applyCostar"}]},{"TypeInstanceRef":[{"start":[0,0],"name":"<generated>","end":[0,0]},{"Ident":"applicativeCostar"}]},{"TypeInstanceRef":[{"start":[0,0],"name":"<generated>","end":[0,0]},{"Ident":"bindCostar"}]},{"TypeInstanceRef":[{"start":[0,0],"name":"<generated>","end":[0,0]},{"Ident":"monadCostar"}]},{"TypeInstanceRef":[{"start":[0,0],"name":"<generated>","end":[0,0]},{"Ident":"distributiveCostar"}]},{"TypeInstanceRef":[{"start":[0,0],"name":"<generated>","end":[0,0]},{"Ident":"profunctorCostar"}]},{"TypeInstanceRef":[{"start":[0,0],"name":"<generated>","end":[0,0]},{"Ident":"strongCostar"}]},{"TypeInstanceRef":[{"start":[0,0],"name":"<generated>","end":[0,0]},{"Ident":"costrongCostar"}]},{"TypeInstanceRef":[{"start":[0,0],"name":"<generated>","end":[0,0]},{"Ident":"cochoiceCostar"}]},{"TypeInstanceRef":[{"start":[0,0],"name":"<generated>","end":[0,0]},{"Ident":"closedCostar"}]}],"efImports":[{"eiModule":["Prim"],"eiImportType":{"Implicit":[]},"eiImportedAs":null},{"eiModule":["Prim"],"eiImportType":{"Implicit":[]},"eiImportedAs":["Prim"]},{"eiModule":["Prelude"],"eiImportType":{"Implicit":[]},"eiImportedAs":null},{"eiModule":["Control","Comonad"],"eiImportType":{"Explicit":[{"TypeClassRef":[{"start":[5,25],"name":"C:\\Users\\I344006\\purescript\\juspay_rotatecube\\bower_components\\purescript-profunctor\\src\\Data\\Profunctor\\Costar.purs","end":[5,38]},"Comonad"]},{"ValueRef":[{"start":[5,40],"name":"C:\\Users\\I344006\\purescript\\juspay_rotatecube\\bower_components\\purescript-profunctor\\src\\Data\\Profunctor\\Costar.purs","end":[5,47]},{"Ident":"extract"}]}]},"eiImportedAs":null},{"eiModule":["Control","Extend"],"eiImportType":{"Explicit":[{"TypeClassRef":[{"start":[6,24],"name":"C:\\Users\\I344006\\purescript\\juspay_rotatecube\\bower_components\\purescript-profunctor\\src\\Data\\Profunctor\\Costar.purs","end":[6,36]},"Extend"]},{"ValueOpRef":[{"start":[6,38],"name":"C:\\Users\\I344006\\purescript\\juspay_rotatecube\\bower_components\\purescript-profunctor\\src\\Data\\Profunctor\\Costar.purs","end":[6,43]},"=<="]}]},"eiImportedAs":null},{"eiModule":["Data","Distributive"],"eiImportType":{"Explicit":[{"TypeClassRef":[{"start":[8,27],"name":"C:\\Users\\I344006\\purescript\\juspay_rotatecube\\bower_components\\purescript-profunctor\\src\\Data\\Profunctor\\Costar.purs","end":[8,45]},"Distributive"]},{"ValueRef":[{"start":[8,47],"name":"C:\\Users\\I344006\\purescript\\juspay_rotatecube\\bower_components\\purescript-profunctor\\src\\Data\\Profunctor\\Costar.purs","end":[8,57]},{"Ident":"distribute"}]}]},"eiImportedAs":null},{"eiModule":["Data","Either"],"eiImportType":{"Explicit":[{"TypeRef":[{"start":[9,21],"name":"C:\\Users\\I344006\\purescript\\juspay_rotatecube\\bower_components\\purescript-profunctor\\src\\Data\\Profunctor\\Costar.purs","end":[9,31]},"Either",null]},{"ValueRef":[{"start":[9,33],"name":"C:\\Users\\I344006\\purescript\\juspay_rotatecube\\bower_components\\purescript-profunctor\\src\\Data\\Profunctor\\Costar.purs","end":[9,39]},{"Ident":"either"}]}]},"eiImportedAs":null},{"eiModule":["Data","Functor","Invariant"],"eiImportType":{"Explicit":[{"TypeClassRef":[{"start":[10,32],"name":"C:\\Users\\I344006\\purescript\\juspay_rotatecube\\bower_components\\purescript-profunctor\\src\\Data\\Profunctor\\Costar.purs","end":[10,47]},"Invariant"]},{"ValueRef":[{"start":[10,49],"name":"C:\\Users\\I344006\\purescript\\juspay_rotatecube\\bower_components\\purescript-profunctor\\src\\Data\\Profunctor\\Costar.purs","end":[10,54]},{"Ident":"imapF"}]}]},"eiImportedAs":null},{"eiModule":["Data","Newtype"],"eiImportType":{"Explicit":[{"TypeClassRef":[{"start":[11,22],"name":"C:\\Users\\I344006\\purescript\\juspay_rotatecube\\bower_components\\purescript-profunctor\\src\\Data\\Profunctor\\Costar.purs","end":[11,35]},"Newtype"]}]},"eiImportedAs":null},{"eiModule":["Data","Profunctor"],"eiImportType":{"Explicit":[{"TypeClassRef":[{"start":[12,25],"name":"C:\\Users\\I344006\\purescript\\juspay_rotatecube\\bower_components\\purescript-profunctor\\src\\Data\\Profunctor\\Costar.purs","end":[12,41]},"Profunctor"]}]},"eiImportedAs":null},{"eiModule":["Data","Profunctor","Closed"],"eiImportType":{"Explicit":[{"TypeClassRef":[{"start":[13,32],"name":"C:\\Users\\I344006\\purescript\\juspay_rotatecube\\bower_components\\purescript-profunctor\\src\\Data\\Profunctor\\Costar.purs","end":[13,44]},"Closed"]}]},"eiImportedAs":null},{"eiModule":["Data","Profunctor","Cochoice"],"eiImportType":{"Explicit":[{"TypeClassRef":[{"start":[14,34],"name":"C:\\Users\\I344006\\purescript\\juspay_rotatecube\\bower_components\\purescript-profunctor\\src\\Data\\Profunctor\\Costar.purs","end":[14,48]},"Cochoice"]}]},"eiImportedAs":null},{"eiModule":["Data","Profunctor","Costrong"],"eiImportType":{"Explicit":[{"TypeClassRef":[{"start":[15,34],"name":"C:\\Users\\I344006\\purescript\\juspay_rotatecube\\bower_components\\purescript-profunctor\\src\\Data\\Profunctor\\Costar.purs","end":[15,48]},"Costrong"]}]},"eiImportedAs":null},{"eiModule":["Data","Profunctor","Strong"],"eiImportType":{"Explicit":[{"TypeClassRef":[{"start":[16,32],"name":"C:\\Users\\I344006\\purescript\\juspay_rotatecube\\bower_components\\purescript-profunctor\\src\\Data\\Profunctor\\Costar.purs","end":[16,44]},"Strong"]}]},"eiImportedAs":null},{"eiModule":["Data","Tuple"],"eiImportType":{"Explicit":[{"TypeRef":[{"start":[17,20],"name":"C:\\Users\\I344006\\purescript\\juspay_rotatecube\\bower_components\\purescript-profunctor\\src\\Data\\Profunctor\\Costar.purs","end":[17,29]},"Tuple",null]},{"ValueRef":[{"start":[17,31],"name":"C:\\Users\\I344006\\purescript\\juspay_rotatecube\\bower_components\\purescript-profunctor\\src\\Data\\Profunctor\\Costar.purs","end":[17,34]},{"Ident":"fst"}]},{"ValueRef":[{"start":[17,36],"name":"C:\\Users\\I344006\\purescript\\juspay_rotatecube\\bower_components\\purescript-profunctor\\src\\Data\\Profunctor\\Costar.purs","end":[17,39]},{"Ident":"snd"}]}]},"eiImportedAs":null}],"efFixities":[],"efTypeFixities":[],"efDeclarations":[{"EDType":{"edTypeName":"Costar","edTypeKind":{"tag":"FunKind","contents":[{"tag":"FunKind","contents":[{"tag":"NamedKind","contents":[["Prim"],"Type"]},{"tag":"NamedKind","contents":[["Prim"],"Type"]}]},{"tag":"FunKind","contents":[{"tag":"NamedKind","contents":[["Prim"],"Type"]},{"tag":"FunKind","contents":[{"tag":"NamedKind","contents":[["Prim"],"Type"]},{"tag":"NamedKind","contents":[["Prim"],"Type"]}]}]}]},"edTypeDeclarationKind":{"DataType":{"args":[["f",{"tag":"FunKind","contents":[{"tag":"NamedKind","contents":[["Prim"],"Type"]},{"tag":"NamedKind","contents":[["Prim"],"Type"]}]}],["b",{"tag":"NamedKind","contents":[["Prim"],"Type"]}],["a",{"tag":"NamedKind","contents":[["Prim"],"Type"]}]],"ctors":[["Costar",[{"tag":"TypeApp","contents":[{"tag":"TypeApp","contents":[{"tag":"TypeConstructor","contents":[["Prim"],"Function"]},{"tag":"TypeApp","contents":[{"tag":"TypeVar","contents":"f"},{"tag":"TypeVar","contents":"b"}]}]},{"tag":"TypeVar","contents":"a"}]}]]]}}}},{"EDDataConstructor":{"edDataCtorName":"Costar","edDataCtorOrigin":"newtype","edDataCtorTypeCtor":"Costar","edDataCtorType":{"tag":"ForAll","contents":["a",{"tag":"ForAll","contents":["b",{"tag":"ForAll","contents":["f",{"tag":"TypeApp","contents":[{"tag":"TypeApp","contents":[{"tag":"TypeConstructor","contents":[["Prim"],"Function"]},{"tag":"TypeApp","contents":[{"tag":"TypeApp","contents":[{"tag":"TypeConstructor","contents":[["Prim"],"Function"]},{"tag":"TypeApp","contents":[{"tag":"TypeVar","contents":"f"},{"tag":"TypeVar","contents":"b"}]}]},{"tag":"TypeVar","contents":"a"}]}]},{"tag":"TypeApp","contents":[{"tag":"TypeApp","contents":[{"tag":"TypeApp","contents":[{"tag":"TypeConstructor","contents":[["Data","Profunctor","Costar"],"Costar"]},{"tag":"TypeVar","contents":"f"}]},{"tag":"TypeVar","contents":"b"}]},{"tag":"TypeVar","contents":"a"}]}]},null]},null]},null]},"edDataCtorFields":[{"Ident":"value0"}]}},{"EDInstance":{"edInstanceClassName":[["Data","Newtype"],"Newtype"],"edInstanceName":{"Ident":"newtypeCostar"},"edInstanceTypes":[{"tag":"TypeApp","contents":[{"tag":"TypeApp","contents":[{"tag":"TypeApp","contents":[{"tag":"TypeConstructor","contents":[["Data","Profunctor","Costar"],"Costar"]},{"tag":"TypeVar","contents":"f"}]},{"tag":"TypeVar","contents":"a"}]},{"tag":"TypeVar","contents":"b"}]},{"tag":"TypeApp","contents":[{"tag":"TypeApp","contents":[{"tag":"TypeConstructor","contents":[["Prim"],"Function"]},{"tag":"TypeApp","contents":[{"tag":"TypeVar","contents":"f"},{"tag":"TypeVar","contents":"a"}]}]},{"tag":"TypeVar","contents":"b"}]}],"edInstanceConstraints":[]}},{"EDInstance":{"edInstanceClassName":[["Control","Semigroupoid"],"Semigroupoid"],"edInstanceName":{"Ident":"semigroupoidCostar"},"edInstanceTypes":[{"tag":"TypeApp","contents":[{"tag":"TypeConstructor","contents":[["Data","Profunctor","Costar"],"Costar"]},{"tag":"TypeVar","contents":"f"}]}],"edInstanceConstraints":[{"constraintClass":[["Control","Extend"],"Extend"],"constraintArgs":[{"tag":"TypeVar","contents":"f"}],"constraintData":null}]}},{"EDInstance":{"edInstanceClassName":[["Control","Category"],"Category"],"edInstanceName":{"Ident":"categoryCostar"},"edInstanceTypes":[{"tag":"TypeApp","contents":[{"tag":"TypeConstructor","contents":[["Data","Profunctor","Costar"],"Costar"]},{"tag":"TypeVar","contents":"f"}]}],"edInstanceConstraints":[{"constraintClass":[["Control","Comonad"],"Comonad"],"constraintArgs":[{"tag":"TypeVar","contents":"f"}],"constraintData":null}]}},{"EDInstance":{"edInstanceClassName":[["Data","Functor"],"Functor"],"edInstanceName":{"Ident":"functorCostar"},"edInstanceTypes":[{"tag":"TypeApp","contents":[{"tag":"TypeApp","contents":[{"tag":"TypeConstructor","contents":[["Data","Profunctor","Costar"],"Costar"]},{"tag":"TypeVar","contents":"f"}]},{"tag":"TypeVar","contents":"a"}]}],"edInstanceConstraints":[]}},{"EDInstance":{"edInstanceClassName":[["Data","Functor","Invariant"],"Invariant"],"edInstanceName":{"Ident":"invariantCostar"},"edInstanceTypes":[{"tag":"TypeApp","contents":[{"tag":"TypeApp","contents":[{"tag":"TypeConstructor","contents":[["Data","Profunctor","Costar"],"Costar"]},{"tag":"TypeVar","contents":"f"}]},{"tag":"TypeVar","contents":"a"}]}],"edInstanceConstraints":[]}},{"EDInstance":{"edInstanceClassName":[["Control","Apply"],"Apply"],"edInstanceName":{"Ident":"applyCostar"},"edInstanceTypes":[{"tag":"TypeApp","contents":[{"tag":"TypeApp","contents":[{"tag":"TypeConstructor","contents":[["Data","Profunctor","Costar"],"Costar"]},{"tag":"TypeVar","contents":"f"}]},{"tag":"TypeVar","contents":"a"}]}],"edInstanceConstraints":[]}},{"EDInstance":{"edInstanceClassName":[["Control","Applicative"],"Applicative"],"edInstanceName":{"Ident":"applicativeCostar"},"edInstanceTypes":[{"tag":"TypeApp","contents":[{"tag":"TypeApp","contents":[{"tag":"TypeConstructor","contents":[["Data","Profunctor","Costar"],"Costar"]},{"tag":"TypeVar","contents":"f"}]},{"tag":"TypeVar","contents":"a"}]}],"edInstanceConstraints":[]}},{"EDInstance":{"edInstanceClassName":[["Control","Bind"],"Bind"],"edInstanceName":{"Ident":"bindCostar"},"edInstanceTypes":[{"tag":"TypeApp","contents":[{"tag":"TypeApp","contents":[{"tag":"TypeConstructor","contents":[["Data","Profunctor","Costar"],"Costar"]},{"tag":"TypeVar","contents":"f"}]},{"tag":"TypeVar","contents":"a"}]}],"edInstanceConstraints":[]}},{"EDInstance":{"edInstanceClassName":[["Control","Monad"],"Monad"],"edInstanceName":{"Ident":"monadCostar"},"edInstanceTypes":[{"tag":"TypeApp","contents":[{"tag":"TypeApp","contents":[{"tag":"TypeConstructor","contents":[["Data","Profunctor","Costar"],"Costar"]},{"tag":"TypeVar","contents":"f"}]},{"tag":"TypeVar","contents":"a"}]}],"edInstanceConstraints":[]}},{"EDInstance":{"edInstanceClassName":[["Data","Distributive"],"Distributive"],"edInstanceName":{"Ident":"distributiveCostar"},"edInstanceTypes":[{"tag":"TypeApp","contents":[{"tag":"TypeApp","contents":[{"tag":"TypeConstructor","contents":[["Data","Profunctor","Costar"],"Costar"]},{"tag":"TypeVar","contents":"f"}]},{"tag":"TypeVar","contents":"a"}]}],"edInstanceConstraints":[]}},{"EDInstance":{"edInstanceClassName":[["Data","Profunctor"],"Profunctor"],"edInstanceName":{"Ident":"profunctorCostar"},"edInstanceTypes":[{"tag":"TypeApp","contents":[{"tag":"TypeConstructor","contents":[["Data","Profunctor","Costar"],"Costar"]},{"tag":"TypeVar","contents":"f"}]}],"edInstanceConstraints":[{"constraintClass":[["Data","Functor"],"Functor"],"constraintArgs":[{"tag":"TypeVar","contents":"f"}],"constraintData":null}]}},{"EDInstance":{"edInstanceClassName":[["Data","Profunctor","Strong"],"Strong"],"edInstanceName":{"Ident":"strongCostar"},"edInstanceTypes":[{"tag":"TypeApp","contents":[{"tag":"TypeConstructor","contents":[["Data","Profunctor","Costar"],"Costar"]},{"tag":"TypeVar","contents":"f"}]}],"edInstanceConstraints":[{"constraintClass":[["Control","Comonad"],"Comonad"],"constraintArgs":[{"tag":"TypeVar","contents":"f"}],"constraintData":null}]}},{"EDInstance":{"edInstanceClassName":[["Data","Profunctor","Costrong"],"Costrong"],"edInstanceName":{"Ident":"costrongCostar"},"edInstanceTypes":[{"tag":"TypeApp","contents":[{"tag":"TypeConstructor","contents":[["Data","Profunctor","Costar"],"Costar"]},{"tag":"TypeVar","contents":"f"}]}],"edInstanceConstraints":[{"constraintClass":[["Data","Functor"],"Functor"],"constraintArgs":[{"tag":"TypeVar","contents":"f"}],"constraintData":null}]}},{"EDInstance":{"edInstanceClassName":[["Data","Profunctor","Cochoice"],"Cochoice"],"edInstanceName":{"Ident":"cochoiceCostar"},"edInstanceTypes":[{"tag":"TypeApp","contents":[{"tag":"TypeConstructor","contents":[["Data","Profunctor","Costar"],"Costar"]},{"tag":"TypeVar","contents":"f"}]}],"edInstanceConstraints":[{"constraintClass":[["Control","Applicative"],"Applicative"],"constraintArgs":[{"tag":"TypeVar","contents":"f"}],"constraintData":null}]}},{"EDInstance":{"edInstanceClassName":[["Data","Profunctor","Closed"],"Closed"],"edInstanceName":{"Ident":"closedCostar"},"edInstanceTypes":[{"tag":"TypeApp","contents":[{"tag":"TypeConstructor","contents":[["Data","Profunctor","Costar"],"Costar"]},{"tag":"TypeVar","contents":"f"}]}],"edInstanceConstraints":[{"constraintClass":[["Data","Functor"],"Functor"],"constraintArgs":[{"tag":"TypeVar","contents":"f"}],"constraintData":null}]}}],"efSourceSpan":{"start":[1,1],"name":"C:\\Users\\I344006\\purescript\\juspay_rotatecube\\bower_components\\purescript-profunctor\\src\\Data\\Profunctor\\Costar.purs","end":[75,54]}}