{"efVersion":"0.11.6","efModuleName":["Data","Boolean"],"efExports":[{"ValueRef":[{"start":[1,1],"name":"C:\\Users\\I344006\\purescript\\juspay_rotatecube\\bower_components\\purescript-prelude\\src\\Data\\Boolean.purs","end":[10,13]},{"Ident":"otherwise"}]}],"efImports":[{"eiModule":["Prim"],"eiImportType":{"Implicit":[]},"eiImportedAs":null},{"eiModule":["Prim"],"eiImportType":{"Implicit":[]},"eiImportedAs":["Prim"]}],"efFixities":[],"efTypeFixities":[],"efDeclarations":[{"EDValue":{"edValueName":{"Ident":"otherwise"},"edValueType":{"tag":"TypeConstructor","contents":[["Prim"],"Boolean"]}}}],"efSourceSpan":{"start":[1,1],"name":"C:\\Users\\I344006\\purescript\\juspay_rotatecube\\bower_components\\purescript-prelude\\src\\Data\\Boolean.purs","end":[10,13]}}