{"efVersion":"0.11.6","efModuleName":["Color","Blending"],"efExports":[{"TypeRef":[{"start":[1,1],"name":"C:\\Users\\I344006\\purescript\\juspay_rotatecube\\bower_components\\purescript-colors\\src\\Color\\Blending.purs","end":[30,25]},"BlendMode",["Multiply","Screen","Overlay"]]},{"ValueRef":[{"start":[1,1],"name":"C:\\Users\\I344006\\purescript\\juspay_rotatecube\\bower_components\\purescript-colors\\src\\Color\\Blending.purs","end":[30,25]},{"Ident":"blend"}]}],"efImports":[{"eiModule":["Prim"],"eiImportType":{"Implicit":[]},"eiImportedAs":null},{"eiModule":["Prim"],"eiImportType":{"Implicit":[]},"eiImportedAs":["Prim"]},{"eiModule":["Prelude"],"eiImportType":{"Implicit":[]},"eiImportedAs":null},{"eiModule":["Color"],"eiImportType":{"Explicit":[{"TypeRef":[{"start":[8,15],"name":"C:\\Users\\I344006\\purescript\\juspay_rotatecube\\bower_components\\purescript-colors\\src\\Color\\Blending.purs","end":[8,20]},"Color",[]]},{"ValueRef":[{"start":[8,22],"name":"C:\\Users\\I344006\\purescript\\juspay_rotatecube\\bower_components\\purescript-colors\\src\\Color\\Blending.purs","end":[8,27]},{"Ident":"rgba'"}]},{"ValueRef":[{"start":[8,29],"name":"C:\\Users\\I344006\\purescript\\juspay_rotatecube\\bower_components\\purescript-colors\\src\\Color\\Blending.purs","end":[8,36]},{"Ident":"toRGBA'"}]}]},"eiImportedAs":null}],"efFixities":[],"efTypeFixities":[],"efDeclarations":[{"EDType":{"edTypeName":"BlendMode","edTypeKind":{"tag":"NamedKind","contents":[["Prim"],"Type"]},"edTypeDeclarationKind":{"DataType":{"args":[],"ctors":[["Multiply",[]],["Screen",[]],["Overlay",[]]]}}}},{"EDDataConstructor":{"edDataCtorName":"Multiply","edDataCtorOrigin":"data","edDataCtorTypeCtor":"BlendMode","edDataCtorType":{"tag":"TypeConstructor","contents":[["Color","Blending"],"BlendMode"]},"edDataCtorFields":[]}},{"EDDataConstructor":{"edDataCtorName":"Screen","edDataCtorOrigin":"data","edDataCtorTypeCtor":"BlendMode","edDataCtorType":{"tag":"TypeConstructor","contents":[["Color","Blending"],"BlendMode"]},"edDataCtorFields":[]}},{"EDDataConstructor":{"edDataCtorName":"Overlay","edDataCtorOrigin":"data","edDataCtorTypeCtor":"BlendMode","edDataCtorType":{"tag":"TypeConstructor","contents":[["Color","Blending"],"BlendMode"]},"edDataCtorFields":[]}},{"EDValue":{"edValueName":{"Ident":"blend"},"edValueType":{"tag":"TypeApp","contents":[{"tag":"TypeApp","contents":[{"tag":"TypeConstructor","contents":[["Prim"],"Function"]},{"tag":"TypeConstructor","contents":[["Color","Blending"],"BlendMode"]}]},{"tag":"TypeApp","contents":[{"tag":"TypeApp","contents":[{"tag":"TypeConstructor","contents":[["Prim"],"Function"]},{"tag":"TypeConstructor","contents":[["Color"],"Color"]}]},{"tag":"TypeApp","contents":[{"tag":"TypeApp","contents":[{"tag":"TypeConstructor","contents":[["Prim"],"Function"]},{"tag":"TypeConstructor","contents":[["Color"],"Color"]}]},{"tag":"TypeConstructor","contents":[["Color"],"Color"]}]}]}]}}}],"efSourceSpan":{"start":[1,1],"name":"C:\\Users\\I344006\\purescript\\juspay_rotatecube\\bower_components\\purescript-colors\\src\\Color\\Blending.purs","end":[30,25]}}