{"efVersion":"0.11.6","efModuleName":["Data","Const"],"efExports":[{"TypeRef":[{"start":[1,1],"name":"C:\\Users\\I344006\\purescript\\juspay_rotatecube\\bower_components\\purescript-const\\src\\Data\\Const.purs","end":[78,37]},"Const",["Const"]]},{"TypeInstanceRef":[{"start":[0,0],"name":"<generated>","end":[0,0]},{"Ident":"newtypeConst"}]},{"TypeInstanceRef":[{"start":[0,0],"name":"<generated>","end":[0,0]},{"Ident":"eqConst"}]},{"TypeInstanceRef":[{"start":[0,0],"name":"<generated>","end":[0,0]},{"Ident":"ordConst"}]},{"TypeInstanceRef":[{"start":[0,0],"name":"<generated>","end":[0,0]},{"Ident":"boundedConst"}]},{"TypeInstanceRef":[{"start":[0,0],"name":"<generated>","end":[0,0]},{"Ident":"showConst"}]},{"TypeInstanceRef":[{"start":[0,0],"name":"<generated>","end":[0,0]},{"Ident":"semigroupoidConst"}]},{"TypeInstanceRef":[{"start":[0,0],"name":"<generated>","end":[0,0]},{"Ident":"semigroupConst"}]},{"TypeInstanceRef":[{"start":[0,0],"name":"<generated>","end":[0,0]},{"Ident":"monoidConst"}]},{"TypeInstanceRef":[{"start":[0,0],"name":"<generated>","end":[0,0]},{"Ident":"semiringConst"}]},{"TypeInstanceRef":[{"start":[0,0],"name":"<generated>","end":[0,0]},{"Ident":"ringConst"}]},{"TypeInstanceRef":[{"start":[0,0],"name":"<generated>","end":[0,0]},{"Ident":"euclideanRingConst"}]},{"TypeInstanceRef":[{"start":[0,0],"name":"<generated>","end":[0,0]},{"Ident":"commutativeRingConst"}]},{"TypeInstanceRef":[{"start":[0,0],"name":"<generated>","end":[0,0]},{"Ident":"fieldConst"}]},{"TypeInstanceRef":[{"start":[0,0],"name":"<generated>","end":[0,0]},{"Ident":"heytingAlgebraConst"}]},{"TypeInstanceRef":[{"start":[0,0],"name":"<generated>","end":[0,0]},{"Ident":"booleanAlgebraConst"}]},{"TypeInstanceRef":[{"start":[0,0],"name":"<generated>","end":[0,0]},{"Ident":"functorConst"}]},{"TypeInstanceRef":[{"start":[0,0],"name":"<generated>","end":[0,0]},{"Ident":"invariantConst"}]},{"TypeInstanceRef":[{"start":[0,0],"name":"<generated>","end":[0,0]},{"Ident":"contravariantConst"}]},{"TypeInstanceRef":[{"start":[0,0],"name":"<generated>","end":[0,0]},{"Ident":"applyConst"}]},{"TypeInstanceRef":[{"start":[0,0],"name":"<generated>","end":[0,0]},{"Ident":"bindConst"}]},{"TypeInstanceRef":[{"start":[0,0],"name":"<generated>","end":[0,0]},{"Ident":"applicativeConst"}]},{"TypeInstanceRef":[{"start":[0,0],"name":"<generated>","end":[0,0]},{"Ident":"foldableConst"}]},{"TypeInstanceRef":[{"start":[0,0],"name":"<generated>","end":[0,0]},{"Ident":"traversableConst"}]}],"efImports":[{"eiModule":["Prim"],"eiImportType":{"Implicit":[]},"eiImportedAs":null},{"eiModule":["Prim"],"eiImportType":{"Implicit":[]},"eiImportedAs":["Prim"]},{"eiModule":["Prelude"],"eiImportType":{"Implicit":[]},"eiImportedAs":null},{"eiModule":["Data","Foldable"],"eiImportType":{"Explicit":[{"TypeClassRef":[{"start":[5,23],"name":"C:\\Users\\I344006\\purescript\\juspay_rotatecube\\bower_components\\purescript-const\\src\\Data\\Const.purs","end":[5,37]},"Foldable"]}]},"eiImportedAs":null},{"eiModule":["Data","Functor","Contravariant"],"eiImportType":{"Explicit":[{"TypeClassRef":[{"start":[6,36],"name":"C:\\Users\\I344006\\purescript\\juspay_rotatecube\\bower_components\\purescript-const\\src\\Data\\Const.purs","end":[6,55]},"Contravariant"]}]},"eiImportedAs":null},{"eiModule":["Data","Functor","Invariant"],"eiImportType":{"Explicit":[{"TypeClassRef":[{"start":[7,32],"name":"C:\\Users\\I344006\\purescript\\juspay_rotatecube\\bower_components\\purescript-const\\src\\Data\\Const.purs","end":[7,47]},"Invariant"]},{"ValueRef":[{"start":[7,49],"name":"C:\\Users\\I344006\\purescript\\juspay_rotatecube\\bower_components\\purescript-const\\src\\Data\\Const.purs","end":[7,54]},{"Ident":"imapF"}]}]},"eiImportedAs":null},{"eiModule":["Data","Monoid"],"eiImportType":{"Explicit":[{"TypeClassRef":[{"start":[8,21],"name":"C:\\Users\\I344006\\purescript\\juspay_rotatecube\\bower_components\\purescript-const\\src\\Data\\Const.purs","end":[8,33]},"Monoid"]},{"ValueRef":[{"start":[8,35],"name":"C:\\Users\\I344006\\purescript\\juspay_rotatecube\\bower_components\\purescript-const\\src\\Data\\Const.purs","end":[8,41]},{"Ident":"mempty"}]}]},"eiImportedAs":null},{"eiModule":["Data","Newtype"],"eiImportType":{"Explicit":[{"TypeClassRef":[{"start":[9,22],"name":"C:\\Users\\I344006\\purescript\\juspay_rotatecube\\bower_components\\purescript-const\\src\\Data\\Const.purs","end":[9,35]},"Newtype"]}]},"eiImportedAs":null},{"eiModule":["Data","Traversable"],"eiImportType":{"Explicit":[{"TypeClassRef":[{"start":[10,26],"name":"C:\\Users\\I344006\\purescript\\juspay_rotatecube\\bower_components\\purescript-const\\src\\Data\\Const.purs","end":[10,43]},"Traversable"]}]},"eiImportedAs":null}],"efFixities":[],"efTypeFixities":[],"efDeclarations":[{"EDType":{"edTypeName":"Const","edTypeKind":{"tag":"FunKind","contents":[{"tag":"NamedKind","contents":[["Prim"],"Type"]},{"tag":"FunKind","contents":[{"tag":"NamedKind","contents":[["Prim"],"Type"]},{"tag":"NamedKind","contents":[["Prim"],"Type"]}]}]},"edTypeDeclarationKind":{"DataType":{"args":[["a",{"tag":"NamedKind","contents":[["Prim"],"Type"]}],["b",{"tag":"NamedKind","contents":[["Prim"],"Type"]}]],"ctors":[["Const",[{"tag":"TypeVar","contents":"a"}]]]}}}},{"EDDataConstructor":{"edDataCtorName":"Const","edDataCtorOrigin":"newtype","edDataCtorTypeCtor":"Const","edDataCtorType":{"tag":"ForAll","contents":["b",{"tag":"ForAll","contents":["a",{"tag":"TypeApp","contents":[{"tag":"TypeApp","contents":[{"tag":"TypeConstructor","contents":[["Prim"],"Function"]},{"tag":"TypeVar","contents":"a"}]},{"tag":"TypeApp","contents":[{"tag":"TypeApp","contents":[{"tag":"TypeConstructor","contents":[["Data","Const"],"Const"]},{"tag":"TypeVar","contents":"a"}]},{"tag":"TypeVar","contents":"b"}]}]},null]},null]},"edDataCtorFields":[{"Ident":"value0"}]}},{"EDInstance":{"edInstanceClassName":[["Data","Newtype"],"Newtype"],"edInstanceName":{"Ident":"newtypeConst"},"edInstanceTypes":[{"tag":"TypeApp","contents":[{"tag":"TypeApp","contents":[{"tag":"TypeConstructor","contents":[["Data","Const"],"Const"]},{"tag":"TypeVar","contents":"a"}]},{"tag":"TypeVar","contents":"b"}]},{"tag":"TypeVar","contents":"a"}],"edInstanceConstraints":[]}},{"EDInstance":{"edInstanceClassName":[["Data","Eq"],"Eq"],"edInstanceName":{"Ident":"eqConst"},"edInstanceTypes":[{"tag":"TypeApp","contents":[{"tag":"TypeApp","contents":[{"tag":"TypeConstructor","contents":[["Data","Const"],"Const"]},{"tag":"TypeVar","contents":"a"}]},{"tag":"TypeVar","contents":"b"}]}],"edInstanceConstraints":[{"constraintClass":[["Data","Eq"],"Eq"],"constraintArgs":[{"tag":"TypeVar","contents":"a"}],"constraintData":null}]}},{"EDInstance":{"edInstanceClassName":[["Data","Ord"],"Ord"],"edInstanceName":{"Ident":"ordConst"},"edInstanceTypes":[{"tag":"TypeApp","contents":[{"tag":"TypeApp","contents":[{"tag":"TypeConstructor","contents":[["Data","Const"],"Const"]},{"tag":"TypeVar","contents":"a"}]},{"tag":"TypeVar","contents":"b"}]}],"edInstanceConstraints":[{"constraintClass":[["Data","Ord"],"Ord"],"constraintArgs":[{"tag":"TypeVar","contents":"a"}],"constraintData":null}]}},{"EDInstance":{"edInstanceClassName":[["Data","Bounded"],"Bounded"],"edInstanceName":{"Ident":"boundedConst"},"edInstanceTypes":[{"tag":"TypeApp","contents":[{"tag":"TypeApp","contents":[{"tag":"TypeConstructor","contents":[["Data","Const"],"Const"]},{"tag":"TypeVar","contents":"a"}]},{"tag":"TypeVar","contents":"b"}]}],"edInstanceConstraints":[{"constraintClass":[["Data","Bounded"],"Bounded"],"constraintArgs":[{"tag":"TypeVar","contents":"a"}],"constraintData":null}]}},{"EDInstance":{"edInstanceClassName":[["Data","Show"],"Show"],"edInstanceName":{"Ident":"showConst"},"edInstanceTypes":[{"tag":"TypeApp","contents":[{"tag":"TypeApp","contents":[{"tag":"TypeConstructor","contents":[["Data","Const"],"Const"]},{"tag":"TypeVar","contents":"a"}]},{"tag":"TypeVar","contents":"b"}]}],"edInstanceConstraints":[{"constraintClass":[["Data","Show"],"Show"],"constraintArgs":[{"tag":"TypeVar","contents":"a"}],"constraintData":null}]}},{"EDInstance":{"edInstanceClassName":[["Control","Semigroupoid"],"Semigroupoid"],"edInstanceName":{"Ident":"semigroupoidConst"},"edInstanceTypes":[{"tag":"TypeConstructor","contents":[["Data","Const"],"Const"]}],"edInstanceConstraints":[]}},{"EDInstance":{"edInstanceClassName":[["Data","Semigroup"],"Semigroup"],"edInstanceName":{"Ident":"semigroupConst"},"edInstanceTypes":[{"tag":"TypeApp","contents":[{"tag":"TypeApp","contents":[{"tag":"TypeConstructor","contents":[["Data","Const"],"Const"]},{"tag":"TypeVar","contents":"a"}]},{"tag":"TypeVar","contents":"b"}]}],"edInstanceConstraints":[{"constraintClass":[["Data","Semigroup"],"Semigroup"],"constraintArgs":[{"tag":"TypeVar","contents":"a"}],"constraintData":null}]}},{"EDInstance":{"edInstanceClassName":[["Data","Monoid"],"Monoid"],"edInstanceName":{"Ident":"monoidConst"},"edInstanceTypes":[{"tag":"TypeApp","contents":[{"tag":"TypeApp","contents":[{"tag":"TypeConstructor","contents":[["Data","Const"],"Const"]},{"tag":"TypeVar","contents":"a"}]},{"tag":"TypeVar","contents":"b"}]}],"edInstanceConstraints":[{"constraintClass":[["Data","Monoid"],"Monoid"],"constraintArgs":[{"tag":"TypeVar","contents":"a"}],"constraintData":null}]}},{"EDInstance":{"edInstanceClassName":[["Data","Semiring"],"Semiring"],"edInstanceName":{"Ident":"semiringConst"},"edInstanceTypes":[{"tag":"TypeApp","contents":[{"tag":"TypeApp","contents":[{"tag":"TypeConstructor","contents":[["Data","Const"],"Const"]},{"tag":"TypeVar","contents":"a"}]},{"tag":"TypeVar","contents":"b"}]}],"edInstanceConstraints":[{"constraintClass":[["Data","Semiring"],"Semiring"],"constraintArgs":[{"tag":"TypeVar","contents":"a"}],"constraintData":null}]}},{"EDInstance":{"edInstanceClassName":[["Data","Ring"],"Ring"],"edInstanceName":{"Ident":"ringConst"},"edInstanceTypes":[{"tag":"TypeApp","contents":[{"tag":"TypeApp","contents":[{"tag":"TypeConstructor","contents":[["Data","Const"],"Const"]},{"tag":"TypeVar","contents":"a"}]},{"tag":"TypeVar","contents":"b"}]}],"edInstanceConstraints":[{"constraintClass":[["Data","Ring"],"Ring"],"constraintArgs":[{"tag":"TypeVar","contents":"a"}],"constraintData":null}]}},{"EDInstance":{"edInstanceClassName":[["Data","EuclideanRing"],"EuclideanRing"],"edInstanceName":{"Ident":"euclideanRingConst"},"edInstanceTypes":[{"tag":"TypeApp","contents":[{"tag":"TypeApp","contents":[{"tag":"TypeConstructor","contents":[["Data","Const"],"Const"]},{"tag":"TypeVar","contents":"a"}]},{"tag":"TypeVar","contents":"b"}]}],"edInstanceConstraints":[{"constraintClass":[["Data","EuclideanRing"],"EuclideanRing"],"constraintArgs":[{"tag":"TypeVar","contents":"a"}],"constraintData":null}]}},{"EDInstance":{"edInstanceClassName":[["Data","CommutativeRing"],"CommutativeRing"],"edInstanceName":{"Ident":"commutativeRingConst"},"edInstanceTypes":[{"tag":"TypeApp","contents":[{"tag":"TypeApp","contents":[{"tag":"TypeConstructor","contents":[["Data","Const"],"Const"]},{"tag":"TypeVar","contents":"a"}]},{"tag":"TypeVar","contents":"b"}]}],"edInstanceConstraints":[{"constraintClass":[["Data","CommutativeRing"],"CommutativeRing"],"constraintArgs":[{"tag":"TypeVar","contents":"a"}],"constraintData":null}]}},{"EDInstance":{"edInstanceClassName":[["Data","Field"],"Field"],"edInstanceName":{"Ident":"fieldConst"},"edInstanceTypes":[{"tag":"TypeApp","contents":[{"tag":"TypeApp","contents":[{"tag":"TypeConstructor","contents":[["Data","Const"],"Const"]},{"tag":"TypeVar","contents":"a"}]},{"tag":"TypeVar","contents":"b"}]}],"edInstanceConstraints":[{"constraintClass":[["Data","Field"],"Field"],"constraintArgs":[{"tag":"TypeVar","contents":"a"}],"constraintData":null}]}},{"EDInstance":{"edInstanceClassName":[["Data","HeytingAlgebra"],"HeytingAlgebra"],"edInstanceName":{"Ident":"heytingAlgebraConst"},"edInstanceTypes":[{"tag":"TypeApp","contents":[{"tag":"TypeApp","contents":[{"tag":"TypeConstructor","contents":[["Data","Const"],"Const"]},{"tag":"TypeVar","contents":"a"}]},{"tag":"TypeVar","contents":"b"}]}],"edInstanceConstraints":[{"constraintClass":[["Data","HeytingAlgebra"],"HeytingAlgebra"],"constraintArgs":[{"tag":"TypeVar","contents":"a"}],"constraintData":null}]}},{"EDInstance":{"edInstanceClassName":[["Data","BooleanAlgebra"],"BooleanAlgebra"],"edInstanceName":{"Ident":"booleanAlgebraConst"},"edInstanceTypes":[{"tag":"TypeApp","contents":[{"tag":"TypeApp","contents":[{"tag":"TypeConstructor","contents":[["Data","Const"],"Const"]},{"tag":"TypeVar","contents":"a"}]},{"tag":"TypeVar","contents":"b"}]}],"edInstanceConstraints":[{"constraintClass":[["Data","BooleanAlgebra"],"BooleanAlgebra"],"constraintArgs":[{"tag":"TypeVar","contents":"a"}],"constraintData":null}]}},{"EDInstance":{"edInstanceClassName":[["Data","Functor"],"Functor"],"edInstanceName":{"Ident":"functorConst"},"edInstanceTypes":[{"tag":"TypeApp","contents":[{"tag":"TypeConstructor","contents":[["Data","Const"],"Const"]},{"tag":"TypeVar","contents":"a"}]}],"edInstanceConstraints":[]}},{"EDInstance":{"edInstanceClassName":[["Data","Functor","Invariant"],"Invariant"],"edInstanceName":{"Ident":"invariantConst"},"edInstanceTypes":[{"tag":"TypeApp","contents":[{"tag":"TypeConstructor","contents":[["Data","Const"],"Const"]},{"tag":"TypeVar","contents":"a"}]}],"edInstanceConstraints":[]}},{"EDInstance":{"edInstanceClassName":[["Data","Functor","Contravariant"],"Contravariant"],"edInstanceName":{"Ident":"contravariantConst"},"edInstanceTypes":[{"tag":"TypeApp","contents":[{"tag":"TypeConstructor","contents":[["Data","Const"],"Const"]},{"tag":"TypeVar","contents":"a"}]}],"edInstanceConstraints":[]}},{"EDInstance":{"edInstanceClassName":[["Control","Apply"],"Apply"],"edInstanceName":{"Ident":"applyConst"},"edInstanceTypes":[{"tag":"TypeApp","contents":[{"tag":"TypeConstructor","contents":[["Data","Const"],"Const"]},{"tag":"TypeVar","contents":"a"}]}],"edInstanceConstraints":[{"constraintClass":[["Data","Semigroup"],"Semigroup"],"constraintArgs":[{"tag":"TypeVar","contents":"a"}],"constraintData":null}]}},{"EDInstance":{"edInstanceClassName":[["Control","Bind"],"Bind"],"edInstanceName":{"Ident":"bindConst"},"edInstanceTypes":[{"tag":"TypeApp","contents":[{"tag":"TypeConstructor","contents":[["Data","Const"],"Const"]},{"tag":"TypeVar","contents":"a"}]}],"edInstanceConstraints":[{"constraintClass":[["Data","Semigroup"],"Semigroup"],"constraintArgs":[{"tag":"TypeVar","contents":"a"}],"constraintData":null}]}},{"EDInstance":{"edInstanceClassName":[["Control","Applicative"],"Applicative"],"edInstanceName":{"Ident":"applicativeConst"},"edInstanceTypes":[{"tag":"TypeApp","contents":[{"tag":"TypeConstructor","contents":[["Data","Const"],"Const"]},{"tag":"TypeVar","contents":"a"}]}],"edInstanceConstraints":[{"constraintClass":[["Data","Monoid"],"Monoid"],"constraintArgs":[{"tag":"TypeVar","contents":"a"}],"constraintData":null}]}},{"EDInstance":{"edInstanceClassName":[["Data","Foldable"],"Foldable"],"edInstanceName":{"Ident":"foldableConst"},"edInstanceTypes":[{"tag":"TypeApp","contents":[{"tag":"TypeConstructor","contents":[["Data","Const"],"Const"]},{"tag":"TypeVar","contents":"a"}]}],"edInstanceConstraints":[]}},{"EDInstance":{"edInstanceClassName":[["Data","Traversable"],"Traversable"],"edInstanceName":{"Ident":"traversableConst"},"edInstanceTypes":[{"tag":"TypeApp","contents":[{"tag":"TypeConstructor","contents":[["Data","Const"],"Const"]},{"tag":"TypeVar","contents":"a"}]}],"edInstanceConstraints":[]}}],"efSourceSpan":{"start":[1,1],"name":"C:\\Users\\I344006\\purescript\\juspay_rotatecube\\bower_components\\purescript-const\\src\\Data\\Const.purs","end":[78,37]}}