{"efVersion":"0.11.6","efModuleName":["Data","String","Gen"],"efExports":[{"ValueRef":[{"start":[1,1],"name":"C:\\Users\\I344006\\purescript\\juspay_rotatecube\\bower_components\\purescript-strings\\src\\Data\\String\\Gen.purs","end":[31,31]},{"Ident":"genAsciiString"}]},{"ValueRef":[{"start":[1,1],"name":"C:\\Users\\I344006\\purescript\\juspay_rotatecube\\bower_components\\purescript-strings\\src\\Data\\String\\Gen.purs","end":[31,31]},{"Ident":"genAsciiString'"}]},{"ValueRef":[{"start":[1,1],"name":"C:\\Users\\I344006\\purescript\\juspay_rotatecube\\bower_components\\purescript-strings\\src\\Data\\String\\Gen.purs","end":[31,31]},{"Ident":"genDigitString"}]},{"ValueRef":[{"start":[1,1],"name":"C:\\Users\\I344006\\purescript\\juspay_rotatecube\\bower_components\\purescript-strings\\src\\Data\\String\\Gen.purs","end":[31,31]},{"Ident":"genString"}]},{"ValueRef":[{"start":[1,1],"name":"C:\\Users\\I344006\\purescript\\juspay_rotatecube\\bower_components\\purescript-strings\\src\\Data\\String\\Gen.purs","end":[31,31]},{"Ident":"genUnicodeString"}]}],"efImports":[{"eiModule":["Prim"],"eiImportType":{"Implicit":[]},"eiImportedAs":null},{"eiModule":["Prim"],"eiImportType":{"Implicit":[]},"eiImportedAs":["Prim"]},{"eiModule":["Prelude"],"eiImportType":{"Implicit":[]},"eiImportedAs":null},{"eiModule":["Control","Monad","Gen"],"eiImportType":{"Explicit":[{"TypeClassRef":[{"start":[5,27],"name":"C:\\Users\\I344006\\purescript\\juspay_rotatecube\\bower_components\\purescript-strings\\src\\Data\\String\\Gen.purs","end":[5,41]},"MonadGen"]},{"ValueRef":[{"start":[5,43],"name":"C:\\Users\\I344006\\purescript\\juspay_rotatecube\\bower_components\\purescript-strings\\src\\Data\\String\\Gen.purs","end":[5,52]},{"Ident":"chooseInt"}]},{"ValueRef":[{"start":[5,54],"name":"C:\\Users\\I344006\\purescript\\juspay_rotatecube\\bower_components\\purescript-strings\\src\\Data\\String\\Gen.purs","end":[5,64]},{"Ident":"unfoldable"}]},{"ValueRef":[{"start":[5,66],"name":"C:\\Users\\I344006\\purescript\\juspay_rotatecube\\bower_components\\purescript-strings\\src\\Data\\String\\Gen.purs","end":[5,71]},{"Ident":"sized"}]},{"ValueRef":[{"start":[5,73],"name":"C:\\Users\\I344006\\purescript\\juspay_rotatecube\\bower_components\\purescript-strings\\src\\Data\\String\\Gen.purs","end":[5,79]},{"Ident":"resize"}]}]},"eiImportedAs":null},{"eiModule":["Control","Monad","Rec","Class"],"eiImportType":{"Explicit":[{"TypeClassRef":[{"start":[6,33],"name":"C:\\Users\\I344006\\purescript\\juspay_rotatecube\\bower_components\\purescript-strings\\src\\Data\\String\\Gen.purs","end":[6,47]},"MonadRec"]}]},"eiImportedAs":null},{"eiModule":["Data","Char","Gen"],"eiImportType":{"Implicit":[]},"eiImportedAs":["CG"]},{"eiModule":["Data","String"],"eiImportType":{"Implicit":[]},"eiImportedAs":["S"]}],"efFixities":[],"efTypeFixities":[],"efDeclarations":[{"EDValue":{"edValueName":{"Ident":"genAsciiString"},"edValueType":{"tag":"ForAll","contents":["m",{"tag":"ConstrainedType","contents":[{"constraintClass":[["Control","Monad","Rec","Class"],"MonadRec"],"constraintArgs":[{"tag":"TypeVar","contents":"m"}],"constraintData":null},{"tag":"ConstrainedType","contents":[{"constraintClass":[["Control","Monad","Gen","Class"],"MonadGen"],"constraintArgs":[{"tag":"TypeVar","contents":"m"}],"constraintData":null},{"tag":"TypeApp","contents":[{"tag":"TypeVar","contents":"m"},{"tag":"TypeConstructor","contents":[["Prim"],"String"]}]}]}]},8]}}},{"EDValue":{"edValueName":{"Ident":"genAsciiString'"},"edValueType":{"tag":"ForAll","contents":["m",{"tag":"ConstrainedType","contents":[{"constraintClass":[["Control","Monad","Rec","Class"],"MonadRec"],"constraintArgs":[{"tag":"TypeVar","contents":"m"}],"constraintData":null},{"tag":"ConstrainedType","contents":[{"constraintClass":[["Control","Monad","Gen","Class"],"MonadGen"],"constraintArgs":[{"tag":"TypeVar","contents":"m"}],"constraintData":null},{"tag":"TypeApp","contents":[{"tag":"TypeVar","contents":"m"},{"tag":"TypeConstructor","contents":[["Prim"],"String"]}]}]}]},6]}}},{"EDValue":{"edValueName":{"Ident":"genDigitString"},"edValueType":{"tag":"ForAll","contents":["m",{"tag":"ConstrainedType","contents":[{"constraintClass":[["Control","Monad","Rec","Class"],"MonadRec"],"constraintArgs":[{"tag":"TypeVar","contents":"m"}],"constraintData":null},{"tag":"ConstrainedType","contents":[{"constraintClass":[["Control","Monad","Gen","Class"],"MonadGen"],"constraintArgs":[{"tag":"TypeVar","contents":"m"}],"constraintData":null},{"tag":"TypeApp","contents":[{"tag":"TypeVar","contents":"m"},{"tag":"TypeConstructor","contents":[["Prim"],"String"]}]}]}]},4]}}},{"EDValue":{"edValueName":{"Ident":"genString"},"edValueType":{"tag":"ForAll","contents":["m",{"tag":"ConstrainedType","contents":[{"constraintClass":[["Control","Monad","Rec","Class"],"MonadRec"],"constraintArgs":[{"tag":"TypeVar","contents":"m"}],"constraintData":null},{"tag":"ConstrainedType","contents":[{"constraintClass":[["Control","Monad","Gen","Class"],"MonadGen"],"constraintArgs":[{"tag":"TypeVar","contents":"m"}],"constraintData":null},{"tag":"TypeApp","contents":[{"tag":"TypeApp","contents":[{"tag":"TypeConstructor","contents":[["Prim"],"Function"]},{"tag":"TypeApp","contents":[{"tag":"TypeVar","contents":"m"},{"tag":"TypeConstructor","contents":[["Prim"],"Char"]}]}]},{"tag":"TypeApp","contents":[{"tag":"TypeVar","contents":"m"},{"tag":"TypeConstructor","contents":[["Prim"],"String"]}]}]}]}]},0]}}},{"EDValue":{"edValueName":{"Ident":"genUnicodeString"},"edValueType":{"tag":"ForAll","contents":["m",{"tag":"ConstrainedType","contents":[{"constraintClass":[["Control","Monad","Rec","Class"],"MonadRec"],"constraintArgs":[{"tag":"TypeVar","contents":"m"}],"constraintData":null},{"tag":"ConstrainedType","contents":[{"constraintClass":[["Control","Monad","Gen","Class"],"MonadGen"],"constraintArgs":[{"tag":"TypeVar","contents":"m"}],"constraintData":null},{"tag":"TypeApp","contents":[{"tag":"TypeVar","contents":"m"},{"tag":"TypeConstructor","contents":[["Prim"],"String"]}]}]}]},2]}}}],"efSourceSpan":{"start":[1,1],"name":"C:\\Users\\I344006\\purescript\\juspay_rotatecube\\bower_components\\purescript-strings\\src\\Data\\String\\Gen.purs","end":[31,31]}}