{"efVersion":"0.11.6","efModuleName":["Control","Monad","RWS"],"efExports":[{"TypeRef":[{"start":[1,1],"name":"C:\\Users\\I344006\\purescript\\juspay_rotatecube\\bower_components\\purescript-transformers\\src\\Control\\Monad\\RWS.purs","end":[54,11]},"RWS",[]]},{"ReExportRef":[{"start":[1,1],"name":"C:\\Users\\I344006\\purescript\\juspay_rotatecube\\bower_components\\purescript-transformers\\src\\Control\\Monad\\RWS.purs","end":[54,11]},["Control","Monad","RWS","Trans"],{"TypeRef":[{"start":[1,1],"name":"C:\\Users\\I344006\\purescript\\juspay_rotatecube\\bower_components\\purescript-transformers\\src\\Control\\Monad\\RWS.purs","end":[54,11]},"RWSResult",["RWSResult"]]}]},{"ReExportRef":[{"start":[1,1],"name":"C:\\Users\\I344006\\purescript\\juspay_rotatecube\\bower_components\\purescript-transformers\\src\\Control\\Monad\\RWS.purs","end":[54,11]},["Control","Monad","RWS","Trans"],{"TypeRef":[{"start":[1,1],"name":"C:\\Users\\I344006\\purescript\\juspay_rotatecube\\bower_components\\purescript-transformers\\src\\Control\\Monad\\RWS.purs","end":[54,11]},"RWST",["RWST"]]}]},{"ReExportRef":[{"start":[1,1],"name":"C:\\Users\\I344006\\purescript\\juspay_rotatecube\\bower_components\\purescript-transformers\\src\\Control\\Monad\\RWS.purs","end":[54,11]},["Control","Monad","Trans","Class"],{"TypeClassRef":[{"start":[1,1],"name":"C:\\Users\\I344006\\purescript\\juspay_rotatecube\\bower_components\\purescript-transformers\\src\\Control\\Monad\\RWS.purs","end":[54,11]},"MonadTrans"]}]},{"ReExportRef":[{"start":[1,1],"name":"C:\\Users\\I344006\\purescript\\juspay_rotatecube\\bower_components\\purescript-transformers\\src\\Control\\Monad\\RWS.purs","end":[54,11]},["Control","Monad","Reader","Class"],{"ValueRef":[{"start":[1,1],"name":"C:\\Users\\I344006\\purescript\\juspay_rotatecube\\bower_components\\purescript-transformers\\src\\Control\\Monad\\RWS.purs","end":[54,11]},{"Ident":"ask"}]}]},{"ReExportRef":[{"start":[1,1],"name":"C:\\Users\\I344006\\purescript\\juspay_rotatecube\\bower_components\\purescript-transformers\\src\\Control\\Monad\\RWS.purs","end":[54,11]},["Control","Monad","Reader","Class"],{"ValueRef":[{"start":[1,1],"name":"C:\\Users\\I344006\\purescript\\juspay_rotatecube\\bower_components\\purescript-transformers\\src\\Control\\Monad\\RWS.purs","end":[54,11]},{"Ident":"asks"}]}]},{"ReExportRef":[{"start":[1,1],"name":"C:\\Users\\I344006\\purescript\\juspay_rotatecube\\bower_components\\purescript-transformers\\src\\Control\\Monad\\RWS.purs","end":[54,11]},["Control","Monad","Writer","Class"],{"ValueRef":[{"start":[1,1],"name":"C:\\Users\\I344006\\purescript\\juspay_rotatecube\\bower_components\\purescript-transformers\\src\\Control\\Monad\\RWS.purs","end":[54,11]},{"Ident":"censor"}]}]},{"ValueRef":[{"start":[1,1],"name":"C:\\Users\\I344006\\purescript\\juspay_rotatecube\\bower_components\\purescript-transformers\\src\\Control\\Monad\\RWS.purs","end":[54,11]},{"Ident":"evalRWS"}]},{"ReExportRef":[{"start":[1,1],"name":"C:\\Users\\I344006\\purescript\\juspay_rotatecube\\bower_components\\purescript-transformers\\src\\Control\\Monad\\RWS.purs","end":[54,11]},["Control","Monad","RWS","Trans"],{"ValueRef":[{"start":[1,1],"name":"C:\\Users\\I344006\\purescript\\juspay_rotatecube\\bower_components\\purescript-transformers\\src\\Control\\Monad\\RWS.purs","end":[54,11]},{"Ident":"evalRWST"}]}]},{"ValueRef":[{"start":[1,1],"name":"C:\\Users\\I344006\\purescript\\juspay_rotatecube\\bower_components\\purescript-transformers\\src\\Control\\Monad\\RWS.purs","end":[54,11]},{"Ident":"execRWS"}]},{"ReExportRef":[{"start":[1,1],"name":"C:\\Users\\I344006\\purescript\\juspay_rotatecube\\bower_components\\purescript-transformers\\src\\Control\\Monad\\RWS.purs","end":[54,11]},["Control","Monad","RWS","Trans"],{"ValueRef":[{"start":[1,1],"name":"C:\\Users\\I344006\\purescript\\juspay_rotatecube\\bower_components\\purescript-transformers\\src\\Control\\Monad\\RWS.purs","end":[54,11]},{"Ident":"execRWST"}]}]},{"ReExportRef":[{"start":[1,1],"name":"C:\\Users\\I344006\\purescript\\juspay_rotatecube\\bower_components\\purescript-transformers\\src\\Control\\Monad\\RWS.purs","end":[54,11]},["Control","Monad","State","Class"],{"ValueRef":[{"start":[1,1],"name":"C:\\Users\\I344006\\purescript\\juspay_rotatecube\\bower_components\\purescript-transformers\\src\\Control\\Monad\\RWS.purs","end":[54,11]},{"Ident":"get"}]}]},{"ReExportRef":[{"start":[1,1],"name":"C:\\Users\\I344006\\purescript\\juspay_rotatecube\\bower_components\\purescript-transformers\\src\\Control\\Monad\\RWS.purs","end":[54,11]},["Control","Monad","State","Class"],{"ValueRef":[{"start":[1,1],"name":"C:\\Users\\I344006\\purescript\\juspay_rotatecube\\bower_components\\purescript-transformers\\src\\Control\\Monad\\RWS.purs","end":[54,11]},{"Ident":"gets"}]}]},{"ReExportRef":[{"start":[1,1],"name":"C:\\Users\\I344006\\purescript\\juspay_rotatecube\\bower_components\\purescript-transformers\\src\\Control\\Monad\\RWS.purs","end":[54,11]},["Control","Monad","Trans","Class"],{"ValueRef":[{"start":[1,1],"name":"C:\\Users\\I344006\\purescript\\juspay_rotatecube\\bower_components\\purescript-transformers\\src\\Control\\Monad\\RWS.purs","end":[54,11]},{"Ident":"lift"}]}]},{"ReExportRef":[{"start":[1,1],"name":"C:\\Users\\I344006\\purescript\\juspay_rotatecube\\bower_components\\purescript-transformers\\src\\Control\\Monad\\RWS.purs","end":[54,11]},["Control","Monad","Writer","Class"],{"ValueRef":[{"start":[1,1],"name":"C:\\Users\\I344006\\purescript\\juspay_rotatecube\\bower_components\\purescript-transformers\\src\\Control\\Monad\\RWS.purs","end":[54,11]},{"Ident":"listen"}]}]},{"ReExportRef":[{"start":[1,1],"name":"C:\\Users\\I344006\\purescript\\juspay_rotatecube\\bower_components\\purescript-transformers\\src\\Control\\Monad\\RWS.purs","end":[54,11]},["Control","Monad","Writer","Class"],{"ValueRef":[{"start":[1,1],"name":"C:\\Users\\I344006\\purescript\\juspay_rotatecube\\bower_components\\purescript-transformers\\src\\Control\\Monad\\RWS.purs","end":[54,11]},{"Ident":"listens"}]}]},{"ReExportRef":[{"start":[1,1],"name":"C:\\Users\\I344006\\purescript\\juspay_rotatecube\\bower_components\\purescript-transformers\\src\\Control\\Monad\\RWS.purs","end":[54,11]},["Control","Monad","Reader","Class"],{"ValueRef":[{"start":[1,1],"name":"C:\\Users\\I344006\\purescript\\juspay_rotatecube\\bower_components\\purescript-transformers\\src\\Control\\Monad\\RWS.purs","end":[54,11]},{"Ident":"local"}]}]},{"ValueRef":[{"start":[1,1],"name":"C:\\Users\\I344006\\purescript\\juspay_rotatecube\\bower_components\\purescript-transformers\\src\\Control\\Monad\\RWS.purs","end":[54,11]},{"Ident":"mapRWS"}]},{"ReExportRef":[{"start":[1,1],"name":"C:\\Users\\I344006\\purescript\\juspay_rotatecube\\bower_components\\purescript-transformers\\src\\Control\\Monad\\RWS.purs","end":[54,11]},["Control","Monad","RWS","Trans"],{"ValueRef":[{"start":[1,1],"name":"C:\\Users\\I344006\\purescript\\juspay_rotatecube\\bower_components\\purescript-transformers\\src\\Control\\Monad\\RWS.purs","end":[54,11]},{"Ident":"mapRWST"}]}]},{"ReExportRef":[{"start":[1,1],"name":"C:\\Users\\I344006\\purescript\\juspay_rotatecube\\bower_components\\purescript-transformers\\src\\Control\\Monad\\RWS.purs","end":[54,11]},["Control","Monad","State","Class"],{"ValueRef":[{"start":[1,1],"name":"C:\\Users\\I344006\\purescript\\juspay_rotatecube\\bower_components\\purescript-transformers\\src\\Control\\Monad\\RWS.purs","end":[54,11]},{"Ident":"modify"}]}]},{"ReExportRef":[{"start":[1,1],"name":"C:\\Users\\I344006\\purescript\\juspay_rotatecube\\bower_components\\purescript-transformers\\src\\Control\\Monad\\RWS.purs","end":[54,11]},["Control","Monad","Writer","Class"],{"ValueRef":[{"start":[1,1],"name":"C:\\Users\\I344006\\purescript\\juspay_rotatecube\\bower_components\\purescript-transformers\\src\\Control\\Monad\\RWS.purs","end":[54,11]},{"Ident":"pass"}]}]},{"ReExportRef":[{"start":[1,1],"name":"C:\\Users\\I344006\\purescript\\juspay_rotatecube\\bower_components\\purescript-transformers\\src\\Control\\Monad\\RWS.purs","end":[54,11]},["Control","Monad","State","Class"],{"ValueRef":[{"start":[1,1],"name":"C:\\Users\\I344006\\purescript\\juspay_rotatecube\\bower_components\\purescript-transformers\\src\\Control\\Monad\\RWS.purs","end":[54,11]},{"Ident":"put"}]}]},{"ValueRef":[{"start":[1,1],"name":"C:\\Users\\I344006\\purescript\\juspay_rotatecube\\bower_components\\purescript-transformers\\src\\Control\\Monad\\RWS.purs","end":[54,11]},{"Ident":"runRWS"}]},{"ReExportRef":[{"start":[1,1],"name":"C:\\Users\\I344006\\purescript\\juspay_rotatecube\\bower_components\\purescript-transformers\\src\\Control\\Monad\\RWS.purs","end":[54,11]},["Control","Monad","RWS","Trans"],{"ValueRef":[{"start":[1,1],"name":"C:\\Users\\I344006\\purescript\\juspay_rotatecube\\bower_components\\purescript-transformers\\src\\Control\\Monad\\RWS.purs","end":[54,11]},{"Ident":"runRWST"}]}]},{"ValueRef":[{"start":[1,1],"name":"C:\\Users\\I344006\\purescript\\juspay_rotatecube\\bower_components\\purescript-transformers\\src\\Control\\Monad\\RWS.purs","end":[54,11]},{"Ident":"rws"}]},{"ReExportRef":[{"start":[1,1],"name":"C:\\Users\\I344006\\purescript\\juspay_rotatecube\\bower_components\\purescript-transformers\\src\\Control\\Monad\\RWS.purs","end":[54,11]},["Control","Monad","State","Class"],{"ValueRef":[{"start":[1,1],"name":"C:\\Users\\I344006\\purescript\\juspay_rotatecube\\bower_components\\purescript-transformers\\src\\Control\\Monad\\RWS.purs","end":[54,11]},{"Ident":"state"}]}]},{"ReExportRef":[{"start":[1,1],"name":"C:\\Users\\I344006\\purescript\\juspay_rotatecube\\bower_components\\purescript-transformers\\src\\Control\\Monad\\RWS.purs","end":[54,11]},["Control","Monad","Writer","Class"],{"ValueRef":[{"start":[1,1],"name":"C:\\Users\\I344006\\purescript\\juspay_rotatecube\\bower_components\\purescript-transformers\\src\\Control\\Monad\\RWS.purs","end":[54,11]},{"Ident":"tell"}]}]},{"ValueRef":[{"start":[1,1],"name":"C:\\Users\\I344006\\purescript\\juspay_rotatecube\\bower_components\\purescript-transformers\\src\\Control\\Monad\\RWS.purs","end":[54,11]},{"Ident":"withRWS"}]},{"ReExportRef":[{"start":[1,1],"name":"C:\\Users\\I344006\\purescript\\juspay_rotatecube\\bower_components\\purescript-transformers\\src\\Control\\Monad\\RWS.purs","end":[54,11]},["Control","Monad","RWS","Trans"],{"ValueRef":[{"start":[1,1],"name":"C:\\Users\\I344006\\purescript\\juspay_rotatecube\\bower_components\\purescript-transformers\\src\\Control\\Monad\\RWS.purs","end":[54,11]},{"Ident":"withRWST"}]}]},{"ModuleRef":[{"start":[11,5],"name":"C:\\Users\\I344006\\purescript\\juspay_rotatecube\\bower_components\\purescript-transformers\\src\\Control\\Monad\\RWS.purs","end":[11,35]},["Control","Monad","RWS","Trans"]]},{"ModuleRef":[{"start":[12,5],"name":"C:\\Users\\I344006\\purescript\\juspay_rotatecube\\bower_components\\purescript-transformers\\src\\Control\\Monad\\RWS.purs","end":[12,19]},["Exports"]]}],"efImports":[{"eiModule":["Prim"],"eiImportType":{"Implicit":[]},"eiImportedAs":null},{"eiModule":["Prim"],"eiImportType":{"Implicit":[]},"eiImportedAs":["Prim"]},{"eiModule":["Prelude"],"eiImportType":{"Implicit":[]},"eiImportedAs":null},{"eiModule":["Control","Monad","Reader","Class"],"eiImportType":{"Explicit":[{"ValueRef":[{"start":[17,36],"name":"C:\\Users\\I344006\\purescript\\juspay_rotatecube\\bower_components\\purescript-transformers\\src\\Control\\Monad\\RWS.purs","end":[17,39]},{"Ident":"ask"}]},{"ValueRef":[{"start":[17,41],"name":"C:\\Users\\I344006\\purescript\\juspay_rotatecube\\bower_components\\purescript-transformers\\src\\Control\\Monad\\RWS.purs","end":[17,45]},{"Ident":"asks"}]},{"ValueRef":[{"start":[17,47],"name":"C:\\Users\\I344006\\purescript\\juspay_rotatecube\\bower_components\\purescript-transformers\\src\\Control\\Monad\\RWS.purs","end":[17,52]},{"Ident":"local"}]}]},"eiImportedAs":["Exports"]},{"eiModule":["Control","Monad","RWS","Trans"],"eiImportType":{"Explicit":[{"TypeClassRef":[{"start":[18,33],"name":"C:\\Users\\I344006\\purescript\\juspay_rotatecube\\bower_components\\purescript-transformers\\src\\Control\\Monad\\RWS.purs","end":[18,49]},"MonadTrans"]},{"TypeRef":[{"start":[18,51],"name":"C:\\Users\\I344006\\purescript\\juspay_rotatecube\\bower_components\\purescript-transformers\\src\\Control\\Monad\\RWS.purs","end":[18,64]},"RWSResult",null]},{"TypeRef":[{"start":[18,66],"name":"C:\\Users\\I344006\\purescript\\juspay_rotatecube\\bower_components\\purescript-transformers\\src\\Control\\Monad\\RWS.purs","end":[18,74]},"RWST",null]},{"ValueRef":[{"start":[18,76],"name":"C:\\Users\\I344006\\purescript\\juspay_rotatecube\\bower_components\\purescript-transformers\\src\\Control\\Monad\\RWS.purs","end":[18,84]},{"Ident":"evalRWST"}]},{"ValueRef":[{"start":[18,86],"name":"C:\\Users\\I344006\\purescript\\juspay_rotatecube\\bower_components\\purescript-transformers\\src\\Control\\Monad\\RWS.purs","end":[18,94]},{"Ident":"execRWST"}]},{"ValueRef":[{"start":[18,96],"name":"C:\\Users\\I344006\\purescript\\juspay_rotatecube\\bower_components\\purescript-transformers\\src\\Control\\Monad\\RWS.purs","end":[18,100]},{"Ident":"lift"}]},{"ValueRef":[{"start":[18,102],"name":"C:\\Users\\I344006\\purescript\\juspay_rotatecube\\bower_components\\purescript-transformers\\src\\Control\\Monad\\RWS.purs","end":[18,109]},{"Ident":"mapRWST"}]},{"ValueRef":[{"start":[18,111],"name":"C:\\Users\\I344006\\purescript\\juspay_rotatecube\\bower_components\\purescript-transformers\\src\\Control\\Monad\\RWS.purs","end":[18,118]},{"Ident":"runRWST"}]},{"ValueRef":[{"start":[18,120],"name":"C:\\Users\\I344006\\purescript\\juspay_rotatecube\\bower_components\\purescript-transformers\\src\\Control\\Monad\\RWS.purs","end":[18,128]},{"Ident":"withRWST"}]}]},"eiImportedAs":null},{"eiModule":["Control","Monad","State","Class"],"eiImportType":{"Explicit":[{"ValueRef":[{"start":[19,35],"name":"C:\\Users\\I344006\\purescript\\juspay_rotatecube\\bower_components\\purescript-transformers\\src\\Control\\Monad\\RWS.purs","end":[19,38]},{"Ident":"get"}]},{"ValueRef":[{"start":[19,40],"name":"C:\\Users\\I344006\\purescript\\juspay_rotatecube\\bower_components\\purescript-transformers\\src\\Control\\Monad\\RWS.purs","end":[19,44]},{"Ident":"gets"}]},{"ValueRef":[{"start":[19,46],"name":"C:\\Users\\I344006\\purescript\\juspay_rotatecube\\bower_components\\purescript-transformers\\src\\Control\\Monad\\RWS.purs","end":[19,51]},{"Ident":"state"}]},{"ValueRef":[{"start":[19,53],"name":"C:\\Users\\I344006\\purescript\\juspay_rotatecube\\bower_components\\purescript-transformers\\src\\Control\\Monad\\RWS.purs","end":[19,56]},{"Ident":"put"}]},{"ValueRef":[{"start":[19,58],"name":"C:\\Users\\I344006\\purescript\\juspay_rotatecube\\bower_components\\purescript-transformers\\src\\Control\\Monad\\RWS.purs","end":[19,64]},{"Ident":"modify"}]}]},"eiImportedAs":["Exports"]},{"eiModule":["Control","Monad","Trans","Class"],"eiImportType":{"Explicit":[{"ValueRef":[{"start":[20,35],"name":"C:\\Users\\I344006\\purescript\\juspay_rotatecube\\bower_components\\purescript-transformers\\src\\Control\\Monad\\RWS.purs","end":[20,39]},{"Ident":"lift"}]}]},"eiImportedAs":["Exports"]},{"eiModule":["Control","Monad","Writer","Class"],"eiImportType":{"Explicit":[{"ValueRef":[{"start":[21,36],"name":"C:\\Users\\I344006\\purescript\\juspay_rotatecube\\bower_components\\purescript-transformers\\src\\Control\\Monad\\RWS.purs","end":[21,42]},{"Ident":"censor"}]},{"ValueRef":[{"start":[21,44],"name":"C:\\Users\\I344006\\purescript\\juspay_rotatecube\\bower_components\\purescript-transformers\\src\\Control\\Monad\\RWS.purs","end":[21,50]},{"Ident":"listen"}]},{"ValueRef":[{"start":[21,52],"name":"C:\\Users\\I344006\\purescript\\juspay_rotatecube\\bower_components\\purescript-transformers\\src\\Control\\Monad\\RWS.purs","end":[21,59]},{"Ident":"listens"}]},{"ValueRef":[{"start":[21,61],"name":"C:\\Users\\I344006\\purescript\\juspay_rotatecube\\bower_components\\purescript-transformers\\src\\Control\\Monad\\RWS.purs","end":[21,65]},{"Ident":"pass"}]},{"ValueRef":[{"start":[21,67],"name":"C:\\Users\\I344006\\purescript\\juspay_rotatecube\\bower_components\\purescript-transformers\\src\\Control\\Monad\\RWS.purs","end":[21,71]},{"Ident":"tell"}]}]},"eiImportedAs":["Exports"]},{"eiModule":["Data","Identity"],"eiImportType":{"Explicit":[{"TypeRef":[{"start":[23,23],"name":"C:\\Users\\I344006\\purescript\\juspay_rotatecube\\bower_components\\purescript-transformers\\src\\Control\\Monad\\RWS.purs","end":[23,35]},"Identity",null]}]},"eiImportedAs":null},{"eiModule":["Data","Newtype"],"eiImportType":{"Explicit":[{"ValueRef":[{"start":[24,22],"name":"C:\\Users\\I344006\\purescript\\juspay_rotatecube\\bower_components\\purescript-transformers\\src\\Control\\Monad\\RWS.purs","end":[24,28]},{"Ident":"unwrap"}]}]},"eiImportedAs":null},{"eiModule":["Data","Tuple"],"eiImportType":{"Explicit":[{"TypeRef":[{"start":[25,20],"name":"C:\\Users\\I344006\\purescript\\juspay_rotatecube\\bower_components\\purescript-transformers\\src\\Control\\Monad\\RWS.purs","end":[25,25]},"Tuple",[]]}]},"eiImportedAs":null}],"efFixities":[],"efTypeFixities":[],"efDeclarations":[{"EDType":{"edTypeName":"RWS","edTypeKind":{"tag":"FunKind","contents":[{"tag":"NamedKind","contents":[["Prim"],"Type"]},{"tag":"FunKind","contents":[{"tag":"NamedKind","contents":[["Prim"],"Type"]},{"tag":"FunKind","contents":[{"tag":"NamedKind","contents":[["Prim"],"Type"]},{"tag":"FunKind","contents":[{"tag":"NamedKind","contents":[["Prim"],"Type"]},{"tag":"NamedKind","contents":[["Prim"],"Type"]}]}]}]}]},"edTypeDeclarationKind":"TypeSynonym"}},{"EDTypeSynonym":{"edTypeSynonymName":"RWS","edTypeSynonymArguments":[["r",{"tag":"NamedKind","contents":[["Prim"],"Type"]}],["w",{"tag":"NamedKind","contents":[["Prim"],"Type"]}],["s",{"tag":"NamedKind","contents":[["Prim"],"Type"]}]],"edTypeSynonymType":{"tag":"TypeApp","contents":[{"tag":"TypeApp","contents":[{"tag":"TypeApp","contents":[{"tag":"TypeApp","contents":[{"tag":"TypeConstructor","contents":[["Control","Monad","RWS","Trans"],"RWST"]},{"tag":"TypeVar","contents":"r"}]},{"tag":"TypeVar","contents":"w"}]},{"tag":"TypeVar","contents":"s"}]},{"tag":"TypeConstructor","contents":[["Data","Identity"],"Identity"]}]}}},{"EDValue":{"edValueName":{"Ident":"evalRWS"},"edValueType":{"tag":"ForAll","contents":["a",{"tag":"ForAll","contents":["s",{"tag":"ForAll","contents":["w",{"tag":"ForAll","contents":["r",{"tag":"TypeApp","contents":[{"tag":"TypeApp","contents":[{"tag":"TypeConstructor","contents":[["Prim"],"Function"]},{"tag":"TypeApp","contents":[{"tag":"TypeApp","contents":[{"tag":"TypeApp","contents":[{"tag":"TypeApp","contents":[{"tag":"TypeApp","contents":[{"tag":"TypeConstructor","contents":[["Control","Monad","RWS","Trans"],"RWST"]},{"tag":"TypeVar","contents":"r"}]},{"tag":"TypeVar","contents":"w"}]},{"tag":"TypeVar","contents":"s"}]},{"tag":"TypeConstructor","contents":[["Data","Identity"],"Identity"]}]},{"tag":"TypeVar","contents":"a"}]}]},{"tag":"TypeApp","contents":[{"tag":"TypeApp","contents":[{"tag":"TypeConstructor","contents":[["Prim"],"Function"]},{"tag":"TypeVar","contents":"r"}]},{"tag":"TypeApp","contents":[{"tag":"TypeApp","contents":[{"tag":"TypeConstructor","contents":[["Prim"],"Function"]},{"tag":"TypeVar","contents":"s"}]},{"tag":"TypeApp","contents":[{"tag":"TypeApp","contents":[{"tag":"TypeConstructor","contents":[["Data","Tuple"],"Tuple"]},{"tag":"TypeVar","contents":"a"}]},{"tag":"TypeVar","contents":"w"}]}]}]}]},47]},48]},49]},50]}}},{"EDValue":{"edValueName":{"Ident":"execRWS"},"edValueType":{"tag":"ForAll","contents":["a",{"tag":"ForAll","contents":["s",{"tag":"ForAll","contents":["w",{"tag":"ForAll","contents":["r",{"tag":"TypeApp","contents":[{"tag":"TypeApp","contents":[{"tag":"TypeConstructor","contents":[["Prim"],"Function"]},{"tag":"TypeApp","contents":[{"tag":"TypeApp","contents":[{"tag":"TypeApp","contents":[{"tag":"TypeApp","contents":[{"tag":"TypeApp","contents":[{"tag":"TypeConstructor","contents":[["Control","Monad","RWS","Trans"],"RWST"]},{"tag":"TypeVar","contents":"r"}]},{"tag":"TypeVar","contents":"w"}]},{"tag":"TypeVar","contents":"s"}]},{"tag":"TypeConstructor","contents":[["Data","Identity"],"Identity"]}]},{"tag":"TypeVar","contents":"a"}]}]},{"tag":"TypeApp","contents":[{"tag":"TypeApp","contents":[{"tag":"TypeConstructor","contents":[["Prim"],"Function"]},{"tag":"TypeVar","contents":"r"}]},{"tag":"TypeApp","contents":[{"tag":"TypeApp","contents":[{"tag":"TypeConstructor","contents":[["Prim"],"Function"]},{"tag":"TypeVar","contents":"s"}]},{"tag":"TypeApp","contents":[{"tag":"TypeApp","contents":[{"tag":"TypeConstructor","contents":[["Data","Tuple"],"Tuple"]},{"tag":"TypeVar","contents":"s"}]},{"tag":"TypeVar","contents":"w"}]}]}]}]},39]},40]},41]},42]}}},{"EDValue":{"edValueName":{"Ident":"mapRWS"},"edValueType":{"tag":"ForAll","contents":["a2",{"tag":"ForAll","contents":["a1",{"tag":"ForAll","contents":["s",{"tag":"ForAll","contents":["w2",{"tag":"ForAll","contents":["w1",{"tag":"ForAll","contents":["r",{"tag":"TypeApp","contents":[{"tag":"TypeApp","contents":[{"tag":"TypeConstructor","contents":[["Prim"],"Function"]},{"tag":"TypeApp","contents":[{"tag":"TypeApp","contents":[{"tag":"TypeConstructor","contents":[["Prim"],"Function"]},{"tag":"TypeApp","contents":[{"tag":"TypeApp","contents":[{"tag":"TypeApp","contents":[{"tag":"TypeConstructor","contents":[["Control","Monad","RWS","Trans"],"RWSResult"]},{"tag":"TypeVar","contents":"s"}]},{"tag":"TypeVar","contents":"a1"}]},{"tag":"TypeVar","contents":"w1"}]}]},{"tag":"TypeApp","contents":[{"tag":"TypeApp","contents":[{"tag":"TypeApp","contents":[{"tag":"TypeConstructor","contents":[["Control","Monad","RWS","Trans"],"RWSResult"]},{"tag":"TypeVar","contents":"s"}]},{"tag":"TypeVar","contents":"a2"}]},{"tag":"TypeVar","contents":"w2"}]}]}]},{"tag":"TypeApp","contents":[{"tag":"TypeApp","contents":[{"tag":"TypeConstructor","contents":[["Prim"],"Function"]},{"tag":"TypeApp","contents":[{"tag":"TypeApp","contents":[{"tag":"TypeApp","contents":[{"tag":"TypeApp","contents":[{"tag":"TypeApp","contents":[{"tag":"TypeConstructor","contents":[["Control","Monad","RWS","Trans"],"RWST"]},{"tag":"TypeVar","contents":"r"}]},{"tag":"TypeVar","contents":"w1"}]},{"tag":"TypeVar","contents":"s"}]},{"tag":"TypeConstructor","contents":[["Data","Identity"],"Identity"]}]},{"tag":"TypeVar","contents":"a1"}]}]},{"tag":"TypeApp","contents":[{"tag":"TypeApp","contents":[{"tag":"TypeApp","contents":[{"tag":"TypeApp","contents":[{"tag":"TypeApp","contents":[{"tag":"TypeConstructor","contents":[["Control","Monad","RWS","Trans"],"RWST"]},{"tag":"TypeVar","contents":"r"}]},{"tag":"TypeVar","contents":"w2"}]},{"tag":"TypeVar","contents":"s"}]},{"tag":"TypeConstructor","contents":[["Data","Identity"],"Identity"]}]},{"tag":"TypeVar","contents":"a2"}]}]}]},26]},27]},28]},29]},30]},31]}}},{"EDValue":{"edValueName":{"Ident":"runRWS"},"edValueType":{"tag":"ForAll","contents":["a",{"tag":"ForAll","contents":["s",{"tag":"ForAll","contents":["w",{"tag":"ForAll","contents":["r",{"tag":"TypeApp","contents":[{"tag":"TypeApp","contents":[{"tag":"TypeConstructor","contents":[["Prim"],"Function"]},{"tag":"TypeApp","contents":[{"tag":"TypeApp","contents":[{"tag":"TypeApp","contents":[{"tag":"TypeApp","contents":[{"tag":"TypeApp","contents":[{"tag":"TypeConstructor","contents":[["Control","Monad","RWS","Trans"],"RWST"]},{"tag":"TypeVar","contents":"r"}]},{"tag":"TypeVar","contents":"w"}]},{"tag":"TypeVar","contents":"s"}]},{"tag":"TypeConstructor","contents":[["Data","Identity"],"Identity"]}]},{"tag":"TypeVar","contents":"a"}]}]},{"tag":"TypeApp","contents":[{"tag":"TypeApp","contents":[{"tag":"TypeConstructor","contents":[["Prim"],"Function"]},{"tag":"TypeVar","contents":"r"}]},{"tag":"TypeApp","contents":[{"tag":"TypeApp","contents":[{"tag":"TypeConstructor","contents":[["Prim"],"Function"]},{"tag":"TypeVar","contents":"s"}]},{"tag":"TypeApp","contents":[{"tag":"TypeApp","contents":[{"tag":"TypeApp","contents":[{"tag":"TypeConstructor","contents":[["Control","Monad","RWS","Trans"],"RWSResult"]},{"tag":"TypeVar","contents":"s"}]},{"tag":"TypeVar","contents":"a"}]},{"tag":"TypeVar","contents":"w"}]}]}]}]},18]},19]},20]},21]}}},{"EDValue":{"edValueName":{"Ident":"rws"},"edValueType":{"tag":"ForAll","contents":["a",{"tag":"ForAll","contents":["s",{"tag":"ForAll","contents":["w",{"tag":"ForAll","contents":["r",{"tag":"TypeApp","contents":[{"tag":"TypeApp","contents":[{"tag":"TypeConstructor","contents":[["Prim"],"Function"]},{"tag":"TypeApp","contents":[{"tag":"TypeApp","contents":[{"tag":"TypeConstructor","contents":[["Prim"],"Function"]},{"tag":"TypeVar","contents":"r"}]},{"tag":"TypeApp","contents":[{"tag":"TypeApp","contents":[{"tag":"TypeConstructor","contents":[["Prim"],"Function"]},{"tag":"TypeVar","contents":"s"}]},{"tag":"TypeApp","contents":[{"tag":"TypeApp","contents":[{"tag":"TypeApp","contents":[{"tag":"TypeConstructor","contents":[["Control","Monad","RWS","Trans"],"RWSResult"]},{"tag":"TypeVar","contents":"s"}]},{"tag":"TypeVar","contents":"a"}]},{"tag":"TypeVar","contents":"w"}]}]}]}]},{"tag":"TypeApp","contents":[{"tag":"TypeApp","contents":[{"tag":"TypeApp","contents":[{"tag":"TypeApp","contents":[{"tag":"TypeApp","contents":[{"tag":"TypeConstructor","contents":[["Control","Monad","RWS","Trans"],"RWST"]},{"tag":"TypeVar","contents":"r"}]},{"tag":"TypeVar","contents":"w"}]},{"tag":"TypeVar","contents":"s"}]},{"tag":"TypeConstructor","contents":[["Data","Identity"],"Identity"]}]},{"tag":"TypeVar","contents":"a"}]}]},10]},11]},12]},13]}}},{"EDValue":{"edValueName":{"Ident":"withRWS"},"edValueType":{"tag":"ForAll","contents":["a",{"tag":"ForAll","contents":["s",{"tag":"ForAll","contents":["w",{"tag":"ForAll","contents":["r2",{"tag":"ForAll","contents":["r1",{"tag":"TypeApp","contents":[{"tag":"TypeApp","contents":[{"tag":"TypeConstructor","contents":[["Prim"],"Function"]},{"tag":"TypeApp","contents":[{"tag":"TypeApp","contents":[{"tag":"TypeConstructor","contents":[["Prim"],"Function"]},{"tag":"TypeVar","contents":"r2"}]},{"tag":"TypeApp","contents":[{"tag":"TypeApp","contents":[{"tag":"TypeConstructor","contents":[["Prim"],"Function"]},{"tag":"TypeVar","contents":"s"}]},{"tag":"TypeApp","contents":[{"tag":"TypeApp","contents":[{"tag":"TypeConstructor","contents":[["Data","Tuple"],"Tuple"]},{"tag":"TypeVar","contents":"r1"}]},{"tag":"TypeVar","contents":"s"}]}]}]}]},{"tag":"TypeApp","contents":[{"tag":"TypeApp","contents":[{"tag":"TypeConstructor","contents":[["Prim"],"Function"]},{"tag":"TypeApp","contents":[{"tag":"TypeApp","contents":[{"tag":"TypeApp","contents":[{"tag":"TypeApp","contents":[{"tag":"TypeApp","contents":[{"tag":"TypeConstructor","contents":[["Control","Monad","RWS","Trans"],"RWST"]},{"tag":"TypeVar","contents":"r1"}]},{"tag":"TypeVar","contents":"w"}]},{"tag":"TypeVar","contents":"s"}]},{"tag":"TypeConstructor","contents":[["Data","Identity"],"Identity"]}]},{"tag":"TypeVar","contents":"a"}]}]},{"tag":"TypeApp","contents":[{"tag":"TypeApp","contents":[{"tag":"TypeApp","contents":[{"tag":"TypeApp","contents":[{"tag":"TypeApp","contents":[{"tag":"TypeConstructor","contents":[["Control","Monad","RWS","Trans"],"RWST"]},{"tag":"TypeVar","contents":"r2"}]},{"tag":"TypeVar","contents":"w"}]},{"tag":"TypeVar","contents":"s"}]},{"tag":"TypeConstructor","contents":[["Data","Identity"],"Identity"]}]},{"tag":"TypeVar","contents":"a"}]}]}]},0]},1]},2]},3]},4]}}}],"efSourceSpan":{"start":[1,1],"name":"C:\\Users\\I344006\\purescript\\juspay_rotatecube\\bower_components\\purescript-transformers\\src\\Control\\Monad\\RWS.purs","end":[54,11]}}