{"efVersion":"0.11.6","efModuleName":["Data","Generic","Rep","Enum"],"efExports":[{"TypeClassRef":[{"start":[1,1],"name":"C:\\Users\\I344006\\purescript\\juspay_rotatecube\\bower_components\\purescript-generics-rep\\src\\Data\\Generic\\Rep\\Enum.purs","end":[118,40]},"GenericBoundedEnum"]},{"TypeClassRef":[{"start":[1,1],"name":"C:\\Users\\I344006\\purescript\\juspay_rotatecube\\bower_components\\purescript-generics-rep\\src\\Data\\Generic\\Rep\\Enum.purs","end":[118,40]},"GenericEnum"]},{"ValueRef":[{"start":[1,1],"name":"C:\\Users\\I344006\\purescript\\juspay_rotatecube\\bower_components\\purescript-generics-rep\\src\\Data\\Generic\\Rep\\Enum.purs","end":[118,40]},{"Ident":"genericCardinality"}]},{"ValueRef":[{"start":[1,1],"name":"C:\\Users\\I344006\\purescript\\juspay_rotatecube\\bower_components\\purescript-generics-rep\\src\\Data\\Generic\\Rep\\Enum.purs","end":[118,40]},{"Ident":"genericCardinality'"}]},{"ValueRef":[{"start":[1,1],"name":"C:\\Users\\I344006\\purescript\\juspay_rotatecube\\bower_components\\purescript-generics-rep\\src\\Data\\Generic\\Rep\\Enum.purs","end":[118,40]},{"Ident":"genericFromEnum"}]},{"ValueRef":[{"start":[1,1],"name":"C:\\Users\\I344006\\purescript\\juspay_rotatecube\\bower_components\\purescript-generics-rep\\src\\Data\\Generic\\Rep\\Enum.purs","end":[118,40]},{"Ident":"genericFromEnum'"}]},{"ValueRef":[{"start":[1,1],"name":"C:\\Users\\I344006\\purescript\\juspay_rotatecube\\bower_components\\purescript-generics-rep\\src\\Data\\Generic\\Rep\\Enum.purs","end":[118,40]},{"Ident":"genericPred"}]},{"ValueRef":[{"start":[1,1],"name":"C:\\Users\\I344006\\purescript\\juspay_rotatecube\\bower_components\\purescript-generics-rep\\src\\Data\\Generic\\Rep\\Enum.purs","end":[118,40]},{"Ident":"genericPred'"}]},{"ValueRef":[{"start":[1,1],"name":"C:\\Users\\I344006\\purescript\\juspay_rotatecube\\bower_components\\purescript-generics-rep\\src\\Data\\Generic\\Rep\\Enum.purs","end":[118,40]},{"Ident":"genericSucc"}]},{"ValueRef":[{"start":[1,1],"name":"C:\\Users\\I344006\\purescript\\juspay_rotatecube\\bower_components\\purescript-generics-rep\\src\\Data\\Generic\\Rep\\Enum.purs","end":[118,40]},{"Ident":"genericSucc'"}]},{"ValueRef":[{"start":[1,1],"name":"C:\\Users\\I344006\\purescript\\juspay_rotatecube\\bower_components\\purescript-generics-rep\\src\\Data\\Generic\\Rep\\Enum.purs","end":[118,40]},{"Ident":"genericToEnum"}]},{"ValueRef":[{"start":[1,1],"name":"C:\\Users\\I344006\\purescript\\juspay_rotatecube\\bower_components\\purescript-generics-rep\\src\\Data\\Generic\\Rep\\Enum.purs","end":[118,40]},{"Ident":"genericToEnum'"}]},{"TypeInstanceRef":[{"start":[0,0],"name":"<generated>","end":[0,0]},{"Ident":"genericEnumNoArguments"}]},{"TypeInstanceRef":[{"start":[0,0],"name":"<generated>","end":[0,0]},{"Ident":"genericEnumArgument"}]},{"TypeInstanceRef":[{"start":[0,0],"name":"<generated>","end":[0,0]},{"Ident":"genericEnumConstructor"}]},{"TypeInstanceRef":[{"start":[0,0],"name":"<generated>","end":[0,0]},{"Ident":"genericEnumSum"}]},{"TypeInstanceRef":[{"start":[0,0],"name":"<generated>","end":[0,0]},{"Ident":"genericEnumProduct"}]},{"TypeInstanceRef":[{"start":[0,0],"name":"<generated>","end":[0,0]},{"Ident":"genericBoundedEnumNoArguments"}]},{"TypeInstanceRef":[{"start":[0,0],"name":"<generated>","end":[0,0]},{"Ident":"genericBoundedEnumArgument"}]},{"TypeInstanceRef":[{"start":[0,0],"name":"<generated>","end":[0,0]},{"Ident":"genericBoundedEnumConstructor"}]},{"TypeInstanceRef":[{"start":[0,0],"name":"<generated>","end":[0,0]},{"Ident":"genericBoundedEnumSum"}]},{"TypeInstanceRef":[{"start":[0,0],"name":"<generated>","end":[0,0]},{"Ident":"genericBoundedEnumProduct"}]}],"efImports":[{"eiModule":["Prim"],"eiImportType":{"Implicit":[]},"eiImportedAs":null},{"eiModule":["Prim"],"eiImportType":{"Implicit":[]},"eiImportedAs":["Prim"]},{"eiModule":["Prelude"],"eiImportType":{"Implicit":[]},"eiImportedAs":null},{"eiModule":["Data","Enum"],"eiImportType":{"Explicit":[{"TypeClassRef":[{"start":[5,19],"name":"C:\\Users\\I344006\\purescript\\juspay_rotatecube\\bower_components\\purescript-generics-rep\\src\\Data\\Generic\\Rep\\Enum.purs","end":[5,36]},"BoundedEnum"]},{"TypeClassRef":[{"start":[5,38],"name":"C:\\Users\\I344006\\purescript\\juspay_rotatecube\\bower_components\\purescript-generics-rep\\src\\Data\\Generic\\Rep\\Enum.purs","end":[5,48]},"Enum"]},{"TypeRef":[{"start":[5,50],"name":"C:\\Users\\I344006\\purescript\\juspay_rotatecube\\bower_components\\purescript-generics-rep\\src\\Data\\Generic\\Rep\\Enum.purs","end":[5,65]},"Cardinality",null]},{"ValueRef":[{"start":[5,67],"name":"C:\\Users\\I344006\\purescript\\juspay_rotatecube\\bower_components\\purescript-generics-rep\\src\\Data\\Generic\\Rep\\Enum.purs","end":[5,78]},{"Ident":"cardinality"}]},{"ValueRef":[{"start":[5,80],"name":"C:\\Users\\I344006\\purescript\\juspay_rotatecube\\bower_components\\purescript-generics-rep\\src\\Data\\Generic\\Rep\\Enum.purs","end":[5,88]},{"Ident":"fromEnum"}]},{"ValueRef":[{"start":[5,90],"name":"C:\\Users\\I344006\\purescript\\juspay_rotatecube\\bower_components\\purescript-generics-rep\\src\\Data\\Generic\\Rep\\Enum.purs","end":[5,94]},{"Ident":"pred"}]},{"ValueRef":[{"start":[5,96],"name":"C:\\Users\\I344006\\purescript\\juspay_rotatecube\\bower_components\\purescript-generics-rep\\src\\Data\\Generic\\Rep\\Enum.purs","end":[5,100]},{"Ident":"succ"}]},{"ValueRef":[{"start":[5,102],"name":"C:\\Users\\I344006\\purescript\\juspay_rotatecube\\bower_components\\purescript-generics-rep\\src\\Data\\Generic\\Rep\\Enum.purs","end":[5,108]},{"Ident":"toEnum"}]}]},"eiImportedAs":null},{"eiModule":["Data","Generic","Rep"],"eiImportType":{"Explicit":[{"TypeClassRef":[{"start":[6,26],"name":"C:\\Users\\I344006\\purescript\\juspay_rotatecube\\bower_components\\purescript-generics-rep\\src\\Data\\Generic\\Rep\\Enum.purs","end":[6,39]},"Generic"]},{"TypeRef":[{"start":[6,41],"name":"C:\\Users\\I344006\\purescript\\juspay_rotatecube\\bower_components\\purescript-generics-rep\\src\\Data\\Generic\\Rep\\Enum.purs","end":[6,53]},"Argument",null]},{"TypeRef":[{"start":[6,55],"name":"C:\\Users\\I344006\\purescript\\juspay_rotatecube\\bower_components\\purescript-generics-rep\\src\\Data\\Generic\\Rep\\Enum.purs","end":[6,70]},"Constructor",null]},{"TypeRef":[{"start":[6,72],"name":"C:\\Users\\I344006\\purescript\\juspay_rotatecube\\bower_components\\purescript-generics-rep\\src\\Data\\Generic\\Rep\\Enum.purs","end":[6,87]},"NoArguments",null]},{"TypeRef":[{"start":[6,89],"name":"C:\\Users\\I344006\\purescript\\juspay_rotatecube\\bower_components\\purescript-generics-rep\\src\\Data\\Generic\\Rep\\Enum.purs","end":[6,100]},"Product",null]},{"TypeRef":[{"start":[6,102],"name":"C:\\Users\\I344006\\purescript\\juspay_rotatecube\\bower_components\\purescript-generics-rep\\src\\Data\\Generic\\Rep\\Enum.purs","end":[6,109]},"Sum",null]},{"ValueRef":[{"start":[6,111],"name":"C:\\Users\\I344006\\purescript\\juspay_rotatecube\\bower_components\\purescript-generics-rep\\src\\Data\\Generic\\Rep\\Enum.purs","end":[6,115]},{"Ident":"from"}]},{"ValueRef":[{"start":[6,117],"name":"C:\\Users\\I344006\\purescript\\juspay_rotatecube\\bower_components\\purescript-generics-rep\\src\\Data\\Generic\\Rep\\Enum.purs","end":[6,119]},{"Ident":"to"}]}]},"eiImportedAs":null},{"eiModule":["Data","Generic","Rep","Bounded"],"eiImportType":{"Explicit":[{"TypeClassRef":[{"start":[7,34],"name":"C:\\Users\\I344006\\purescript\\juspay_rotatecube\\bower_components\\purescript-generics-rep\\src\\Data\\Generic\\Rep\\Enum.purs","end":[7,53]},"GenericBottom"]},{"TypeClassRef":[{"start":[7,55],"name":"C:\\Users\\I344006\\purescript\\juspay_rotatecube\\bower_components\\purescript-generics-rep\\src\\Data\\Generic\\Rep\\Enum.purs","end":[7,71]},"GenericTop"]},{"ValueRef":[{"start":[7,73],"name":"C:\\Users\\I344006\\purescript\\juspay_rotatecube\\bower_components\\purescript-generics-rep\\src\\Data\\Generic\\Rep\\Enum.purs","end":[7,87]},{"Ident":"genericBottom'"}]},{"ValueRef":[{"start":[7,89],"name":"C:\\Users\\I344006\\purescript\\juspay_rotatecube\\bower_components\\purescript-generics-rep\\src\\Data\\Generic\\Rep\\Enum.purs","end":[7,100]},{"Ident":"genericTop'"}]}]},"eiImportedAs":null},{"eiModule":["Data","Maybe"],"eiImportType":{"Explicit":[{"TypeRef":[{"start":[8,20],"name":"C:\\Users\\I344006\\purescript\\juspay_rotatecube\\bower_components\\purescript-generics-rep\\src\\Data\\Generic\\Rep\\Enum.purs","end":[8,29]},"Maybe",null]}]},"eiImportedAs":null},{"eiModule":["Data","Newtype"],"eiImportType":{"Explicit":[{"ValueRef":[{"start":[9,22],"name":"C:\\Users\\I344006\\purescript\\juspay_rotatecube\\bower_components\\purescript-generics-rep\\src\\Data\\Generic\\Rep\\Enum.purs","end":[9,28]},{"Ident":"unwrap"}]}]},"eiImportedAs":null}],"efFixities":[],"efTypeFixities":[],"efDeclarations":[{"EDType":{"edTypeName":"GenericBoundedEnum","edTypeKind":{"tag":"FunKind","contents":[{"tag":"NamedKind","contents":[["Prim"],"Type"]},{"tag":"NamedKind","contents":[["Prim"],"Type"]}]},"edTypeDeclarationKind":"TypeSynonym"}},{"EDTypeSynonym":{"edTypeSynonymName":"GenericBoundedEnum","edTypeSynonymArguments":[["a",null]],"edTypeSynonymType":{"tag":"TypeApp","contents":[{"tag":"TypeConstructor","contents":[["Prim"],"Record"]},{"tag":"RCons","contents":["genericCardinality'",{"tag":"TypeApp","contents":[{"tag":"TypeConstructor","contents":[["Data","Enum"],"Cardinality"]},{"tag":"TypeVar","contents":"a"}]},{"tag":"RCons","contents":["genericToEnum'",{"tag":"TypeApp","contents":[{"tag":"TypeApp","contents":[{"tag":"TypeConstructor","contents":[["Prim"],"Function"]},{"tag":"TypeConstructor","contents":[["Prim"],"Int"]}]},{"tag":"TypeApp","contents":[{"tag":"TypeConstructor","contents":[["Data","Maybe"],"Maybe"]},{"tag":"TypeVar","contents":"a"}]}]},{"tag":"RCons","contents":["genericFromEnum'",{"tag":"TypeApp","contents":[{"tag":"TypeApp","contents":[{"tag":"TypeConstructor","contents":[["Prim"],"Function"]},{"tag":"TypeVar","contents":"a"}]},{"tag":"TypeConstructor","contents":[["Prim"],"Int"]}]},{"tag":"REmpty"}]}]}]}]}}},{"EDClass":{"edClassName":"GenericBoundedEnum","edClassTypeArguments":[["a",null]],"edClassMembers":[[{"Ident":"genericCardinality'"},{"tag":"TypeApp","contents":[{"tag":"TypeConstructor","contents":[["Data","Enum"],"Cardinality"]},{"tag":"TypeVar","contents":"a"}]}],[{"Ident":"genericToEnum'"},{"tag":"TypeApp","contents":[{"tag":"TypeApp","contents":[{"tag":"TypeConstructor","contents":[["Prim"],"Function"]},{"tag":"TypeConstructor","contents":[["Prim"],"Int"]}]},{"tag":"TypeApp","contents":[{"tag":"TypeConstructor","contents":[["Data","Maybe"],"Maybe"]},{"tag":"TypeVar","contents":"a"}]}]}],[{"Ident":"genericFromEnum'"},{"tag":"TypeApp","contents":[{"tag":"TypeApp","contents":[{"tag":"TypeConstructor","contents":[["Prim"],"Function"]},{"tag":"TypeVar","contents":"a"}]},{"tag":"TypeConstructor","contents":[["Prim"],"Int"]}]}]],"edClassConstraints":[],"edFunctionalDependencies":[]}},{"EDType":{"edTypeName":"GenericEnum","edTypeKind":{"tag":"FunKind","contents":[{"tag":"NamedKind","contents":[["Prim"],"Type"]},{"tag":"NamedKind","contents":[["Prim"],"Type"]}]},"edTypeDeclarationKind":"TypeSynonym"}},{"EDTypeSynonym":{"edTypeSynonymName":"GenericEnum","edTypeSynonymArguments":[["a",null]],"edTypeSynonymType":{"tag":"TypeApp","contents":[{"tag":"TypeConstructor","contents":[["Prim"],"Record"]},{"tag":"RCons","contents":["genericPred'",{"tag":"TypeApp","contents":[{"tag":"TypeApp","contents":[{"tag":"TypeConstructor","contents":[["Prim"],"Function"]},{"tag":"TypeVar","contents":"a"}]},{"tag":"TypeApp","contents":[{"tag":"TypeConstructor","contents":[["Data","Maybe"],"Maybe"]},{"tag":"TypeVar","contents":"a"}]}]},{"tag":"RCons","contents":["genericSucc'",{"tag":"TypeApp","contents":[{"tag":"TypeApp","contents":[{"tag":"TypeConstructor","contents":[["Prim"],"Function"]},{"tag":"TypeVar","contents":"a"}]},{"tag":"TypeApp","contents":[{"tag":"TypeConstructor","contents":[["Data","Maybe"],"Maybe"]},{"tag":"TypeVar","contents":"a"}]}]},{"tag":"REmpty"}]}]}]}}},{"EDClass":{"edClassName":"GenericEnum","edClassTypeArguments":[["a",null]],"edClassMembers":[[{"Ident":"genericPred'"},{"tag":"TypeApp","contents":[{"tag":"TypeApp","contents":[{"tag":"TypeConstructor","contents":[["Prim"],"Function"]},{"tag":"TypeVar","contents":"a"}]},{"tag":"TypeApp","contents":[{"tag":"TypeConstructor","contents":[["Data","Maybe"],"Maybe"]},{"tag":"TypeVar","contents":"a"}]}]}],[{"Ident":"genericSucc'"},{"tag":"TypeApp","contents":[{"tag":"TypeApp","contents":[{"tag":"TypeConstructor","contents":[["Prim"],"Function"]},{"tag":"TypeVar","contents":"a"}]},{"tag":"TypeApp","contents":[{"tag":"TypeConstructor","contents":[["Data","Maybe"],"Maybe"]},{"tag":"TypeVar","contents":"a"}]}]}]],"edClassConstraints":[],"edFunctionalDependencies":[]}},{"EDValue":{"edValueName":{"Ident":"genericCardinality"},"edValueType":{"tag":"ForAll","contents":["rep",{"tag":"ForAll","contents":["a",{"tag":"ConstrainedType","contents":[{"constraintClass":[["Data","Generic","Rep"],"Generic"],"constraintArgs":[{"tag":"TypeVar","contents":"a"},{"tag":"TypeVar","contents":"rep"}],"constraintData":null},{"tag":"ConstrainedType","contents":[{"constraintClass":[["Data","Generic","Rep","Enum"],"GenericBoundedEnum"],"constraintArgs":[{"tag":"TypeVar","contents":"rep"}],"constraintData":null},{"tag":"TypeApp","contents":[{"tag":"TypeConstructor","contents":[["Data","Enum"],"Cardinality"]},{"tag":"TypeVar","contents":"a"}]}]}]},53]},54]}}},{"EDValue":{"edValueName":{"Ident":"genericCardinality'"},"edValueType":{"tag":"ForAll","contents":["a",{"tag":"ConstrainedType","contents":[{"constraintClass":[["Data","Generic","Rep","Enum"],"GenericBoundedEnum"],"constraintArgs":[{"tag":"TypeVar","contents":"a"}],"constraintData":null},{"tag":"TypeApp","contents":[{"tag":"TypeConstructor","contents":[["Data","Enum"],"Cardinality"]},{"tag":"TypeVar","contents":"a"}]}]},52]}}},{"EDValue":{"edValueName":{"Ident":"genericFromEnum"},"edValueType":{"tag":"ForAll","contents":["rep",{"tag":"ForAll","contents":["a",{"tag":"ConstrainedType","contents":[{"constraintClass":[["Data","Generic","Rep"],"Generic"],"constraintArgs":[{"tag":"TypeVar","contents":"a"},{"tag":"TypeVar","contents":"rep"}],"constraintData":null},{"tag":"ConstrainedType","contents":[{"constraintClass":[["Data","Generic","Rep","Enum"],"GenericBoundedEnum"],"constraintArgs":[{"tag":"TypeVar","contents":"rep"}],"constraintData":null},{"tag":"TypeApp","contents":[{"tag":"TypeApp","contents":[{"tag":"TypeConstructor","contents":[["Prim"],"Function"]},{"tag":"TypeVar","contents":"a"}]},{"tag":"TypeConstructor","contents":[["Prim"],"Int"]}]}]}]},16]},17]}}},{"EDValue":{"edValueName":{"Ident":"genericFromEnum'"},"edValueType":{"tag":"ForAll","contents":["a",{"tag":"ConstrainedType","contents":[{"constraintClass":[["Data","Generic","Rep","Enum"],"GenericBoundedEnum"],"constraintArgs":[{"tag":"TypeVar","contents":"a"}],"constraintData":null},{"tag":"TypeApp","contents":[{"tag":"TypeApp","contents":[{"tag":"TypeConstructor","contents":[["Prim"],"Function"]},{"tag":"TypeVar","contents":"a"}]},{"tag":"TypeConstructor","contents":[["Prim"],"Int"]}]}]},15]}}},{"EDValue":{"edValueName":{"Ident":"genericPred"},"edValueType":{"tag":"ForAll","contents":["rep",{"tag":"ForAll","contents":["a",{"tag":"ConstrainedType","contents":[{"constraintClass":[["Data","Generic","Rep"],"Generic"],"constraintArgs":[{"tag":"TypeVar","contents":"a"},{"tag":"TypeVar","contents":"rep"}],"constraintData":null},{"tag":"ConstrainedType","contents":[{"constraintClass":[["Data","Generic","Rep","Enum"],"GenericEnum"],"constraintArgs":[{"tag":"TypeVar","contents":"rep"}],"constraintData":null},{"tag":"TypeApp","contents":[{"tag":"TypeApp","contents":[{"tag":"TypeConstructor","contents":[["Prim"],"Function"]},{"tag":"TypeVar","contents":"a"}]},{"tag":"TypeApp","contents":[{"tag":"TypeConstructor","contents":[["Data","Maybe"],"Maybe"]},{"tag":"TypeVar","contents":"a"}]}]}]}]},11]},12]}}},{"EDValue":{"edValueName":{"Ident":"genericPred'"},"edValueType":{"tag":"ForAll","contents":["a",{"tag":"ConstrainedType","contents":[{"constraintClass":[["Data","Generic","Rep","Enum"],"GenericEnum"],"constraintArgs":[{"tag":"TypeVar","contents":"a"}],"constraintData":null},{"tag":"TypeApp","contents":[{"tag":"TypeApp","contents":[{"tag":"TypeConstructor","contents":[["Prim"],"Function"]},{"tag":"TypeVar","contents":"a"}]},{"tag":"TypeApp","contents":[{"tag":"TypeConstructor","contents":[["Data","Maybe"],"Maybe"]},{"tag":"TypeVar","contents":"a"}]}]}]},10]}}},{"EDValue":{"edValueName":{"Ident":"genericSucc"},"edValueType":{"tag":"ForAll","contents":["rep",{"tag":"ForAll","contents":["a",{"tag":"ConstrainedType","contents":[{"constraintClass":[["Data","Generic","Rep"],"Generic"],"constraintArgs":[{"tag":"TypeVar","contents":"a"},{"tag":"TypeVar","contents":"rep"}],"constraintData":null},{"tag":"ConstrainedType","contents":[{"constraintClass":[["Data","Generic","Rep","Enum"],"GenericEnum"],"constraintArgs":[{"tag":"TypeVar","contents":"rep"}],"constraintData":null},{"tag":"TypeApp","contents":[{"tag":"TypeApp","contents":[{"tag":"TypeConstructor","contents":[["Prim"],"Function"]},{"tag":"TypeVar","contents":"a"}]},{"tag":"TypeApp","contents":[{"tag":"TypeConstructor","contents":[["Data","Maybe"],"Maybe"]},{"tag":"TypeVar","contents":"a"}]}]}]}]},6]},7]}}},{"EDValue":{"edValueName":{"Ident":"genericSucc'"},"edValueType":{"tag":"ForAll","contents":["a",{"tag":"ConstrainedType","contents":[{"constraintClass":[["Data","Generic","Rep","Enum"],"GenericEnum"],"constraintArgs":[{"tag":"TypeVar","contents":"a"}],"constraintData":null},{"tag":"TypeApp","contents":[{"tag":"TypeApp","contents":[{"tag":"TypeConstructor","contents":[["Prim"],"Function"]},{"tag":"TypeVar","contents":"a"}]},{"tag":"TypeApp","contents":[{"tag":"TypeConstructor","contents":[["Data","Maybe"],"Maybe"]},{"tag":"TypeVar","contents":"a"}]}]}]},5]}}},{"EDValue":{"edValueName":{"Ident":"genericToEnum"},"edValueType":{"tag":"ForAll","contents":["rep",{"tag":"ForAll","contents":["a",{"tag":"ConstrainedType","contents":[{"constraintClass":[["Data","Generic","Rep"],"Generic"],"constraintArgs":[{"tag":"TypeVar","contents":"a"},{"tag":"TypeVar","contents":"rep"}],"constraintData":null},{"tag":"ConstrainedType","contents":[{"constraintClass":[["Data","Generic","Rep","Enum"],"GenericBoundedEnum"],"constraintArgs":[{"tag":"TypeVar","contents":"rep"}],"constraintData":null},{"tag":"TypeApp","contents":[{"tag":"TypeApp","contents":[{"tag":"TypeConstructor","contents":[["Prim"],"Function"]},{"tag":"TypeConstructor","contents":[["Prim"],"Int"]}]},{"tag":"TypeApp","contents":[{"tag":"TypeConstructor","contents":[["Data","Maybe"],"Maybe"]},{"tag":"TypeVar","contents":"a"}]}]}]}]},1]},2]}}},{"EDValue":{"edValueName":{"Ident":"genericToEnum'"},"edValueType":{"tag":"ForAll","contents":["a",{"tag":"ConstrainedType","contents":[{"constraintClass":[["Data","Generic","Rep","Enum"],"GenericBoundedEnum"],"constraintArgs":[{"tag":"TypeVar","contents":"a"}],"constraintData":null},{"tag":"TypeApp","contents":[{"tag":"TypeApp","contents":[{"tag":"TypeConstructor","contents":[["Prim"],"Function"]},{"tag":"TypeConstructor","contents":[["Prim"],"Int"]}]},{"tag":"TypeApp","contents":[{"tag":"TypeConstructor","contents":[["Data","Maybe"],"Maybe"]},{"tag":"TypeVar","contents":"a"}]}]}]},0]}}},{"EDInstance":{"edInstanceClassName":[["Data","Generic","Rep","Enum"],"GenericEnum"],"edInstanceName":{"Ident":"genericEnumNoArguments"},"edInstanceTypes":[{"tag":"TypeConstructor","contents":[["Data","Generic","Rep"],"NoArguments"]}],"edInstanceConstraints":[]}},{"EDInstance":{"edInstanceClassName":[["Data","Generic","Rep","Enum"],"GenericEnum"],"edInstanceName":{"Ident":"genericEnumArgument"},"edInstanceTypes":[{"tag":"TypeApp","contents":[{"tag":"TypeConstructor","contents":[["Data","Generic","Rep"],"Argument"]},{"tag":"TypeVar","contents":"a"}]}],"edInstanceConstraints":[{"constraintClass":[["Data","Enum"],"Enum"],"constraintArgs":[{"tag":"TypeVar","contents":"a"}],"constraintData":null}]}},{"EDInstance":{"edInstanceClassName":[["Data","Generic","Rep","Enum"],"GenericEnum"],"edInstanceName":{"Ident":"genericEnumConstructor"},"edInstanceTypes":[{"tag":"TypeApp","contents":[{"tag":"TypeApp","contents":[{"tag":"TypeConstructor","contents":[["Data","Generic","Rep"],"Constructor"]},{"tag":"TypeVar","contents":"name"}]},{"tag":"TypeVar","contents":"a"}]}],"edInstanceConstraints":[{"constraintClass":[["Data","Generic","Rep","Enum"],"GenericEnum"],"constraintArgs":[{"tag":"TypeVar","contents":"a"}],"constraintData":null}]}},{"EDInstance":{"edInstanceClassName":[["Data","Generic","Rep","Enum"],"GenericEnum"],"edInstanceName":{"Ident":"genericEnumSum"},"edInstanceTypes":[{"tag":"TypeApp","contents":[{"tag":"TypeApp","contents":[{"tag":"TypeConstructor","contents":[["Data","Generic","Rep"],"Sum"]},{"tag":"TypeVar","contents":"a"}]},{"tag":"TypeVar","contents":"b"}]}],"edInstanceConstraints":[{"constraintClass":[["Data","Generic","Rep","Enum"],"GenericEnum"],"constraintArgs":[{"tag":"TypeVar","contents":"a"}],"constraintData":null},{"constraintClass":[["Data","Generic","Rep","Bounded"],"GenericTop"],"constraintArgs":[{"tag":"TypeVar","contents":"a"}],"constraintData":null},{"constraintClass":[["Data","Generic","Rep","Enum"],"GenericEnum"],"constraintArgs":[{"tag":"TypeVar","contents":"b"}],"constraintData":null},{"constraintClass":[["Data","Generic","Rep","Bounded"],"GenericBottom"],"constraintArgs":[{"tag":"TypeVar","contents":"b"}],"constraintData":null}]}},{"EDInstance":{"edInstanceClassName":[["Data","Generic","Rep","Enum"],"GenericEnum"],"edInstanceName":{"Ident":"genericEnumProduct"},"edInstanceTypes":[{"tag":"TypeApp","contents":[{"tag":"TypeApp","contents":[{"tag":"TypeConstructor","contents":[["Data","Generic","Rep"],"Product"]},{"tag":"TypeVar","contents":"a"}]},{"tag":"TypeVar","contents":"b"}]}],"edInstanceConstraints":[{"constraintClass":[["Data","Generic","Rep","Enum"],"GenericEnum"],"constraintArgs":[{"tag":"TypeVar","contents":"a"}],"constraintData":null},{"constraintClass":[["Data","Generic","Rep","Bounded"],"GenericTop"],"constraintArgs":[{"tag":"TypeVar","contents":"a"}],"constraintData":null},{"constraintClass":[["Data","Generic","Rep","Bounded"],"GenericBottom"],"constraintArgs":[{"tag":"TypeVar","contents":"a"}],"constraintData":null},{"constraintClass":[["Data","Generic","Rep","Enum"],"GenericEnum"],"constraintArgs":[{"tag":"TypeVar","contents":"b"}],"constraintData":null},{"constraintClass":[["Data","Generic","Rep","Bounded"],"GenericTop"],"constraintArgs":[{"tag":"TypeVar","contents":"b"}],"constraintData":null},{"constraintClass":[["Data","Generic","Rep","Bounded"],"GenericBottom"],"constraintArgs":[{"tag":"TypeVar","contents":"b"}],"constraintData":null}]}},{"EDInstance":{"edInstanceClassName":[["Data","Generic","Rep","Enum"],"GenericBoundedEnum"],"edInstanceName":{"Ident":"genericBoundedEnumNoArguments"},"edInstanceTypes":[{"tag":"TypeConstructor","contents":[["Data","Generic","Rep"],"NoArguments"]}],"edInstanceConstraints":[]}},{"EDInstance":{"edInstanceClassName":[["Data","Generic","Rep","Enum"],"GenericBoundedEnum"],"edInstanceName":{"Ident":"genericBoundedEnumArgument"},"edInstanceTypes":[{"tag":"TypeApp","contents":[{"tag":"TypeConstructor","contents":[["Data","Generic","Rep"],"Argument"]},{"tag":"TypeVar","contents":"a"}]}],"edInstanceConstraints":[{"constraintClass":[["Data","Enum"],"BoundedEnum"],"constraintArgs":[{"tag":"TypeVar","contents":"a"}],"constraintData":null}]}},{"EDInstance":{"edInstanceClassName":[["Data","Generic","Rep","Enum"],"GenericBoundedEnum"],"edInstanceName":{"Ident":"genericBoundedEnumConstructor"},"edInstanceTypes":[{"tag":"TypeApp","contents":[{"tag":"TypeApp","contents":[{"tag":"TypeConstructor","contents":[["Data","Generic","Rep"],"Constructor"]},{"tag":"TypeVar","contents":"name"}]},{"tag":"TypeVar","contents":"a"}]}],"edInstanceConstraints":[{"constraintClass":[["Data","Generic","Rep","Enum"],"GenericBoundedEnum"],"constraintArgs":[{"tag":"TypeVar","contents":"a"}],"constraintData":null}]}},{"EDInstance":{"edInstanceClassName":[["Data","Generic","Rep","Enum"],"GenericBoundedEnum"],"edInstanceName":{"Ident":"genericBoundedEnumSum"},"edInstanceTypes":[{"tag":"TypeApp","contents":[{"tag":"TypeApp","contents":[{"tag":"TypeConstructor","contents":[["Data","Generic","Rep"],"Sum"]},{"tag":"TypeVar","contents":"a"}]},{"tag":"TypeVar","contents":"b"}]}],"edInstanceConstraints":[{"constraintClass":[["Data","Generic","Rep","Enum"],"GenericBoundedEnum"],"constraintArgs":[{"tag":"TypeVar","contents":"a"}],"constraintData":null},{"constraintClass":[["Data","Generic","Rep","Enum"],"GenericBoundedEnum"],"constraintArgs":[{"tag":"TypeVar","contents":"b"}],"constraintData":null}]}},{"EDInstance":{"edInstanceClassName":[["Data","Generic","Rep","Enum"],"GenericBoundedEnum"],"edInstanceName":{"Ident":"genericBoundedEnumProduct"},"edInstanceTypes":[{"tag":"TypeApp","contents":[{"tag":"TypeApp","contents":[{"tag":"TypeConstructor","contents":[["Data","Generic","Rep"],"Product"]},{"tag":"TypeVar","contents":"a"}]},{"tag":"TypeVar","contents":"b"}]}],"edInstanceConstraints":[{"constraintClass":[["Data","Generic","Rep","Enum"],"GenericBoundedEnum"],"constraintArgs":[{"tag":"TypeVar","contents":"a"}],"constraintData":null},{"constraintClass":[["Data","Generic","Rep","Enum"],"GenericBoundedEnum"],"constraintArgs":[{"tag":"TypeVar","contents":"b"}],"constraintData":null}]}}],"efSourceSpan":{"start":[1,1],"name":"C:\\Users\\I344006\\purescript\\juspay_rotatecube\\bower_components\\purescript-generics-rep\\src\\Data\\Generic\\Rep\\Enum.purs","end":[118,40]}}