{"efVersion":"0.11.6","efModuleName":["Data","Functor","Product"],"efExports":[{"TypeRef":[{"start":[1,1],"name":"C:\\Users\\I344006\\purescript\\juspay_rotatecube\\bower_components\\purescript-functors\\src\\Data\\Functor\\Product.purs","end":[72,66]},"Product",["Product"]]},{"ValueRef":[{"start":[1,1],"name":"C:\\Users\\I344006\\purescript\\juspay_rotatecube\\bower_components\\purescript-functors\\src\\Data\\Functor\\Product.purs","end":[72,66]},{"Ident":"bihoistProduct"}]},{"ValueRef":[{"start":[1,1],"name":"C:\\Users\\I344006\\purescript\\juspay_rotatecube\\bower_components\\purescript-functors\\src\\Data\\Functor\\Product.purs","end":[72,66]},{"Ident":"product"}]},{"TypeInstanceRef":[{"start":[0,0],"name":"<generated>","end":[0,0]},{"Ident":"newtypeProduct"}]},{"TypeInstanceRef":[{"start":[0,0],"name":"<generated>","end":[0,0]},{"Ident":"eqProduct"}]},{"TypeInstanceRef":[{"start":[0,0],"name":"<generated>","end":[0,0]},{"Ident":"eq1Product"}]},{"TypeInstanceRef":[{"start":[0,0],"name":"<generated>","end":[0,0]},{"Ident":"ordProduct"}]},{"TypeInstanceRef":[{"start":[0,0],"name":"<generated>","end":[0,0]},{"Ident":"ord1Product"}]},{"TypeInstanceRef":[{"start":[0,0],"name":"<generated>","end":[0,0]},{"Ident":"showProduct"}]},{"TypeInstanceRef":[{"start":[0,0],"name":"<generated>","end":[0,0]},{"Ident":"functorProduct"}]},{"TypeInstanceRef":[{"start":[0,0],"name":"<generated>","end":[0,0]},{"Ident":"foldableProduct"}]},{"TypeInstanceRef":[{"start":[0,0],"name":"<generated>","end":[0,0]},{"Ident":"traversableProduct"}]},{"TypeInstanceRef":[{"start":[0,0],"name":"<generated>","end":[0,0]},{"Ident":"applyProduct"}]},{"TypeInstanceRef":[{"start":[0,0],"name":"<generated>","end":[0,0]},{"Ident":"applicativeProduct"}]},{"TypeInstanceRef":[{"start":[0,0],"name":"<generated>","end":[0,0]},{"Ident":"bindProduct"}]},{"TypeInstanceRef":[{"start":[0,0],"name":"<generated>","end":[0,0]},{"Ident":"monadProduct"}]}],"efImports":[{"eiModule":["Prim"],"eiImportType":{"Implicit":[]},"eiImportedAs":null},{"eiModule":["Prim"],"eiImportType":{"Implicit":[]},"eiImportedAs":["Prim"]},{"eiModule":["Prelude"],"eiImportType":{"Implicit":[]},"eiImportedAs":null},{"eiModule":["Control","Apply"],"eiImportType":{"Explicit":[{"ValueRef":[{"start":[5,23],"name":"C:\\Users\\I344006\\purescript\\juspay_rotatecube\\bower_components\\purescript-functors\\src\\Data\\Functor\\Product.purs","end":[5,28]},{"Ident":"lift2"}]}]},"eiImportedAs":null},{"eiModule":["Data","Bifunctor"],"eiImportType":{"Explicit":[{"ValueRef":[{"start":[7,24],"name":"C:\\Users\\I344006\\purescript\\juspay_rotatecube\\bower_components\\purescript-functors\\src\\Data\\Functor\\Product.purs","end":[7,29]},{"Ident":"bimap"}]}]},"eiImportedAs":null},{"eiModule":["Data","Eq"],"eiImportType":{"Explicit":[{"TypeClassRef":[{"start":[8,17],"name":"C:\\Users\\I344006\\purescript\\juspay_rotatecube\\bower_components\\purescript-functors\\src\\Data\\Functor\\Product.purs","end":[8,26]},"Eq1"]},{"ValueRef":[{"start":[8,28],"name":"C:\\Users\\I344006\\purescript\\juspay_rotatecube\\bower_components\\purescript-functors\\src\\Data\\Functor\\Product.purs","end":[8,31]},{"Ident":"eq1"}]}]},"eiImportedAs":null},{"eiModule":["Data","Foldable"],"eiImportType":{"Explicit":[{"TypeClassRef":[{"start":[9,23],"name":"C:\\Users\\I344006\\purescript\\juspay_rotatecube\\bower_components\\purescript-functors\\src\\Data\\Functor\\Product.purs","end":[9,37]},"Foldable"]},{"ValueRef":[{"start":[9,39],"name":"C:\\Users\\I344006\\purescript\\juspay_rotatecube\\bower_components\\purescript-functors\\src\\Data\\Functor\\Product.purs","end":[9,44]},{"Ident":"foldr"}]},{"ValueRef":[{"start":[9,46],"name":"C:\\Users\\I344006\\purescript\\juspay_rotatecube\\bower_components\\purescript-functors\\src\\Data\\Functor\\Product.purs","end":[9,51]},{"Ident":"foldl"}]},{"ValueRef":[{"start":[9,53],"name":"C:\\Users\\I344006\\purescript\\juspay_rotatecube\\bower_components\\purescript-functors\\src\\Data\\Functor\\Product.purs","end":[9,60]},{"Ident":"foldMap"}]}]},"eiImportedAs":null},{"eiModule":["Data","Newtype"],"eiImportType":{"Explicit":[{"TypeClassRef":[{"start":[10,22],"name":"C:\\Users\\I344006\\purescript\\juspay_rotatecube\\bower_components\\purescript-functors\\src\\Data\\Functor\\Product.purs","end":[10,35]},"Newtype"]},{"ValueRef":[{"start":[10,37],"name":"C:\\Users\\I344006\\purescript\\juspay_rotatecube\\bower_components\\purescript-functors\\src\\Data\\Functor\\Product.purs","end":[10,43]},{"Ident":"unwrap"}]}]},"eiImportedAs":null},{"eiModule":["Data","Ord"],"eiImportType":{"Explicit":[{"TypeClassRef":[{"start":[11,18],"name":"C:\\Users\\I344006\\purescript\\juspay_rotatecube\\bower_components\\purescript-functors\\src\\Data\\Functor\\Product.purs","end":[11,28]},"Ord1"]},{"ValueRef":[{"start":[11,30],"name":"C:\\Users\\I344006\\purescript\\juspay_rotatecube\\bower_components\\purescript-functors\\src\\Data\\Functor\\Product.purs","end":[11,38]},{"Ident":"compare1"}]}]},"eiImportedAs":null},{"eiModule":["Data","Traversable"],"eiImportType":{"Explicit":[{"TypeClassRef":[{"start":[12,26],"name":"C:\\Users\\I344006\\purescript\\juspay_rotatecube\\bower_components\\purescript-functors\\src\\Data\\Functor\\Product.purs","end":[12,43]},"Traversable"]},{"ValueRef":[{"start":[12,45],"name":"C:\\Users\\I344006\\purescript\\juspay_rotatecube\\bower_components\\purescript-functors\\src\\Data\\Functor\\Product.purs","end":[12,53]},{"Ident":"traverse"}]},{"ValueRef":[{"start":[12,55],"name":"C:\\Users\\I344006\\purescript\\juspay_rotatecube\\bower_components\\purescript-functors\\src\\Data\\Functor\\Product.purs","end":[12,63]},{"Ident":"sequence"}]}]},"eiImportedAs":null},{"eiModule":["Data","Tuple"],"eiImportType":{"Explicit":[{"TypeRef":[{"start":[13,20],"name":"C:\\Users\\I344006\\purescript\\juspay_rotatecube\\bower_components\\purescript-functors\\src\\Data\\Functor\\Product.purs","end":[13,29]},"Tuple",null]},{"ValueRef":[{"start":[13,31],"name":"C:\\Users\\I344006\\purescript\\juspay_rotatecube\\bower_components\\purescript-functors\\src\\Data\\Functor\\Product.purs","end":[13,34]},{"Ident":"fst"}]},{"ValueRef":[{"start":[13,36],"name":"C:\\Users\\I344006\\purescript\\juspay_rotatecube\\bower_components\\purescript-functors\\src\\Data\\Functor\\Product.purs","end":[13,39]},{"Ident":"snd"}]}]},"eiImportedAs":null}],"efFixities":[],"efTypeFixities":[],"efDeclarations":[{"EDType":{"edTypeName":"Product","edTypeKind":{"tag":"FunKind","contents":[{"tag":"FunKind","contents":[{"tag":"NamedKind","contents":[["Prim"],"Type"]},{"tag":"NamedKind","contents":[["Prim"],"Type"]}]},{"tag":"FunKind","contents":[{"tag":"FunKind","contents":[{"tag":"NamedKind","contents":[["Prim"],"Type"]},{"tag":"NamedKind","contents":[["Prim"],"Type"]}]},{"tag":"FunKind","contents":[{"tag":"NamedKind","contents":[["Prim"],"Type"]},{"tag":"NamedKind","contents":[["Prim"],"Type"]}]}]}]},"edTypeDeclarationKind":{"DataType":{"args":[["f",{"tag":"FunKind","contents":[{"tag":"NamedKind","contents":[["Prim"],"Type"]},{"tag":"NamedKind","contents":[["Prim"],"Type"]}]}],["g",{"tag":"FunKind","contents":[{"tag":"NamedKind","contents":[["Prim"],"Type"]},{"tag":"NamedKind","contents":[["Prim"],"Type"]}]}],["a",{"tag":"NamedKind","contents":[["Prim"],"Type"]}]],"ctors":[["Product",[{"tag":"TypeApp","contents":[{"tag":"TypeApp","contents":[{"tag":"TypeConstructor","contents":[["Data","Tuple"],"Tuple"]},{"tag":"TypeApp","contents":[{"tag":"TypeVar","contents":"f"},{"tag":"TypeVar","contents":"a"}]}]},{"tag":"TypeApp","contents":[{"tag":"TypeVar","contents":"g"},{"tag":"TypeVar","contents":"a"}]}]}]]]}}}},{"EDDataConstructor":{"edDataCtorName":"Product","edDataCtorOrigin":"newtype","edDataCtorTypeCtor":"Product","edDataCtorType":{"tag":"ForAll","contents":["a",{"tag":"ForAll","contents":["g",{"tag":"ForAll","contents":["f",{"tag":"TypeApp","contents":[{"tag":"TypeApp","contents":[{"tag":"TypeConstructor","contents":[["Prim"],"Function"]},{"tag":"TypeApp","contents":[{"tag":"TypeApp","contents":[{"tag":"TypeConstructor","contents":[["Data","Tuple"],"Tuple"]},{"tag":"TypeApp","contents":[{"tag":"TypeVar","contents":"f"},{"tag":"TypeVar","contents":"a"}]}]},{"tag":"TypeApp","contents":[{"tag":"TypeVar","contents":"g"},{"tag":"TypeVar","contents":"a"}]}]}]},{"tag":"TypeApp","contents":[{"tag":"TypeApp","contents":[{"tag":"TypeApp","contents":[{"tag":"TypeConstructor","contents":[["Data","Functor","Product"],"Product"]},{"tag":"TypeVar","contents":"f"}]},{"tag":"TypeVar","contents":"g"}]},{"tag":"TypeVar","contents":"a"}]}]},null]},null]},null]},"edDataCtorFields":[{"Ident":"value0"}]}},{"EDValue":{"edValueName":{"Ident":"bihoistProduct"},"edValueType":{"tag":"ForAll","contents":["i",{"tag":"ForAll","contents":["h",{"tag":"ForAll","contents":["g",{"tag":"ForAll","contents":["f",{"tag":"TypeApp","contents":[{"tag":"TypeApp","contents":[{"tag":"TypeConstructor","contents":[["Prim"],"Function"]},{"tag":"ForAll","contents":["a",{"tag":"TypeApp","contents":[{"tag":"TypeApp","contents":[{"tag":"TypeConstructor","contents":[["Prim"],"Function"]},{"tag":"TypeApp","contents":[{"tag":"TypeVar","contents":"f"},{"tag":"TypeVar","contents":"a"}]}]},{"tag":"TypeApp","contents":[{"tag":"TypeVar","contents":"h"},{"tag":"TypeVar","contents":"a"}]}]},119]}]},{"tag":"TypeApp","contents":[{"tag":"TypeApp","contents":[{"tag":"TypeConstructor","contents":[["Prim"],"Function"]},{"tag":"ForAll","contents":["a",{"tag":"TypeApp","contents":[{"tag":"TypeApp","contents":[{"tag":"TypeConstructor","contents":[["Prim"],"Function"]},{"tag":"TypeApp","contents":[{"tag":"TypeVar","contents":"g"},{"tag":"TypeVar","contents":"a"}]}]},{"tag":"TypeApp","contents":[{"tag":"TypeVar","contents":"i"},{"tag":"TypeVar","contents":"a"}]}]},120]}]},{"tag":"ForAll","contents":["a",{"tag":"TypeApp","contents":[{"tag":"TypeApp","contents":[{"tag":"TypeConstructor","contents":[["Prim"],"Function"]},{"tag":"TypeApp","contents":[{"tag":"TypeApp","contents":[{"tag":"TypeApp","contents":[{"tag":"TypeConstructor","contents":[["Data","Functor","Product"],"Product"]},{"tag":"TypeVar","contents":"f"}]},{"tag":"TypeVar","contents":"g"}]},{"tag":"TypeVar","contents":"a"}]}]},{"tag":"TypeApp","contents":[{"tag":"TypeApp","contents":[{"tag":"TypeApp","contents":[{"tag":"TypeConstructor","contents":[["Data","Functor","Product"],"Product"]},{"tag":"TypeVar","contents":"h"}]},{"tag":"TypeVar","contents":"i"}]},{"tag":"TypeVar","contents":"a"}]}]},121]}]}]},122]},123]},124]},125]}}},{"EDValue":{"edValueName":{"Ident":"product"},"edValueType":{"tag":"ForAll","contents":["a",{"tag":"ForAll","contents":["g",{"tag":"ForAll","contents":["f",{"tag":"TypeApp","contents":[{"tag":"TypeApp","contents":[{"tag":"TypeConstructor","contents":[["Prim"],"Function"]},{"tag":"TypeApp","contents":[{"tag":"TypeVar","contents":"f"},{"tag":"TypeVar","contents":"a"}]}]},{"tag":"TypeApp","contents":[{"tag":"TypeApp","contents":[{"tag":"TypeConstructor","contents":[["Prim"],"Function"]},{"tag":"TypeApp","contents":[{"tag":"TypeVar","contents":"g"},{"tag":"TypeVar","contents":"a"}]}]},{"tag":"TypeApp","contents":[{"tag":"TypeApp","contents":[{"tag":"TypeApp","contents":[{"tag":"TypeConstructor","contents":[["Data","Functor","Product"],"Product"]},{"tag":"TypeVar","contents":"f"}]},{"tag":"TypeVar","contents":"g"}]},{"tag":"TypeVar","contents":"a"}]}]}]},6]},7]},8]}}},{"EDInstance":{"edInstanceClassName":[["Data","Newtype"],"Newtype"],"edInstanceName":{"Ident":"newtypeProduct"},"edInstanceTypes":[{"tag":"TypeApp","contents":[{"tag":"TypeApp","contents":[{"tag":"TypeApp","contents":[{"tag":"TypeConstructor","contents":[["Data","Functor","Product"],"Product"]},{"tag":"TypeVar","contents":"f"}]},{"tag":"TypeVar","contents":"g"}]},{"tag":"TypeVar","contents":"a"}]},{"tag":"TypeApp","contents":[{"tag":"TypeApp","contents":[{"tag":"TypeConstructor","contents":[["Data","Tuple"],"Tuple"]},{"tag":"TypeApp","contents":[{"tag":"TypeVar","contents":"f"},{"tag":"TypeVar","contents":"a"}]}]},{"tag":"TypeApp","contents":[{"tag":"TypeVar","contents":"g"},{"tag":"TypeVar","contents":"a"}]}]}],"edInstanceConstraints":[]}},{"EDInstance":{"edInstanceClassName":[["Data","Eq"],"Eq"],"edInstanceName":{"Ident":"eqProduct"},"edInstanceTypes":[{"tag":"TypeApp","contents":[{"tag":"TypeApp","contents":[{"tag":"TypeApp","contents":[{"tag":"TypeConstructor","contents":[["Data","Functor","Product"],"Product"]},{"tag":"TypeVar","contents":"f"}]},{"tag":"TypeVar","contents":"g"}]},{"tag":"TypeVar","contents":"a"}]}],"edInstanceConstraints":[{"constraintClass":[["Data","Eq"],"Eq1"],"constraintArgs":[{"tag":"TypeVar","contents":"f"}],"constraintData":null},{"constraintClass":[["Data","Eq"],"Eq1"],"constraintArgs":[{"tag":"TypeVar","contents":"g"}],"constraintData":null},{"constraintClass":[["Data","Eq"],"Eq"],"constraintArgs":[{"tag":"TypeVar","contents":"a"}],"constraintData":null}]}},{"EDInstance":{"edInstanceClassName":[["Data","Eq"],"Eq1"],"edInstanceName":{"Ident":"eq1Product"},"edInstanceTypes":[{"tag":"TypeApp","contents":[{"tag":"TypeApp","contents":[{"tag":"TypeConstructor","contents":[["Data","Functor","Product"],"Product"]},{"tag":"TypeVar","contents":"f"}]},{"tag":"TypeVar","contents":"g"}]}],"edInstanceConstraints":[{"constraintClass":[["Data","Eq"],"Eq1"],"constraintArgs":[{"tag":"TypeVar","contents":"f"}],"constraintData":null},{"constraintClass":[["Data","Eq"],"Eq1"],"constraintArgs":[{"tag":"TypeVar","contents":"g"}],"constraintData":null}]}},{"EDInstance":{"edInstanceClassName":[["Data","Ord"],"Ord"],"edInstanceName":{"Ident":"ordProduct"},"edInstanceTypes":[{"tag":"TypeApp","contents":[{"tag":"TypeApp","contents":[{"tag":"TypeApp","contents":[{"tag":"TypeConstructor","contents":[["Data","Functor","Product"],"Product"]},{"tag":"TypeVar","contents":"f"}]},{"tag":"TypeVar","contents":"g"}]},{"tag":"TypeVar","contents":"a"}]}],"edInstanceConstraints":[{"constraintClass":[["Data","Ord"],"Ord1"],"constraintArgs":[{"tag":"TypeVar","contents":"f"}],"constraintData":null},{"constraintClass":[["Data","Ord"],"Ord1"],"constraintArgs":[{"tag":"TypeVar","contents":"g"}],"constraintData":null},{"constraintClass":[["Data","Ord"],"Ord"],"constraintArgs":[{"tag":"TypeVar","contents":"a"}],"constraintData":null}]}},{"EDInstance":{"edInstanceClassName":[["Data","Ord"],"Ord1"],"edInstanceName":{"Ident":"ord1Product"},"edInstanceTypes":[{"tag":"TypeApp","contents":[{"tag":"TypeApp","contents":[{"tag":"TypeConstructor","contents":[["Data","Functor","Product"],"Product"]},{"tag":"TypeVar","contents":"f"}]},{"tag":"TypeVar","contents":"g"}]}],"edInstanceConstraints":[{"constraintClass":[["Data","Ord"],"Ord1"],"constraintArgs":[{"tag":"TypeVar","contents":"f"}],"constraintData":null},{"constraintClass":[["Data","Ord"],"Ord1"],"constraintArgs":[{"tag":"TypeVar","contents":"g"}],"constraintData":null}]}},{"EDInstance":{"edInstanceClassName":[["Data","Show"],"Show"],"edInstanceName":{"Ident":"showProduct"},"edInstanceTypes":[{"tag":"TypeApp","contents":[{"tag":"TypeApp","contents":[{"tag":"TypeApp","contents":[{"tag":"TypeConstructor","contents":[["Data","Functor","Product"],"Product"]},{"tag":"TypeVar","contents":"f"}]},{"tag":"TypeVar","contents":"g"}]},{"tag":"TypeVar","contents":"a"}]}],"edInstanceConstraints":[{"constraintClass":[["Data","Show"],"Show"],"constraintArgs":[{"tag":"TypeApp","contents":[{"tag":"TypeVar","contents":"f"},{"tag":"TypeVar","contents":"a"}]}],"constraintData":null},{"constraintClass":[["Data","Show"],"Show"],"constraintArgs":[{"tag":"TypeApp","contents":[{"tag":"TypeVar","contents":"g"},{"tag":"TypeVar","contents":"a"}]}],"constraintData":null}]}},{"EDInstance":{"edInstanceClassName":[["Data","Functor"],"Functor"],"edInstanceName":{"Ident":"functorProduct"},"edInstanceTypes":[{"tag":"TypeApp","contents":[{"tag":"TypeApp","contents":[{"tag":"TypeConstructor","contents":[["Data","Functor","Product"],"Product"]},{"tag":"TypeVar","contents":"f"}]},{"tag":"TypeVar","contents":"g"}]}],"edInstanceConstraints":[{"constraintClass":[["Data","Functor"],"Functor"],"constraintArgs":[{"tag":"TypeVar","contents":"f"}],"constraintData":null},{"constraintClass":[["Data","Functor"],"Functor"],"constraintArgs":[{"tag":"TypeVar","contents":"g"}],"constraintData":null}]}},{"EDInstance":{"edInstanceClassName":[["Data","Foldable"],"Foldable"],"edInstanceName":{"Ident":"foldableProduct"},"edInstanceTypes":[{"tag":"TypeApp","contents":[{"tag":"TypeApp","contents":[{"tag":"TypeConstructor","contents":[["Data","Functor","Product"],"Product"]},{"tag":"TypeVar","contents":"f"}]},{"tag":"TypeVar","contents":"g"}]}],"edInstanceConstraints":[{"constraintClass":[["Data","Foldable"],"Foldable"],"constraintArgs":[{"tag":"TypeVar","contents":"f"}],"constraintData":null},{"constraintClass":[["Data","Foldable"],"Foldable"],"constraintArgs":[{"tag":"TypeVar","contents":"g"}],"constraintData":null}]}},{"EDInstance":{"edInstanceClassName":[["Data","Traversable"],"Traversable"],"edInstanceName":{"Ident":"traversableProduct"},"edInstanceTypes":[{"tag":"TypeApp","contents":[{"tag":"TypeApp","contents":[{"tag":"TypeConstructor","contents":[["Data","Functor","Product"],"Product"]},{"tag":"TypeVar","contents":"f"}]},{"tag":"TypeVar","contents":"g"}]}],"edInstanceConstraints":[{"constraintClass":[["Data","Traversable"],"Traversable"],"constraintArgs":[{"tag":"TypeVar","contents":"f"}],"constraintData":null},{"constraintClass":[["Data","Traversable"],"Traversable"],"constraintArgs":[{"tag":"TypeVar","contents":"g"}],"constraintData":null}]}},{"EDInstance":{"edInstanceClassName":[["Control","Apply"],"Apply"],"edInstanceName":{"Ident":"applyProduct"},"edInstanceTypes":[{"tag":"TypeApp","contents":[{"tag":"TypeApp","contents":[{"tag":"TypeConstructor","contents":[["Data","Functor","Product"],"Product"]},{"tag":"TypeVar","contents":"f"}]},{"tag":"TypeVar","contents":"g"}]}],"edInstanceConstraints":[{"constraintClass":[["Control","Apply"],"Apply"],"constraintArgs":[{"tag":"TypeVar","contents":"f"}],"constraintData":null},{"constraintClass":[["Control","Apply"],"Apply"],"constraintArgs":[{"tag":"TypeVar","contents":"g"}],"constraintData":null}]}},{"EDInstance":{"edInstanceClassName":[["Control","Applicative"],"Applicative"],"edInstanceName":{"Ident":"applicativeProduct"},"edInstanceTypes":[{"tag":"TypeApp","contents":[{"tag":"TypeApp","contents":[{"tag":"TypeConstructor","contents":[["Data","Functor","Product"],"Product"]},{"tag":"TypeVar","contents":"f"}]},{"tag":"TypeVar","contents":"g"}]}],"edInstanceConstraints":[{"constraintClass":[["Control","Applicative"],"Applicative"],"constraintArgs":[{"tag":"TypeVar","contents":"f"}],"constraintData":null},{"constraintClass":[["Control","Applicative"],"Applicative"],"constraintArgs":[{"tag":"TypeVar","contents":"g"}],"constraintData":null}]}},{"EDInstance":{"edInstanceClassName":[["Control","Bind"],"Bind"],"edInstanceName":{"Ident":"bindProduct"},"edInstanceTypes":[{"tag":"TypeApp","contents":[{"tag":"TypeApp","contents":[{"tag":"TypeConstructor","contents":[["Data","Functor","Product"],"Product"]},{"tag":"TypeVar","contents":"f"}]},{"tag":"TypeVar","contents":"g"}]}],"edInstanceConstraints":[{"constraintClass":[["Control","Bind"],"Bind"],"constraintArgs":[{"tag":"TypeVar","contents":"f"}],"constraintData":null},{"constraintClass":[["Control","Bind"],"Bind"],"constraintArgs":[{"tag":"TypeVar","contents":"g"}],"constraintData":null}]}},{"EDInstance":{"edInstanceClassName":[["Control","Monad"],"Monad"],"edInstanceName":{"Ident":"monadProduct"},"edInstanceTypes":[{"tag":"TypeApp","contents":[{"tag":"TypeApp","contents":[{"tag":"TypeConstructor","contents":[["Data","Functor","Product"],"Product"]},{"tag":"TypeVar","contents":"f"}]},{"tag":"TypeVar","contents":"g"}]}],"edInstanceConstraints":[{"constraintClass":[["Control","Monad"],"Monad"],"constraintArgs":[{"tag":"TypeVar","contents":"f"}],"constraintData":null},{"constraintClass":[["Control","Monad"],"Monad"],"constraintArgs":[{"tag":"TypeVar","contents":"g"}],"constraintData":null}]}}],"efSourceSpan":{"start":[1,1],"name":"C:\\Users\\I344006\\purescript\\juspay_rotatecube\\bower_components\\purescript-functors\\src\\Data\\Functor\\Product.purs","end":[72,66]}}