{"efVersion":"0.11.6","efModuleName":["Data","String","CaseInsensitive"],"efExports":[{"TypeRef":[{"start":[1,1],"name":"C:\\Users\\I344006\\purescript\\juspay_rotatecube\\bower_components\\purescript-strings\\src\\Data\\String\\CaseInsensitiveString.purs","end":[22,79]},"CaseInsensitiveString",["CaseInsensitiveString"]]},{"TypeInstanceRef":[{"start":[0,0],"name":"<generated>","end":[0,0]},{"Ident":"eqCaseInsensitiveString"}]},{"TypeInstanceRef":[{"start":[0,0],"name":"<generated>","end":[0,0]},{"Ident":"ordCaseInsensitiveString"}]},{"TypeInstanceRef":[{"start":[0,0],"name":"<generated>","end":[0,0]},{"Ident":"showCaseInsensitiveString"}]},{"TypeInstanceRef":[{"start":[0,0],"name":"<generated>","end":[0,0]},{"Ident":"newtypeCaseInsensitiveString"}]}],"efImports":[{"eiModule":["Prim"],"eiImportType":{"Implicit":[]},"eiImportedAs":null},{"eiModule":["Prim"],"eiImportType":{"Implicit":[]},"eiImportedAs":["Prim"]},{"eiModule":["Prelude"],"eiImportType":{"Implicit":[]},"eiImportedAs":null},{"eiModule":["Data","Newtype"],"eiImportType":{"Explicit":[{"TypeClassRef":[{"start":[5,22],"name":"C:\\Users\\I344006\\purescript\\juspay_rotatecube\\bower_components\\purescript-strings\\src\\Data\\String\\CaseInsensitiveString.purs","end":[5,35]},"Newtype"]}]},"eiImportedAs":null},{"eiModule":["Data","String"],"eiImportType":{"Explicit":[{"ValueRef":[{"start":[6,21],"name":"C:\\Users\\I344006\\purescript\\juspay_rotatecube\\bower_components\\purescript-strings\\src\\Data\\String\\CaseInsensitiveString.purs","end":[6,28]},{"Ident":"toLower"}]}]},"eiImportedAs":null}],"efFixities":[],"efTypeFixities":[],"efDeclarations":[{"EDType":{"edTypeName":"CaseInsensitiveString","edTypeKind":{"tag":"NamedKind","contents":[["Prim"],"Type"]},"edTypeDeclarationKind":{"DataType":{"args":[],"ctors":[["CaseInsensitiveString",[{"tag":"TypeConstructor","contents":[["Prim"],"String"]}]]]}}}},{"EDDataConstructor":{"edDataCtorName":"CaseInsensitiveString","edDataCtorOrigin":"newtype","edDataCtorTypeCtor":"CaseInsensitiveString","edDataCtorType":{"tag":"TypeApp","contents":[{"tag":"TypeApp","contents":[{"tag":"TypeConstructor","contents":[["Prim"],"Function"]},{"tag":"TypeConstructor","contents":[["Prim"],"String"]}]},{"tag":"TypeConstructor","contents":[["Data","String","CaseInsensitive"],"CaseInsensitiveString"]}]},"edDataCtorFields":[{"Ident":"value0"}]}},{"EDInstance":{"edInstanceClassName":[["Data","Eq"],"Eq"],"edInstanceName":{"Ident":"eqCaseInsensitiveString"},"edInstanceTypes":[{"tag":"TypeConstructor","contents":[["Data","String","CaseInsensitive"],"CaseInsensitiveString"]}],"edInstanceConstraints":[]}},{"EDInstance":{"edInstanceClassName":[["Data","Ord"],"Ord"],"edInstanceName":{"Ident":"ordCaseInsensitiveString"},"edInstanceTypes":[{"tag":"TypeConstructor","contents":[["Data","String","CaseInsensitive"],"CaseInsensitiveString"]}],"edInstanceConstraints":[]}},{"EDInstance":{"edInstanceClassName":[["Data","Show"],"Show"],"edInstanceName":{"Ident":"showCaseInsensitiveString"},"edInstanceTypes":[{"tag":"TypeConstructor","contents":[["Data","String","CaseInsensitive"],"CaseInsensitiveString"]}],"edInstanceConstraints":[]}},{"EDInstance":{"edInstanceClassName":[["Data","Newtype"],"Newtype"],"edInstanceName":{"Ident":"newtypeCaseInsensitiveString"},"edInstanceTypes":[{"tag":"TypeConstructor","contents":[["Data","String","CaseInsensitive"],"CaseInsensitiveString"]},{"tag":"TypeConstructor","contents":[["Prim"],"String"]}],"edInstanceConstraints":[]}}],"efSourceSpan":{"start":[1,1],"name":"C:\\Users\\I344006\\purescript\\juspay_rotatecube\\bower_components\\purescript-strings\\src\\Data\\String\\CaseInsensitiveString.purs","end":[22,79]}}