{"efVersion":"0.11.6","efModuleName":["Control","Monad","Eff","Random"],"efExports":[{"TypeRef":[{"start":[1,1],"name":"C:\\Users\\I344006\\purescript\\juspay_rotatecube\\bower_components\\purescript-random\\src\\Control\\Monad\\Eff\\Random.purs","end":[49,28]},"RANDOM",[]]},{"ValueRef":[{"start":[1,1],"name":"C:\\Users\\I344006\\purescript\\juspay_rotatecube\\bower_components\\purescript-random\\src\\Control\\Monad\\Eff\\Random.purs","end":[49,28]},{"Ident":"random"}]},{"ValueRef":[{"start":[1,1],"name":"C:\\Users\\I344006\\purescript\\juspay_rotatecube\\bower_components\\purescript-random\\src\\Control\\Monad\\Eff\\Random.purs","end":[49,28]},{"Ident":"randomBool"}]},{"ValueRef":[{"start":[1,1],"name":"C:\\Users\\I344006\\purescript\\juspay_rotatecube\\bower_components\\purescript-random\\src\\Control\\Monad\\Eff\\Random.purs","end":[49,28]},{"Ident":"randomInt"}]},{"ValueRef":[{"start":[1,1],"name":"C:\\Users\\I344006\\purescript\\juspay_rotatecube\\bower_components\\purescript-random\\src\\Control\\Monad\\Eff\\Random.purs","end":[49,28]},{"Ident":"randomRange"}]}],"efImports":[{"eiModule":["Prim"],"eiImportType":{"Implicit":[]},"eiImportedAs":null},{"eiModule":["Prim"],"eiImportType":{"Implicit":[]},"eiImportedAs":["Prim"]},{"eiModule":["Prelude"],"eiImportType":{"Implicit":[]},"eiImportedAs":null},{"eiModule":["Control","Monad","Eff"],"eiImportType":{"Explicit":[{"TypeRef":[{"start":[5,27],"name":"C:\\Users\\I344006\\purescript\\juspay_rotatecube\\bower_components\\purescript-random\\src\\Control\\Monad\\Eff\\Random.purs","end":[5,30]},"Eff",[]]},{"KindRef":[{"start":[5,32],"name":"C:\\Users\\I344006\\purescript\\juspay_rotatecube\\bower_components\\purescript-random\\src\\Control\\Monad\\Eff\\Random.purs","end":[5,43]},"Effect"]}]},"eiImportedAs":null},{"eiModule":["Data","Int"],"eiImportType":{"Explicit":[{"ValueRef":[{"start":[7,18],"name":"C:\\Users\\I344006\\purescript\\juspay_rotatecube\\bower_components\\purescript-random\\src\\Control\\Monad\\Eff\\Random.purs","end":[7,26]},{"Ident":"toNumber"}]},{"ValueRef":[{"start":[7,28],"name":"C:\\Users\\I344006\\purescript\\juspay_rotatecube\\bower_components\\purescript-random\\src\\Control\\Monad\\Eff\\Random.purs","end":[7,33]},{"Ident":"floor"}]}]},"eiImportedAs":null}],"efFixities":[],"efTypeFixities":[],"efDeclarations":[{"EDType":{"edTypeName":"RANDOM","edTypeKind":{"tag":"NamedKind","contents":[["Control","Monad","Eff"],"Effect"]},"edTypeDeclarationKind":"ExternData"}},{"EDValue":{"edValueName":{"Ident":"random"},"edValueType":{"tag":"ForAll","contents":["e",{"tag":"TypeApp","contents":[{"tag":"TypeApp","contents":[{"tag":"TypeConstructor","contents":[["Control","Monad","Eff"],"Eff"]},{"tag":"RCons","contents":["random",{"tag":"TypeConstructor","contents":[["Control","Monad","Eff","Random"],"RANDOM"]},{"tag":"TypeVar","contents":"e"}]}]},{"tag":"TypeConstructor","contents":[["Prim"],"Number"]}]},null]}}},{"EDValue":{"edValueName":{"Ident":"randomBool"},"edValueType":{"tag":"ForAll","contents":["e",{"tag":"TypeApp","contents":[{"tag":"TypeApp","contents":[{"tag":"TypeConstructor","contents":[["Control","Monad","Eff"],"Eff"]},{"tag":"RCons","contents":["random",{"tag":"TypeConstructor","contents":[["Control","Monad","Eff","Random"],"RANDOM"]},{"tag":"TypeVar","contents":"e"}]}]},{"tag":"TypeConstructor","contents":[["Prim"],"Boolean"]}]},6]}}},{"EDValue":{"edValueName":{"Ident":"randomInt"},"edValueType":{"tag":"ForAll","contents":["e",{"tag":"TypeApp","contents":[{"tag":"TypeApp","contents":[{"tag":"TypeConstructor","contents":[["Prim"],"Function"]},{"tag":"TypeConstructor","contents":[["Prim"],"Int"]}]},{"tag":"TypeApp","contents":[{"tag":"TypeApp","contents":[{"tag":"TypeConstructor","contents":[["Prim"],"Function"]},{"tag":"TypeConstructor","contents":[["Prim"],"Int"]}]},{"tag":"TypeApp","contents":[{"tag":"TypeApp","contents":[{"tag":"TypeConstructor","contents":[["Control","Monad","Eff"],"Eff"]},{"tag":"RCons","contents":["random",{"tag":"TypeConstructor","contents":[["Control","Monad","Eff","Random"],"RANDOM"]},{"tag":"TypeVar","contents":"e"}]}]},{"tag":"TypeConstructor","contents":[["Prim"],"Int"]}]}]}]},3]}}},{"EDValue":{"edValueName":{"Ident":"randomRange"},"edValueType":{"tag":"ForAll","contents":["e",{"tag":"TypeApp","contents":[{"tag":"TypeApp","contents":[{"tag":"TypeConstructor","contents":[["Prim"],"Function"]},{"tag":"TypeConstructor","contents":[["Prim"],"Number"]}]},{"tag":"TypeApp","contents":[{"tag":"TypeApp","contents":[{"tag":"TypeConstructor","contents":[["Prim"],"Function"]},{"tag":"TypeConstructor","contents":[["Prim"],"Number"]}]},{"tag":"TypeApp","contents":[{"tag":"TypeApp","contents":[{"tag":"TypeConstructor","contents":[["Control","Monad","Eff"],"Eff"]},{"tag":"RCons","contents":["random",{"tag":"TypeConstructor","contents":[["Control","Monad","Eff","Random"],"RANDOM"]},{"tag":"TypeVar","contents":"e"}]}]},{"tag":"TypeConstructor","contents":[["Prim"],"Number"]}]}]}]},0]}}}],"efSourceSpan":{"start":[1,1],"name":"C:\\Users\\I344006\\purescript\\juspay_rotatecube\\bower_components\\purescript-random\\src\\Control\\Monad\\Eff\\Random.purs","end":[49,28]}}