{"efVersion":"0.11.6","efModuleName":["Data","Function"],"efExports":[{"ValueRef":[{"start":[1,1],"name":"C:\\Users\\I344006\\purescript\\juspay_rotatecube\\bower_components\\purescript-prelude\\src\\Data\\Function.purs","end":[89,24]},{"Ident":"apply"}]},{"ValueRef":[{"start":[1,1],"name":"C:\\Users\\I344006\\purescript\\juspay_rotatecube\\bower_components\\purescript-prelude\\src\\Data\\Function.purs","end":[89,24]},{"Ident":"applyFlipped"}]},{"ReExportRef":[{"start":[1,1],"name":"C:\\Users\\I344006\\purescript\\juspay_rotatecube\\bower_components\\purescript-prelude\\src\\Data\\Function.purs","end":[89,24]},["Control","Semigroupoid"],{"ValueRef":[{"start":[1,1],"name":"C:\\Users\\I344006\\purescript\\juspay_rotatecube\\bower_components\\purescript-prelude\\src\\Data\\Function.purs","end":[89,24]},{"Ident":"compose"}]}]},{"ValueRef":[{"start":[1,1],"name":"C:\\Users\\I344006\\purescript\\juspay_rotatecube\\bower_components\\purescript-prelude\\src\\Data\\Function.purs","end":[89,24]},{"Ident":"const"}]},{"ValueRef":[{"start":[1,1],"name":"C:\\Users\\I344006\\purescript\\juspay_rotatecube\\bower_components\\purescript-prelude\\src\\Data\\Function.purs","end":[89,24]},{"Ident":"flip"}]},{"ReExportRef":[{"start":[1,1],"name":"C:\\Users\\I344006\\purescript\\juspay_rotatecube\\bower_components\\purescript-prelude\\src\\Data\\Function.purs","end":[89,24]},["Control","Category"],{"ValueRef":[{"start":[1,1],"name":"C:\\Users\\I344006\\purescript\\juspay_rotatecube\\bower_components\\purescript-prelude\\src\\Data\\Function.purs","end":[89,24]},{"Ident":"id"}]}]},{"ValueRef":[{"start":[1,1],"name":"C:\\Users\\I344006\\purescript\\juspay_rotatecube\\bower_components\\purescript-prelude\\src\\Data\\Function.purs","end":[89,24]},{"Ident":"on"}]},{"ValueOpRef":[{"start":[1,1],"name":"C:\\Users\\I344006\\purescript\\juspay_rotatecube\\bower_components\\purescript-prelude\\src\\Data\\Function.purs","end":[89,24]},"#"]},{"ValueOpRef":[{"start":[1,1],"name":"C:\\Users\\I344006\\purescript\\juspay_rotatecube\\bower_components\\purescript-prelude\\src\\Data\\Function.purs","end":[89,24]},"$"]},{"ReExportRef":[{"start":[1,1],"name":"C:\\Users\\I344006\\purescript\\juspay_rotatecube\\bower_components\\purescript-prelude\\src\\Data\\Function.purs","end":[89,24]},["Control","Semigroupoid"],{"ValueOpRef":[{"start":[1,1],"name":"C:\\Users\\I344006\\purescript\\juspay_rotatecube\\bower_components\\purescript-prelude\\src\\Data\\Function.purs","end":[89,24]},"<<<"]}]},{"ReExportRef":[{"start":[1,1],"name":"C:\\Users\\I344006\\purescript\\juspay_rotatecube\\bower_components\\purescript-prelude\\src\\Data\\Function.purs","end":[89,24]},["Control","Semigroupoid"],{"ValueOpRef":[{"start":[1,1],"name":"C:\\Users\\I344006\\purescript\\juspay_rotatecube\\bower_components\\purescript-prelude\\src\\Data\\Function.purs","end":[89,24]},">>>"]}]},{"ModuleRef":[{"start":[7,5],"name":"C:\\Users\\I344006\\purescript\\juspay_rotatecube\\bower_components\\purescript-prelude\\src\\Data\\Function.purs","end":[7,28]},["Control","Category"]]}],"efImports":[{"eiModule":["Prim"],"eiImportType":{"Implicit":[]},"eiImportedAs":null},{"eiModule":["Prim"],"eiImportType":{"Implicit":[]},"eiImportedAs":["Prim"]},{"eiModule":["Control","Category"],"eiImportType":{"Explicit":[{"ValueRef":[{"start":[10,26],"name":"C:\\Users\\I344006\\purescript\\juspay_rotatecube\\bower_components\\purescript-prelude\\src\\Data\\Function.purs","end":[10,28]},{"Ident":"id"}]},{"ValueRef":[{"start":[10,30],"name":"C:\\Users\\I344006\\purescript\\juspay_rotatecube\\bower_components\\purescript-prelude\\src\\Data\\Function.purs","end":[10,37]},{"Ident":"compose"}]},{"ValueOpRef":[{"start":[10,39],"name":"C:\\Users\\I344006\\purescript\\juspay_rotatecube\\bower_components\\purescript-prelude\\src\\Data\\Function.purs","end":[10,44]},"<<<"]},{"ValueOpRef":[{"start":[10,46],"name":"C:\\Users\\I344006\\purescript\\juspay_rotatecube\\bower_components\\purescript-prelude\\src\\Data\\Function.purs","end":[10,51]},">>>"]}]},"eiImportedAs":null}],"efFixities":[{"efAssociativity":"infixr","efPrecedence":0,"efOperator":"$","efAlias":[["Data","Function"],{"Left":{"Ident":"apply"}}]},{"efAssociativity":"infixl","efPrecedence":1,"efOperator":"#","efAlias":[["Data","Function"],{"Left":{"Ident":"applyFlipped"}}]}],"efTypeFixities":[],"efDeclarations":[{"EDValue":{"edValueName":{"Ident":"apply"},"edValueType":{"tag":"ForAll","contents":["b",{"tag":"ForAll","contents":["a",{"tag":"TypeApp","contents":[{"tag":"TypeApp","contents":[{"tag":"TypeConstructor","contents":[["Prim"],"Function"]},{"tag":"TypeApp","contents":[{"tag":"TypeApp","contents":[{"tag":"TypeConstructor","contents":[["Prim"],"Function"]},{"tag":"TypeVar","contents":"a"}]},{"tag":"TypeVar","contents":"b"}]}]},{"tag":"TypeApp","contents":[{"tag":"TypeApp","contents":[{"tag":"TypeConstructor","contents":[["Prim"],"Function"]},{"tag":"TypeVar","contents":"a"}]},{"tag":"TypeVar","contents":"b"}]}]},20]},21]}}},{"EDValue":{"edValueName":{"Ident":"applyFlipped"},"edValueType":{"tag":"ForAll","contents":["b",{"tag":"ForAll","contents":["a",{"tag":"TypeApp","contents":[{"tag":"TypeApp","contents":[{"tag":"TypeConstructor","contents":[["Prim"],"Function"]},{"tag":"TypeVar","contents":"a"}]},{"tag":"TypeApp","contents":[{"tag":"TypeApp","contents":[{"tag":"TypeConstructor","contents":[["Prim"],"Function"]},{"tag":"TypeApp","contents":[{"tag":"TypeApp","contents":[{"tag":"TypeConstructor","contents":[["Prim"],"Function"]},{"tag":"TypeVar","contents":"a"}]},{"tag":"TypeVar","contents":"b"}]}]},{"tag":"TypeVar","contents":"b"}]}]},16]},17]}}},{"EDValue":{"edValueName":{"Ident":"const"},"edValueType":{"tag":"ForAll","contents":["b",{"tag":"ForAll","contents":["a",{"tag":"TypeApp","contents":[{"tag":"TypeApp","contents":[{"tag":"TypeConstructor","contents":[["Prim"],"Function"]},{"tag":"TypeVar","contents":"a"}]},{"tag":"TypeApp","contents":[{"tag":"TypeApp","contents":[{"tag":"TypeConstructor","contents":[["Prim"],"Function"]},{"tag":"TypeVar","contents":"b"}]},{"tag":"TypeVar","contents":"a"}]}]},12]},13]}}},{"EDValue":{"edValueName":{"Ident":"flip"},"edValueType":{"tag":"ForAll","contents":["c",{"tag":"ForAll","contents":["b",{"tag":"ForAll","contents":["a",{"tag":"TypeApp","contents":[{"tag":"TypeApp","contents":[{"tag":"TypeConstructor","contents":[["Prim"],"Function"]},{"tag":"TypeApp","contents":[{"tag":"TypeApp","contents":[{"tag":"TypeConstructor","contents":[["Prim"],"Function"]},{"tag":"TypeVar","contents":"a"}]},{"tag":"TypeApp","contents":[{"tag":"TypeApp","contents":[{"tag":"TypeConstructor","contents":[["Prim"],"Function"]},{"tag":"TypeVar","contents":"b"}]},{"tag":"TypeVar","contents":"c"}]}]}]},{"tag":"TypeApp","contents":[{"tag":"TypeApp","contents":[{"tag":"TypeConstructor","contents":[["Prim"],"Function"]},{"tag":"TypeVar","contents":"b"}]},{"tag":"TypeApp","contents":[{"tag":"TypeApp","contents":[{"tag":"TypeConstructor","contents":[["Prim"],"Function"]},{"tag":"TypeVar","contents":"a"}]},{"tag":"TypeVar","contents":"c"}]}]}]},6]},7]},8]}}},{"EDValue":{"edValueName":{"Ident":"on"},"edValueType":{"tag":"ForAll","contents":["c",{"tag":"ForAll","contents":["b",{"tag":"ForAll","contents":["a",{"tag":"TypeApp","contents":[{"tag":"TypeApp","contents":[{"tag":"TypeConstructor","contents":[["Prim"],"Function"]},{"tag":"TypeApp","contents":[{"tag":"TypeApp","contents":[{"tag":"TypeConstructor","contents":[["Prim"],"Function"]},{"tag":"TypeVar","contents":"b"}]},{"tag":"TypeApp","contents":[{"tag":"TypeApp","contents":[{"tag":"TypeConstructor","contents":[["Prim"],"Function"]},{"tag":"TypeVar","contents":"b"}]},{"tag":"TypeVar","contents":"c"}]}]}]},{"tag":"TypeApp","contents":[{"tag":"TypeApp","contents":[{"tag":"TypeConstructor","contents":[["Prim"],"Function"]},{"tag":"TypeApp","contents":[{"tag":"TypeApp","contents":[{"tag":"TypeConstructor","contents":[["Prim"],"Function"]},{"tag":"TypeVar","contents":"a"}]},{"tag":"TypeVar","contents":"b"}]}]},{"tag":"TypeApp","contents":[{"tag":"TypeApp","contents":[{"tag":"TypeConstructor","contents":[["Prim"],"Function"]},{"tag":"TypeVar","contents":"a"}]},{"tag":"TypeApp","contents":[{"tag":"TypeApp","contents":[{"tag":"TypeConstructor","contents":[["Prim"],"Function"]},{"tag":"TypeVar","contents":"a"}]},{"tag":"TypeVar","contents":"c"}]}]}]}]},0]},1]},2]}}}],"efSourceSpan":{"start":[1,1],"name":"C:\\Users\\I344006\\purescript\\juspay_rotatecube\\bower_components\\purescript-prelude\\src\\Data\\Function.purs","end":[89,24]}}