{"efVersion":"0.11.6","efModuleName":["Data","DateTime","Gen"],"efExports":[{"ReExportRef":[{"start":[1,1],"name":"C:\\Users\\I344006\\purescript\\juspay_rotatecube\\bower_components\\purescript-datetime\\src\\Data\\DateTime\\Gen.purs","end":[16,40]},["Data","Date","Gen"],{"ValueRef":[{"start":[1,1],"name":"C:\\Users\\I344006\\purescript\\juspay_rotatecube\\bower_components\\purescript-datetime\\src\\Data\\DateTime\\Gen.purs","end":[16,40]},{"Ident":"genDate"}]}]},{"ValueRef":[{"start":[1,1],"name":"C:\\Users\\I344006\\purescript\\juspay_rotatecube\\bower_components\\purescript-datetime\\src\\Data\\DateTime\\Gen.purs","end":[16,40]},{"Ident":"genDateTime"}]},{"ReExportRef":[{"start":[1,1],"name":"C:\\Users\\I344006\\purescript\\juspay_rotatecube\\bower_components\\purescript-datetime\\src\\Data\\DateTime\\Gen.purs","end":[16,40]},["Data","Date","Component","Gen"],{"ValueRef":[{"start":[1,1],"name":"C:\\Users\\I344006\\purescript\\juspay_rotatecube\\bower_components\\purescript-datetime\\src\\Data\\DateTime\\Gen.purs","end":[16,40]},{"Ident":"genDay"}]}]},{"ReExportRef":[{"start":[1,1],"name":"C:\\Users\\I344006\\purescript\\juspay_rotatecube\\bower_components\\purescript-datetime\\src\\Data\\DateTime\\Gen.purs","end":[16,40]},["Data","Time","Component","Gen"],{"ValueRef":[{"start":[1,1],"name":"C:\\Users\\I344006\\purescript\\juspay_rotatecube\\bower_components\\purescript-datetime\\src\\Data\\DateTime\\Gen.purs","end":[16,40]},{"Ident":"genHour"}]}]},{"ReExportRef":[{"start":[1,1],"name":"C:\\Users\\I344006\\purescript\\juspay_rotatecube\\bower_components\\purescript-datetime\\src\\Data\\DateTime\\Gen.purs","end":[16,40]},["Data","Time","Component","Gen"],{"ValueRef":[{"start":[1,1],"name":"C:\\Users\\I344006\\purescript\\juspay_rotatecube\\bower_components\\purescript-datetime\\src\\Data\\DateTime\\Gen.purs","end":[16,40]},{"Ident":"genMillisecond"}]}]},{"ReExportRef":[{"start":[1,1],"name":"C:\\Users\\I344006\\purescript\\juspay_rotatecube\\bower_components\\purescript-datetime\\src\\Data\\DateTime\\Gen.purs","end":[16,40]},["Data","Time","Component","Gen"],{"ValueRef":[{"start":[1,1],"name":"C:\\Users\\I344006\\purescript\\juspay_rotatecube\\bower_components\\purescript-datetime\\src\\Data\\DateTime\\Gen.purs","end":[16,40]},{"Ident":"genMinute"}]}]},{"ReExportRef":[{"start":[1,1],"name":"C:\\Users\\I344006\\purescript\\juspay_rotatecube\\bower_components\\purescript-datetime\\src\\Data\\DateTime\\Gen.purs","end":[16,40]},["Data","Date","Component","Gen"],{"ValueRef":[{"start":[1,1],"name":"C:\\Users\\I344006\\purescript\\juspay_rotatecube\\bower_components\\purescript-datetime\\src\\Data\\DateTime\\Gen.purs","end":[16,40]},{"Ident":"genMonth"}]}]},{"ReExportRef":[{"start":[1,1],"name":"C:\\Users\\I344006\\purescript\\juspay_rotatecube\\bower_components\\purescript-datetime\\src\\Data\\DateTime\\Gen.purs","end":[16,40]},["Data","Time","Component","Gen"],{"ValueRef":[{"start":[1,1],"name":"C:\\Users\\I344006\\purescript\\juspay_rotatecube\\bower_components\\purescript-datetime\\src\\Data\\DateTime\\Gen.purs","end":[16,40]},{"Ident":"genSecond"}]}]},{"ReExportRef":[{"start":[1,1],"name":"C:\\Users\\I344006\\purescript\\juspay_rotatecube\\bower_components\\purescript-datetime\\src\\Data\\DateTime\\Gen.purs","end":[16,40]},["Data","Time","Gen"],{"ValueRef":[{"start":[1,1],"name":"C:\\Users\\I344006\\purescript\\juspay_rotatecube\\bower_components\\purescript-datetime\\src\\Data\\DateTime\\Gen.purs","end":[16,40]},{"Ident":"genTime"}]}]},{"ReExportRef":[{"start":[1,1],"name":"C:\\Users\\I344006\\purescript\\juspay_rotatecube\\bower_components\\purescript-datetime\\src\\Data\\DateTime\\Gen.purs","end":[16,40]},["Data","Date","Component","Gen"],{"ValueRef":[{"start":[1,1],"name":"C:\\Users\\I344006\\purescript\\juspay_rotatecube\\bower_components\\purescript-datetime\\src\\Data\\DateTime\\Gen.purs","end":[16,40]},{"Ident":"genWeekday"}]}]},{"ReExportRef":[{"start":[1,1],"name":"C:\\Users\\I344006\\purescript\\juspay_rotatecube\\bower_components\\purescript-datetime\\src\\Data\\DateTime\\Gen.purs","end":[16,40]},["Data","Date","Component","Gen"],{"ValueRef":[{"start":[1,1],"name":"C:\\Users\\I344006\\purescript\\juspay_rotatecube\\bower_components\\purescript-datetime\\src\\Data\\DateTime\\Gen.purs","end":[16,40]},{"Ident":"genYear"}]}]},{"ModuleRef":[{"start":[3,5],"name":"C:\\Users\\I344006\\purescript\\juspay_rotatecube\\bower_components\\purescript-datetime\\src\\Data\\DateTime\\Gen.purs","end":[3,25]},["Data","Date","Gen"]]},{"ModuleRef":[{"start":[4,5],"name":"C:\\Users\\I344006\\purescript\\juspay_rotatecube\\bower_components\\purescript-datetime\\src\\Data\\DateTime\\Gen.purs","end":[4,25]},["Data","Time","Gen"]]}],"efImports":[{"eiModule":["Prim"],"eiImportType":{"Implicit":[]},"eiImportedAs":null},{"eiModule":["Prim"],"eiImportType":{"Implicit":[]},"eiImportedAs":["Prim"]},{"eiModule":["Prelude"],"eiImportType":{"Implicit":[]},"eiImportedAs":null},{"eiModule":["Control","Monad","Gen"],"eiImportType":{"Explicit":[{"TypeClassRef":[{"start":[8,27],"name":"C:\\Users\\I344006\\purescript\\juspay_rotatecube\\bower_components\\purescript-datetime\\src\\Data\\DateTime\\Gen.purs","end":[8,41]},"MonadGen"]}]},"eiImportedAs":null},{"eiModule":["Data","Date","Gen"],"eiImportType":{"Explicit":[{"ValueRef":[{"start":[9,23],"name":"C:\\Users\\I344006\\purescript\\juspay_rotatecube\\bower_components\\purescript-datetime\\src\\Data\\DateTime\\Gen.purs","end":[9,30]},{"Ident":"genDate"}]},{"ValueRef":[{"start":[9,32],"name":"C:\\Users\\I344006\\purescript\\juspay_rotatecube\\bower_components\\purescript-datetime\\src\\Data\\DateTime\\Gen.purs","end":[9,38]},{"Ident":"genDay"}]},{"ValueRef":[{"start":[9,40],"name":"C:\\Users\\I344006\\purescript\\juspay_rotatecube\\bower_components\\purescript-datetime\\src\\Data\\DateTime\\Gen.purs","end":[9,48]},{"Ident":"genMonth"}]},{"ValueRef":[{"start":[9,50],"name":"C:\\Users\\I344006\\purescript\\juspay_rotatecube\\bower_components\\purescript-datetime\\src\\Data\\DateTime\\Gen.purs","end":[9,60]},{"Ident":"genWeekday"}]},{"ValueRef":[{"start":[9,62],"name":"C:\\Users\\I344006\\purescript\\juspay_rotatecube\\bower_components\\purescript-datetime\\src\\Data\\DateTime\\Gen.purs","end":[9,69]},{"Ident":"genYear"}]}]},"eiImportedAs":null},{"eiModule":["Data","DateTime"],"eiImportType":{"Explicit":[{"TypeRef":[{"start":[10,23],"name":"C:\\Users\\I344006\\purescript\\juspay_rotatecube\\bower_components\\purescript-datetime\\src\\Data\\DateTime\\Gen.purs","end":[10,35]},"DateTime",null]}]},"eiImportedAs":null},{"eiModule":["Data","Time","Gen"],"eiImportType":{"Explicit":[{"ValueRef":[{"start":[11,23],"name":"C:\\Users\\I344006\\purescript\\juspay_rotatecube\\bower_components\\purescript-datetime\\src\\Data\\DateTime\\Gen.purs","end":[11,30]},{"Ident":"genHour"}]},{"ValueRef":[{"start":[11,32],"name":"C:\\Users\\I344006\\purescript\\juspay_rotatecube\\bower_components\\purescript-datetime\\src\\Data\\DateTime\\Gen.purs","end":[11,46]},{"Ident":"genMillisecond"}]},{"ValueRef":[{"start":[11,48],"name":"C:\\Users\\I344006\\purescript\\juspay_rotatecube\\bower_components\\purescript-datetime\\src\\Data\\DateTime\\Gen.purs","end":[11,57]},{"Ident":"genMinute"}]},{"ValueRef":[{"start":[11,59],"name":"C:\\Users\\I344006\\purescript\\juspay_rotatecube\\bower_components\\purescript-datetime\\src\\Data\\DateTime\\Gen.purs","end":[11,68]},{"Ident":"genSecond"}]},{"ValueRef":[{"start":[11,70],"name":"C:\\Users\\I344006\\purescript\\juspay_rotatecube\\bower_components\\purescript-datetime\\src\\Data\\DateTime\\Gen.purs","end":[11,77]},{"Ident":"genTime"}]}]},"eiImportedAs":null}],"efFixities":[],"efTypeFixities":[],"efDeclarations":[{"EDValue":{"edValueName":{"Ident":"genDateTime"},"edValueType":{"tag":"ForAll","contents":["m",{"tag":"ConstrainedType","contents":[{"constraintClass":[["Control","Monad","Gen","Class"],"MonadGen"],"constraintArgs":[{"tag":"TypeVar","contents":"m"}],"constraintData":null},{"tag":"TypeApp","contents":[{"tag":"TypeVar","contents":"m"},{"tag":"TypeConstructor","contents":[["Data","DateTime"],"DateTime"]}]}]},0]}}}],"efSourceSpan":{"start":[1,1],"name":"C:\\Users\\I344006\\purescript\\juspay_rotatecube\\bower_components\\purescript-datetime\\src\\Data\\DateTime\\Gen.purs","end":[16,40]}}