{"efVersion":"0.11.6","efModuleName":["Data","HTTP","Method"],"efExports":[{"TypeRef":[{"start":[1,1],"name":"C:\\Users\\I344006\\purescript\\juspay_rotatecube\\bower_components\\purescript-http-methods\\src\\Data\\HTTP\\Method.purs","end":[93,21]},"CustomMethod",[]]},{"TypeRef":[{"start":[1,1],"name":"C:\\Users\\I344006\\purescript\\juspay_rotatecube\\bower_components\\purescript-http-methods\\src\\Data\\HTTP\\Method.purs","end":[93,21]},"Method",["OPTIONS","GET","HEAD","POST","PUT","DELETE","TRACE","CONNECT","PROPFIND","PROPPATCH","MKCOL","COPY","MOVE","LOCK","UNLOCK","PATCH"]]},{"ValueRef":[{"start":[1,1],"name":"C:\\Users\\I344006\\purescript\\juspay_rotatecube\\bower_components\\purescript-http-methods\\src\\Data\\HTTP\\Method.purs","end":[93,21]},{"Ident":"fromString"}]},{"ValueRef":[{"start":[1,1],"name":"C:\\Users\\I344006\\purescript\\juspay_rotatecube\\bower_components\\purescript-http-methods\\src\\Data\\HTTP\\Method.purs","end":[93,21]},{"Ident":"print"}]},{"ValueRef":[{"start":[1,1],"name":"C:\\Users\\I344006\\purescript\\juspay_rotatecube\\bower_components\\purescript-http-methods\\src\\Data\\HTTP\\Method.purs","end":[93,21]},{"Ident":"unCustomMethod"}]},{"TypeInstanceRef":[{"start":[0,0],"name":"<generated>","end":[0,0]},{"Ident":"eqMethod"}]},{"TypeInstanceRef":[{"start":[0,0],"name":"<generated>","end":[0,0]},{"Ident":"ordMethod"}]},{"TypeInstanceRef":[{"start":[0,0],"name":"<generated>","end":[0,0]},{"Ident":"genericMethod"}]},{"TypeInstanceRef":[{"start":[0,0],"name":"<generated>","end":[0,0]},{"Ident":"showMethod"}]},{"TypeInstanceRef":[{"start":[0,0],"name":"<generated>","end":[0,0]},{"Ident":"eqCustomMethod"}]},{"TypeInstanceRef":[{"start":[0,0],"name":"<generated>","end":[0,0]},{"Ident":"ordCustomMethod"}]},{"TypeInstanceRef":[{"start":[0,0],"name":"<generated>","end":[0,0]},{"Ident":"genericCustomMethod"}]},{"TypeInstanceRef":[{"start":[0,0],"name":"<generated>","end":[0,0]},{"Ident":"showCustomMethod"}]}],"efImports":[{"eiModule":["Prim"],"eiImportType":{"Implicit":[]},"eiImportedAs":null},{"eiModule":["Prim"],"eiImportType":{"Implicit":[]},"eiImportedAs":["Prim"]},{"eiModule":["Prelude"],"eiImportType":{"Implicit":[]},"eiImportedAs":null},{"eiModule":["Data","Either"],"eiImportType":{"Explicit":[{"TypeRef":[{"start":[11,21],"name":"C:\\Users\\I344006\\purescript\\juspay_rotatecube\\bower_components\\purescript-http-methods\\src\\Data\\HTTP\\Method.purs","end":[11,31]},"Either",null]},{"ValueRef":[{"start":[11,33],"name":"C:\\Users\\I344006\\purescript\\juspay_rotatecube\\bower_components\\purescript-http-methods\\src\\Data\\HTTP\\Method.purs","end":[11,39]},{"Ident":"either"}]}]},"eiImportedAs":null},{"eiModule":["Data","Generic"],"eiImportType":{"Explicit":[{"TypeClassRef":[{"start":[12,22],"name":"C:\\Users\\I344006\\purescript\\juspay_rotatecube\\bower_components\\purescript-http-methods\\src\\Data\\HTTP\\Method.purs","end":[12,35]},"Generic"]}]},"eiImportedAs":null},{"eiModule":["Data","String"],"eiImportType":{"Implicit":[]},"eiImportedAs":["Str"]}],"efFixities":[],"efTypeFixities":[],"efDeclarations":[{"EDType":{"edTypeName":"CustomMethod","edTypeKind":{"tag":"NamedKind","contents":[["Prim"],"Type"]},"edTypeDeclarationKind":{"DataType":{"args":[],"ctors":[["CustomMethod",[{"tag":"TypeConstructor","contents":[["Prim"],"String"]}]]]}}}},{"EDType":{"edTypeName":"Method","edTypeKind":{"tag":"NamedKind","contents":[["Prim"],"Type"]},"edTypeDeclarationKind":{"DataType":{"args":[],"ctors":[["OPTIONS",[]],["GET",[]],["HEAD",[]],["POST",[]],["PUT",[]],["DELETE",[]],["TRACE",[]],["CONNECT",[]],["PROPFIND",[]],["PROPPATCH",[]],["MKCOL",[]],["COPY",[]],["MOVE",[]],["LOCK",[]],["UNLOCK",[]],["PATCH",[]]]}}}},{"EDDataConstructor":{"edDataCtorName":"OPTIONS","edDataCtorOrigin":"data","edDataCtorTypeCtor":"Method","edDataCtorType":{"tag":"TypeConstructor","contents":[["Data","HTTP","Method"],"Method"]},"edDataCtorFields":[]}},{"EDDataConstructor":{"edDataCtorName":"GET","edDataCtorOrigin":"data","edDataCtorTypeCtor":"Method","edDataCtorType":{"tag":"TypeConstructor","contents":[["Data","HTTP","Method"],"Method"]},"edDataCtorFields":[]}},{"EDDataConstructor":{"edDataCtorName":"HEAD","edDataCtorOrigin":"data","edDataCtorTypeCtor":"Method","edDataCtorType":{"tag":"TypeConstructor","contents":[["Data","HTTP","Method"],"Method"]},"edDataCtorFields":[]}},{"EDDataConstructor":{"edDataCtorName":"POST","edDataCtorOrigin":"data","edDataCtorTypeCtor":"Method","edDataCtorType":{"tag":"TypeConstructor","contents":[["Data","HTTP","Method"],"Method"]},"edDataCtorFields":[]}},{"EDDataConstructor":{"edDataCtorName":"PUT","edDataCtorOrigin":"data","edDataCtorTypeCtor":"Method","edDataCtorType":{"tag":"TypeConstructor","contents":[["Data","HTTP","Method"],"Method"]},"edDataCtorFields":[]}},{"EDDataConstructor":{"edDataCtorName":"DELETE","edDataCtorOrigin":"data","edDataCtorTypeCtor":"Method","edDataCtorType":{"tag":"TypeConstructor","contents":[["Data","HTTP","Method"],"Method"]},"edDataCtorFields":[]}},{"EDDataConstructor":{"edDataCtorName":"TRACE","edDataCtorOrigin":"data","edDataCtorTypeCtor":"Method","edDataCtorType":{"tag":"TypeConstructor","contents":[["Data","HTTP","Method"],"Method"]},"edDataCtorFields":[]}},{"EDDataConstructor":{"edDataCtorName":"CONNECT","edDataCtorOrigin":"data","edDataCtorTypeCtor":"Method","edDataCtorType":{"tag":"TypeConstructor","contents":[["Data","HTTP","Method"],"Method"]},"edDataCtorFields":[]}},{"EDDataConstructor":{"edDataCtorName":"PROPFIND","edDataCtorOrigin":"data","edDataCtorTypeCtor":"Method","edDataCtorType":{"tag":"TypeConstructor","contents":[["Data","HTTP","Method"],"Method"]},"edDataCtorFields":[]}},{"EDDataConstructor":{"edDataCtorName":"PROPPATCH","edDataCtorOrigin":"data","edDataCtorTypeCtor":"Method","edDataCtorType":{"tag":"TypeConstructor","contents":[["Data","HTTP","Method"],"Method"]},"edDataCtorFields":[]}},{"EDDataConstructor":{"edDataCtorName":"MKCOL","edDataCtorOrigin":"data","edDataCtorTypeCtor":"Method","edDataCtorType":{"tag":"TypeConstructor","contents":[["Data","HTTP","Method"],"Method"]},"edDataCtorFields":[]}},{"EDDataConstructor":{"edDataCtorName":"COPY","edDataCtorOrigin":"data","edDataCtorTypeCtor":"Method","edDataCtorType":{"tag":"TypeConstructor","contents":[["Data","HTTP","Method"],"Method"]},"edDataCtorFields":[]}},{"EDDataConstructor":{"edDataCtorName":"MOVE","edDataCtorOrigin":"data","edDataCtorTypeCtor":"Method","edDataCtorType":{"tag":"TypeConstructor","contents":[["Data","HTTP","Method"],"Method"]},"edDataCtorFields":[]}},{"EDDataConstructor":{"edDataCtorName":"LOCK","edDataCtorOrigin":"data","edDataCtorTypeCtor":"Method","edDataCtorType":{"tag":"TypeConstructor","contents":[["Data","HTTP","Method"],"Method"]},"edDataCtorFields":[]}},{"EDDataConstructor":{"edDataCtorName":"UNLOCK","edDataCtorOrigin":"data","edDataCtorTypeCtor":"Method","edDataCtorType":{"tag":"TypeConstructor","contents":[["Data","HTTP","Method"],"Method"]},"edDataCtorFields":[]}},{"EDDataConstructor":{"edDataCtorName":"PATCH","edDataCtorOrigin":"data","edDataCtorTypeCtor":"Method","edDataCtorType":{"tag":"TypeConstructor","contents":[["Data","HTTP","Method"],"Method"]},"edDataCtorFields":[]}},{"EDValue":{"edValueName":{"Ident":"fromString"},"edValueType":{"tag":"TypeApp","contents":[{"tag":"TypeApp","contents":[{"tag":"TypeConstructor","contents":[["Prim"],"Function"]},{"tag":"TypeConstructor","contents":[["Prim"],"String"]}]},{"tag":"TypeApp","contents":[{"tag":"TypeApp","contents":[{"tag":"TypeConstructor","contents":[["Data","Either"],"Either"]},{"tag":"TypeConstructor","contents":[["Data","HTTP","Method"],"Method"]}]},{"tag":"TypeConstructor","contents":[["Data","HTTP","Method"],"CustomMethod"]}]}]}}},{"EDValue":{"edValueName":{"Ident":"print"},"edValueType":{"tag":"TypeApp","contents":[{"tag":"TypeApp","contents":[{"tag":"TypeConstructor","contents":[["Prim"],"Function"]},{"tag":"TypeApp","contents":[{"tag":"TypeApp","contents":[{"tag":"TypeConstructor","contents":[["Data","Either"],"Either"]},{"tag":"TypeConstructor","contents":[["Data","HTTP","Method"],"Method"]}]},{"tag":"TypeConstructor","contents":[["Data","HTTP","Method"],"CustomMethod"]}]}]},{"tag":"TypeConstructor","contents":[["Prim"],"String"]}]}}},{"EDValue":{"edValueName":{"Ident":"unCustomMethod"},"edValueType":{"tag":"TypeApp","contents":[{"tag":"TypeApp","contents":[{"tag":"TypeConstructor","contents":[["Prim"],"Function"]},{"tag":"TypeConstructor","contents":[["Data","HTTP","Method"],"CustomMethod"]}]},{"tag":"TypeConstructor","contents":[["Prim"],"String"]}]}}},{"EDInstance":{"edInstanceClassName":[["Data","Eq"],"Eq"],"edInstanceName":{"Ident":"eqMethod"},"edInstanceTypes":[{"tag":"TypeConstructor","contents":[["Data","HTTP","Method"],"Method"]}],"edInstanceConstraints":[]}},{"EDInstance":{"edInstanceClassName":[["Data","Ord"],"Ord"],"edInstanceName":{"Ident":"ordMethod"},"edInstanceTypes":[{"tag":"TypeConstructor","contents":[["Data","HTTP","Method"],"Method"]}],"edInstanceConstraints":[]}},{"EDInstance":{"edInstanceClassName":[["Data","Generic"],"Generic"],"edInstanceName":{"Ident":"genericMethod"},"edInstanceTypes":[{"tag":"TypeConstructor","contents":[["Data","HTTP","Method"],"Method"]}],"edInstanceConstraints":[]}},{"EDInstance":{"edInstanceClassName":[["Data","Show"],"Show"],"edInstanceName":{"Ident":"showMethod"},"edInstanceTypes":[{"tag":"TypeConstructor","contents":[["Data","HTTP","Method"],"Method"]}],"edInstanceConstraints":[]}},{"EDInstance":{"edInstanceClassName":[["Data","Eq"],"Eq"],"edInstanceName":{"Ident":"eqCustomMethod"},"edInstanceTypes":[{"tag":"TypeConstructor","contents":[["Data","HTTP","Method"],"CustomMethod"]}],"edInstanceConstraints":[]}},{"EDInstance":{"edInstanceClassName":[["Data","Ord"],"Ord"],"edInstanceName":{"Ident":"ordCustomMethod"},"edInstanceTypes":[{"tag":"TypeConstructor","contents":[["Data","HTTP","Method"],"CustomMethod"]}],"edInstanceConstraints":[]}},{"EDInstance":{"edInstanceClassName":[["Data","Generic"],"Generic"],"edInstanceName":{"Ident":"genericCustomMethod"},"edInstanceTypes":[{"tag":"TypeConstructor","contents":[["Data","HTTP","Method"],"CustomMethod"]}],"edInstanceConstraints":[]}},{"EDInstance":{"edInstanceClassName":[["Data","Show"],"Show"],"edInstanceName":{"Ident":"showCustomMethod"},"edInstanceTypes":[{"tag":"TypeConstructor","contents":[["Data","HTTP","Method"],"CustomMethod"]}],"edInstanceConstraints":[]}}],"efSourceSpan":{"start":[1,1],"name":"C:\\Users\\I344006\\purescript\\juspay_rotatecube\\bower_components\\purescript-http-methods\\src\\Data\\HTTP\\Method.purs","end":[93,21]}}